球団,日付,1番,2番,3番,4番,5番,6番,7番,8番,9番
阪神,3月28日(金),近本 光司,中野 拓夢,佐藤 輝明,森下 翔太,大山 悠輔,前川 右京,坂本 誠志郎,木浪 聖也,村上 頌樹
阪神,3月29日(土),近本 光司,中野 拓夢,佐藤 輝明,森下 翔太,大山 悠輔,前川 右京,坂本 誠志郎,木浪 聖也,富田 蓮
阪神,3月30日(日),近本 光司,中野 拓夢,佐藤 輝明,森下 翔太,大山 悠輔,前川 右京,梅野 隆太郎,木浪 聖也,門別 啓人
阪神,4月1日(火),近本 光司,中野 拓夢,佐藤 輝明,森下 翔太,大山 悠輔,井上 広大,木浪 聖也,坂本 誠志郎,才木 浩人
阪神,4月2日(水),近本 光司,中野 拓夢,佐藤 輝明,森下 翔太,大山 悠輔,前川 右京,木浪 聖也,梅野 隆太郎,ビーズリー
阪神,4月3日(木),近本 光司,中野 拓夢,佐藤 輝明,森下 翔太,大山 悠輔,前川 右京,榮枝 裕貴,小幡 竜平,デュプランティエ
阪神,4月4日(金),近本 光司,中野 拓夢,佐藤 輝明,森下 翔太,大山 悠輔,前川 右京,木浪 聖也,坂本 誠志郎,村上 頌樹
阪神,4月5日(土),近本 光司,中野 拓夢,佐藤 輝明,森下 翔太,大山 悠輔,前川 右京,木浪 聖也,坂本 誠志郎,富田 蓮
阪神,4月6日(日),近本 光司,中野 拓夢,佐藤 輝明,森下 翔太,大山 悠輔,前川 右京,木浪 聖也,梅野 隆太郎,門別 啓人
阪神,4月8日(火),近本 光司,中野 拓夢,渡邉 諒,森下 翔太,大山 悠輔,前川 右京,梅野 隆太郎,木浪 聖也,才木 浩人
阪神,4月9日(水),近本 光司,中野 拓夢,森下 翔太,大山 悠輔,前川 右京,木浪 聖也,梅野 隆太郎,小幡 竜平,ビーズリー
阪神,4月11日(金),近本 光司,中野 拓夢,佐藤 輝明,森下 翔太,大山 悠輔,前川 右京,木浪 聖也,坂本 誠志郎,村上 頌樹
阪神,4月12日(土),近本 光司,中野 拓夢,佐藤 輝明,森下 翔太,大山 悠輔,前川 右京,坂本 誠志郎,木浪 聖也,西 勇輝
阪神,4月15日(火),近本 光司,中野 拓夢,森下 翔太,佐藤 輝明,大山 悠輔,前川 右京,梅野 隆太郎,木浪 聖也,才木 浩人
阪神,4月17日(木),近本 光司,中野 拓夢,森下 翔太,佐藤 輝明,大山 悠輔,前川 右京,梅野 隆太郎,木浪 聖也,ビーズリー
阪神,4月18日(金),近本 光司,小幡 竜平,森下 翔太,佐藤 輝明,大山 悠輔,前川 右京,坂本 誠志郎,中野 拓夢,村上 頌樹
阪神,4月19日(土),近本 光司,中野 拓夢,森下 翔太,佐藤 輝明,大山 悠輔,前川 右京,坂本 誠志郎,木浪 聖也,デュプランティエ
阪神,4月20日(日),近本 光司,中野 拓夢,森下 翔太,佐藤 輝明,大山 悠輔,前川 右京,坂本 誠志郎,小幡 竜平,伊原 陵人
阪神,4月22日(火),近本 光司,中野 拓夢,森下 翔太,佐藤 輝明,大山 悠輔,前川 右京,梅野 隆太郎,小幡 竜平,才木 浩人
阪神,4月23日(水),近本 光司,中野 拓夢,森下 翔太,佐藤 輝明,大山 悠輔,前川 右京,梅野 隆太郎,小幡 竜平,門別 啓人
阪神,4月24日(木),近本 光司,中野 拓夢,森下 翔太,佐藤 輝明,大山 悠輔,前川 右京,坂本 誠志郎,小幡 竜平,富田 蓮
阪神,4月25日(金),近本 光司,中野 拓夢,森下 翔太,佐藤 輝明,大山 悠輔,前川 右京,坂本 誠志郎,小幡 竜平,村上 頌樹
阪神,4月26日(土),近本 光司,中野 拓夢,森下 翔太,佐藤 輝明,大山 悠輔,前川 右京,坂本 誠志郎,小幡 竜平,デュプランティエ
阪神,4月27日(日),近本 光司,中野 拓夢,森下 翔太,佐藤 輝明,大山 悠輔,前川 右京,坂本 誠志郎,小幡 竜平,伊原 陵人
阪神,4月29日(火),近本 光司,中野 拓夢,森下 翔太,佐藤 輝明,大山 悠輔,前川 右京,梅野 隆太郎,小幡 竜平,才木 浩人
阪神,4月30日(水),近本 光司,中野 拓夢,森下 翔太,佐藤 輝明,大山 悠輔,前川 右京,坂本 誠志郎,小幡 竜平,門別 啓人
阪神,5月1日(木),近本 光司,中野 拓夢,森下 翔太,佐藤 輝明,大山 悠輔,前川 右京,坂本 誠志郎,小幡 竜平,大竹 耕太郎
阪神,5月2日(金),近本 光司,中野 拓夢,森下 翔太,佐藤 輝明,大山 悠輔,前川 右京,坂本 誠志郎,小幡 竜平,村上 頌樹
阪神,5月3日(土),近本 光司,中野 拓夢,森下 翔太,佐藤 輝明,大山 悠輔,前川 右京,坂本 誠志郎,小幡 竜平,デュプランティエ
阪神,5月4日(日),近本 光司,中野 拓夢,森下 翔太,佐藤 輝明,大山 悠輔,前川 右京,坂本 誠志郎,小幡 竜平,伊原 陵人
阪神,5月5日(月),近本 光司,中野 拓夢,森下 翔太,佐藤 輝明,大山 悠輔,前川 右京,坂本 誠志郎,小幡 竜平,富田 蓮
阪神,5月6日(火),近本 光司,中野 拓夢,森下 翔太,佐藤 輝明,大山 悠輔,小幡 竜平,中川 勇斗,梅野 隆太郎,才木 浩人
阪神,5月7日(水),近本 光司,中野 拓夢,森下 翔太,佐藤 輝明,大山 悠輔,前川 右京,梅野 隆太郎,小幡 竜平,門別 啓人
阪神,5月10日(土),近本 光司,中野 拓夢,森下 翔太,佐藤 輝明,大山 悠輔,小幡 竜平,坂本 誠志郎,前川 右京,村上 頌樹
阪神,5月11日(日),近本 光司,中野 拓夢,森下 翔太,佐藤 輝明,大山 悠輔,中川 勇斗,小幡 竜平,坂本 誠志郎,伊原 陵人
阪神,5月13日(火),近本 光司,中野 拓夢,森下 翔太,佐藤 輝明,大山 悠輔,髙寺 望夢,梅野 隆太郎,中川 勇斗,才木 浩人
阪神,5月15日(木),近本 光司,中野 拓夢,森下 翔太,佐藤 輝明,大山 悠輔,髙寺 望夢,木浪 聖也,坂本 誠志郎,デュプランティエ
阪神,5月16日(金),近本 光司,中野 拓夢,森下 翔太,佐藤 輝明,大山 悠輔,前川 右京,坂本 誠志郎,木浪 聖也,村上 頌樹
阪神,5月17日(土),近本 光司,中野 拓夢,森下 翔太,佐藤 輝明,大山 悠輔,前川 右京,坂本 誠志郎,木浪 聖也,大竹 耕太郎
阪神,5月18日(日),近本 光司,中野 拓夢,森下 翔太,佐藤 輝明,大山 悠輔,髙寺 望夢,坂本 誠志郎,木浪 聖也,伊原 陵人
阪神,5月20日(火),近本 光司,中野 拓夢,森下 翔太,佐藤 輝明,大山 悠輔,前川 右京,梅野 隆太郎,木浪 聖也,才木 浩人
阪神,5月21日(水),近本 光司,中野 拓夢,森下 翔太,佐藤 輝明,大山 悠輔,前川 右京,梅野 隆太郎,木浪 聖也,ビーズリー
阪神,5月22日(木),近本 光司,中野 拓夢,森下 翔太,佐藤 輝明,大山 悠輔,髙寺 望夢,坂本 誠志郎,島田 海吏,デュプランティエ
阪神,5月23日(金),近本 光司,中野 拓夢,森下 翔太,佐藤 輝明,大山 悠輔,木浪 聖也,豊田 寛,坂本 誠志郎,村上 頌樹
阪神,5月24日(土),近本 光司,中野 拓夢,森下 翔太,佐藤 輝明,大山 悠輔,木浪 聖也,髙寺 望夢,坂本 誠志郎,大竹 耕太郎
阪神,5月25日(日),近本 光司,中野 拓夢,森下 翔太,佐藤 輝明,大山 悠輔,ヘルナンデス,木浪 聖也,坂本 誠志郎,伊原 陵人
阪神,5月27日(火),近本 光司,中野 拓夢,森下 翔太,佐藤 輝明,大山 悠輔,ヘルナンデス,木浪 聖也,梅野 隆太郎,才木 浩人
阪神,5月28日(水),近本 光司,中野 拓夢,森下 翔太,佐藤 輝明,大山 悠輔,ヘルナンデス,木浪 聖也,梅野 隆太郎,門別 啓人
阪神,5月29日(木),近本 光司,中野 拓夢,森下 翔太,佐藤 輝明,大山 悠輔,ヘルナンデス,木浪 聖也,坂本 誠志郎,デュプランティエ
阪神,5月30日(金),近本 光司,中野 拓夢,森下 翔太,佐藤 輝明,大山 悠輔,ヘルナンデス,坂本 誠志郎,木浪 聖也,村上 頌樹
阪神,5月31日(土),近本 光司,中野 拓夢,森下 翔太,佐藤 輝明,大山 悠輔,ヘルナンデス,坂本 誠志郎,木浪 聖也,大竹 耕太郎
阪神,6月1日(日),近本 光司,中野 拓夢,森下 翔太,佐藤 輝明,大山 悠輔,ヘルナンデス,坂本 誠志郎,木浪 聖也,伊原 陵人
阪神,6月3日(火),近本 光司,中野 拓夢,森下 翔太,佐藤 輝明,大山 悠輔,ヘルナンデス,豊田 寛,木浪 聖也,梅野 隆太郎
阪神,6月4日(水),近本 光司,中野 拓夢,森下 翔太,佐藤 輝明,大山 悠輔,糸原 健斗,ヘルナンデス,木浪 聖也,梅野 隆太郎
阪神,6月5日(木),近本 光司,中野 拓夢,森下 翔太,佐藤 輝明,大山 悠輔,ヘルナンデス,熊谷 敬宥,木浪 聖也,坂本 誠志郎
阪神,6月6日(金),近本 光司,中野 拓夢,森下 翔太,佐藤 輝明,大山 悠輔,小幡 竜平,坂本 誠志郎,木浪 聖也,村上 頌樹
阪神,6月7日(土),近本 光司,中野 拓夢,森下 翔太,佐藤 輝明,大山 悠輔,ヘルナンデス,熊谷 敬宥,坂本 誠志郎,大竹 耕太郎
阪神,6月8日(日),近本 光司,中野 拓夢,森下 翔太,佐藤 輝明,大山 悠輔,木浪 聖也,坂本 誠志郎,小幡 竜平,伊原 陵人
阪神,6月10日(火),近本 光司,中野 拓夢,森下 翔太,佐藤 輝明,大山 悠輔,ヘルナンデス,小幡 竜平,梅野 隆太郎,熊谷 敬宥
阪神,6月11日(水),近本 光司,中野 拓夢,森下 翔太,佐藤 輝明,大山 悠輔,糸原 健斗,ヘルナンデス,小幡 竜平,坂本 誠志郎
阪神,6月12日(木),近本 光司,中野 拓夢,森下 翔太,佐藤 輝明,大山 悠輔,ヘルナンデス,木浪 聖也,坂本 誠志郎,熊谷 敬宥
阪神,6月13日(金),近本 光司,中野 拓夢,森下 翔太,佐藤 輝明,大山 悠輔,坂本 誠志郎,小幡 竜平,豊田 寛,熊谷 敬宥
阪神,6月14日(土),近本 光司,中野 拓夢,森下 翔太,佐藤 輝明,大山 悠輔,ヘルナンデス,豊田 寛,坂本 誠志郎,小幡 竜平
阪神,6月15日(日),近本 光司,中野 拓夢,森下 翔太,佐藤 輝明,大山 悠輔,ヘルナンデス,豊田 寛,坂本 誠志郎,小幡 竜平
阪神,6月17日(火),近本 光司,中野 拓夢,森下 翔太,佐藤 輝明,大山 悠輔,糸原 健斗,梅野 隆太郎,小幡 竜平,才木 浩人
阪神,6月18日(水),近本 光司,中野 拓夢,森下 翔太,佐藤 輝明,大山 悠輔,糸原 健斗,坂本 誠志郎,小幡 竜平,伊藤 将司
阪神,6月19日(木),近本 光司,中野 拓夢,森下 翔太,佐藤 輝明,大山 悠輔,小幡 竜平,坂本 誠志郎,糸原 健斗,デュプランティエ
阪神,6月20日(金),近本 光司,中野 拓夢,森下 翔太,佐藤 輝明,大山 悠輔,ヘルナンデス,坂本 誠志郎,小幡 竜平,村上 頌樹
阪神,6月21日(土),近本 光司,中野 拓夢,森下 翔太,佐藤 輝明,大山 悠輔,小幡 竜平,坂本 誠志郎,髙寺 望夢,大竹 耕太郎
阪神,6月22日(日),近本 光司,中野 拓夢,森下 翔太,佐藤 輝明,大山 悠輔,ヘルナンデス,小幡 竜平,坂本 誠志郎,伊原 陵人
阪神,6月27日(金),近本 光司,中野 拓夢,森下 翔太,佐藤 輝明,大山 悠輔,小幡 竜平,ヘルナンデス,坂本 誠志郎,村上 頌樹
阪神,6月28日(土),近本 光司,中野 拓夢,森下 翔太,佐藤 輝明,大山 悠輔,ヘルナンデス,小幡 竜平,坂本 誠志郎,デュプランティエ
阪神,6月29日(日),近本 光司,中野 拓夢,森下 翔太,佐藤 輝明,大山 悠輔,前川 右京,坂本 誠志郎,小幡 竜平,伊藤 将司
阪神,7月1日(火),近本 光司,中野 拓夢,森下 翔太,佐藤 輝明,大山 悠輔,前川 右京,梅野 隆太郎,小幡 竜平,才木 浩人
阪神,7月2日(水),近本 光司,中野 拓夢,森下 翔太,佐藤 輝明,大山 悠輔,豊田 寛,小幡 竜平,坂本 誠志郎,大竹 耕太郎
阪神,7月3日(木),近本 光司,中野 拓夢,森下 翔太,佐藤 輝明,大山 悠輔,豊田 寛,小幡 竜平,坂本 誠志郎,伊原 陵人
阪神,7月4日(金),近本 光司,中野 拓夢,森下 翔太,佐藤 輝明,ヘルナンデス,小幡 竜平,前川 右京,坂本 誠志郎,村上 頌樹
阪神,7月5日(土),近本 光司,中野 拓夢,森下 翔太,佐藤 輝明,大山 悠輔,前川 右京,熊谷 敬宥,坂本 誠志郎,デュプランティエ
阪神,7月6日(日),近本 光司,中野 拓夢,森下 翔太,佐藤 輝明,大山 悠輔,前川 右京,小幡 竜平,坂本 誠志郎,伊藤 将司
阪神,7月8日(火),近本 光司,中野 拓夢,森下 翔太,佐藤 輝明,大山 悠輔,前川 右京,熊谷 敬宥,梅野 隆太郎,才木 浩人
阪神,7月9日(水),近本 光司,中野 拓夢,森下 翔太,佐藤 輝明,大山 悠輔,前川 右京,熊谷 敬宥,坂本 誠志郎,大竹 耕太郎
阪神,7月10日(木),近本 光司,中野 拓夢,森下 翔太,佐藤 輝明,大山 悠輔,豊田 寛,熊谷 敬宥,坂本 誠志郎,伊原 陵人
阪神,7月11日(金),近本 光司,中野 拓夢,森下 翔太,佐藤 輝明,大山 悠輔,豊田 寛,小幡 竜平,坂本 誠志郎,村上 頌樹
阪神,7月12日(土),近本 光司,中野 拓夢,森下 翔太,佐藤 輝明,大山 悠輔,小幡 竜平,坂本 誠志郎,豊田 寛,デュプランティエ
阪神,7月13日(日),近本 光司,中野 拓夢,森下 翔太,佐藤 輝明,大山 悠輔,小幡 竜平,坂本 誠志郎,島田 海吏,伊藤 将司
阪神,7月15日(火),近本 光司,中野 拓夢,森下 翔太,佐藤 輝明,大山 悠輔,小幡 竜平,島田 海吏,梅野 隆太郎,髙橋 遥人
阪神,7月16日(水),近本 光司,中野 拓夢,森下 翔太,佐藤 輝明,大山 悠輔,前川 右京,小幡 竜平,梅野 隆太郎,才木 浩人
阪神,7月19日(土),近本 光司,中野 拓夢,森下 翔太,佐藤 輝明,大山 悠輔,小幡 竜平,坂本 誠志郎,髙寺 望夢,村上 頌樹
阪神,7月20日(日),近本 光司,中野 拓夢,森下 翔太,佐藤 輝明,大山 悠輔,小幡 竜平,坂本 誠志郎,髙寺 望夢,デュプランティエ
阪神,7月21日(月),近本 光司,中野 拓夢,森下 翔太,佐藤 輝明,大山 悠輔,小幡 竜平,中川 勇斗,坂本 誠志郎,伊藤 将司
阪神,7月26日(土),近本 光司,中野 拓夢,森下 翔太,佐藤 輝明,大山 悠輔,小幡 竜平,坂本 誠志郎,髙寺 望夢,才木 浩人
阪神,7月27日(日),近本 光司,中野 拓夢,森下 翔太,佐藤 輝明,大山 悠輔,小幡 竜平,坂本 誠志郎,髙寺 望夢,髙橋 遥人
阪神,7月29日(火),近本 光司,中野 拓夢,森下 翔太,佐藤 輝明,大山 悠輔,小幡 竜平,坂本 誠志郎,熊谷 敬宥,大竹 耕太郎
阪神,7月30日(水),近本 光司,中野 拓夢,森下 翔太,佐藤 輝明,大山 悠輔,小幡 竜平,坂本 誠志郎,髙寺 望夢,村上 頌樹
阪神,7月31日(木),近本 光司,中野 拓夢,森下 翔太,佐藤 輝明,大山 悠輔,中川 勇斗,榮枝 裕貴,熊谷 敬宥,伊原 陵人
阪神,8月1日(金),近本 光司,中野 拓夢,森下 翔太,佐藤 輝明,大山 悠輔,小幡 竜平,坂本 誠志郎,熊谷 敬宥,伊藤 将司
阪神,8月2日(土),近本 光司,中野 拓夢,森下 翔太,佐藤 輝明,大山 悠輔,小幡 竜平,坂本 誠志郎,髙寺 望夢,才木 浩人
阪神,8月3日(日),近本 光司,中野 拓夢,森下 翔太,佐藤 輝明,大山 悠輔,小幡 竜平,髙寺 望夢,梅野 隆太郎,ビーズリー
阪神,8月5日(火),近本 光司,中野 拓夢,森下 翔太,佐藤 輝明,大山 悠輔,小幡 竜平,坂本 誠志郎,熊谷 敬宥,髙橋 遥人
阪神,8月6日(水),近本 光司,中野 拓夢,森下 翔太,佐藤 輝明,大山 悠輔,髙寺 望夢,坂本 誠志郎,熊谷 敬宥,村上 頌樹
阪神,8月7日(木),近本 光司,中野 拓夢,森下 翔太,佐藤 輝明,中川 勇斗,ヘルナンデス,坂本 誠志郎,熊谷 敬宥,伊原 陵人
阪神,8月8日(金),近本 光司,中野 拓夢,中川 勇斗,佐藤 輝明,大山 悠輔,小幡 竜平,坂本 誠志郎,島田 海吏,伊藤 将司
阪神,8月9日(土),近本 光司,中野 拓夢,森下 翔太,佐藤 輝明,大山 悠輔,小幡 竜平,坂本 誠志郎,髙寺 望夢,デュプランティエ
阪神,8月10日(日),近本 光司,中野 拓夢,森下 翔太,佐藤 輝明,大山 悠輔,髙寺 望夢,坂本 誠志郎,小幡 竜平,才木 浩人
阪神,8月12日(火),近本 光司,熊谷 敬宥,森下 翔太,前川 右京,大山 悠輔,木浪 聖也,坂本 誠志郎,植田 海,大竹 耕太郎
阪神,8月13日(水),近本 光司,中野 拓夢,森下 翔太,佐藤 輝明,大山 悠輔,髙寺 望夢,坂本 誠志郎,小幡 竜平,髙橋 遥人
阪神,8月15日(金),近本 光司,中野 拓夢,森下 翔太,佐藤 輝明,大山 悠輔,髙寺 望夢,坂本 誠志郎,小幡 竜平,伊藤 将司
阪神,8月16日(土),近本 光司,中野 拓夢,森下 翔太,佐藤 輝明,大山 悠輔,小幡 竜平,中川 勇斗,坂本 誠志郎,村上 頌樹
阪神,8月17日(日),近本 光司,中野 拓夢,森下 翔太,佐藤 輝明,大山 悠輔,髙寺 望夢,坂本 誠志郎,小幡 竜平,才木 浩人
阪神,8月19日(火),熊谷 敬宥,中野 拓夢,森下 翔太,佐藤 輝明,大山 悠輔,中川 勇斗,榮枝 裕貴,井坪 陽生,ビーズリー
阪神,8月20日(水),近本 光司,中野 拓夢,森下 翔太,佐藤 輝明,大山 悠輔,中川 勇斗,坂本 誠志郎,熊谷 敬宥,伊原 陵人
阪神,8月22日(金),近本 光司,中野 拓夢,森下 翔太,佐藤 輝明,大山 悠輔,髙寺 望夢,坂本 誠志郎,熊谷 敬宥,髙橋 遥人
阪神,8月23日(土),近本 光司,中野 拓夢,森下 翔太,佐藤 輝明,大山 悠輔,井坪 陽生,坂本 誠志郎,熊谷 敬宥,伊藤 将司
阪神,8月24日(日),近本 光司,中野 拓夢,森下 翔太,佐藤 輝明,大山 悠輔,髙寺 望夢,坂本 誠志郎,小幡 竜平,才木 浩人
阪神,8月26日(火),近本 光司,中野 拓夢,森下 翔太,佐藤 輝明,大山 悠輔,髙寺 望夢,坂本 誠志郎,小幡 竜平,村上 頌樹
阪神,8月27日(水),近本 光司,中野 拓夢,森下 翔太,佐藤 輝明,大山 悠輔,熊谷 敬宥,豊田 寛,梅野 隆太郎,早川 太貴
阪神,8月28日(木),中野 拓夢,熊谷 敬宥,森下 翔太,佐藤 輝明,大山 悠輔,小幡 竜平,梅野 隆太郎,髙寺 望夢,伊原 陵人
阪神,8月29日(金),近本 光司,中野 拓夢,森下 翔太,佐藤 輝明,大山 悠輔,熊谷 敬宥,坂本 誠志郎,髙寺 望夢,大竹 耕太郎
阪神,8月30日(土),近本 光司,中野 拓夢,森下 翔太,佐藤 輝明,大山 悠輔,熊谷 敬宥,小幡 竜平,坂本 誠志郎,髙橋 遥人
阪神,8月31日(日),近本 光司,中野 拓夢,森下 翔太,佐藤 輝明,大山 悠輔,熊谷 敬宥,小野寺 暖,坂本 誠志郎,才木 浩人
阪神,9月2日(火),近本 光司,植田 海,森下 翔太,佐藤 輝明,大山 悠輔,熊谷 敬宥,小野寺 暖,坂本 誠志郎,村上 頌樹
阪神,9月3日(水),中野 拓夢,熊谷 敬宥,森下 翔太,佐藤 輝明,大山 悠輔,小野寺 暖,中川 勇斗,坂本 誠志郎,伊藤 将司
阪神,9月4日(木),近本 光司,中野 拓夢,森下 翔太,佐藤 輝明,大山 悠輔,熊谷 敬宥,髙寺 望夢,梅野 隆太郎,ネルソン
阪神,9月5日(金),近本 光司,中野 拓夢,森下 翔太,佐藤 輝明,大山 悠輔,熊谷 敬宥,木浪 聖也,坂本 誠志郎,大竹 耕太郎
阪神,9月6日(土),近本 光司,中野 拓夢,森下 翔太,佐藤 輝明,大山 悠輔,髙寺 望夢,坂本 誠志郎,小幡 竜平,門別 啓人
阪神,9月7日(日),近本 光司,中野 拓夢,森下 翔太,佐藤 輝明,大山 悠輔,木浪 聖也,髙寺 望夢,坂本 誠志郎,才木 浩人
阪神,9月9日(火),近本 光司,中野 拓夢,森下 翔太,佐藤 輝明,大山 悠輔,木浪 聖也,髙寺 望夢,坂本 誠志郎,村上 頌樹
阪神,9月10日(水),近本 光司,梅野 隆太郎,森下 翔太,佐藤 輝明,大山 悠輔,熊谷 敬宥,井坪 陽生,植田 海,伊藤 将司
阪神,9月11日(木),近本 光司,中野 拓夢,森下 翔太,佐藤 輝明,原口 文仁,髙寺 望夢,木浪 聖也,坂本 誠志郎,大竹 耕太郎
阪神,9月13日(土),近本 光司,中野 拓夢,森下 翔太,佐藤 輝明,大山 悠輔,小野寺 暖,坂本 誠志郎,熊谷 敬宥,髙橋 遥人
阪神,9月14日(日),中野 拓夢,熊谷 敬宥,森下 翔太,佐藤 輝明,大山 悠輔,小野寺 暖,坂本 誠志郎,井坪 陽生,才木 浩人
阪神,9月15日(月),井坪 陽生,中野 拓夢,森下 翔太,佐藤 輝明,大山 悠輔,小野寺 暖,坂本 誠志郎,熊谷 敬宥,ネルソン
阪神,9月17日(水),近本 光司,熊谷 敬宥,森下 翔太,大山 悠輔,木浪 聖也,中川 勇斗,坂本 誠志郎,植田 海,村上 頌樹
阪神,9月18日(木),近本 光司,中野 拓夢,森下 翔太,大山 悠輔,木浪 聖也,ヘルナンデス,中川 勇斗,坂本 誠志郎,大竹 耕太郎
阪神,9月19日(金),近本 光司,中野 拓夢,森下 翔太,佐藤 輝明,大山 悠輔,木浪 聖也,髙寺 望夢,梅野 隆太郎,早川 太貴
阪神,9月20日(土),近本 光司,中野 拓夢,森下 翔太,佐藤 輝明,大山 悠輔,髙寺 望夢,小幡 竜平,梅野 隆太郎,髙橋 遥人
阪神,9月21日(日),近本 光司,中野 拓夢,森下 翔太,佐藤 輝明,大山 悠輔,中川 勇斗,熊谷 敬宥,坂本 誠志郎,伊藤 将司
阪神,9月22日(月),近本 光司,中野 拓夢,森下 翔太,佐藤 輝明,前川 右京,髙寺 望夢,小幡 竜平,坂本 誠志郎,才木 浩人
阪神,9月23日(火),近本 光司,中野 拓夢,前川 右京,佐藤 輝明,大山 悠輔,木浪 聖也,髙寺 望夢,坂本 誠志郎,ネルソン
阪神,9月26日(金),近本 光司,中野 拓夢,森下 翔太,佐藤 輝明,大山 悠輔,前川 右京,坂本 誠志郎,熊谷 敬宥,村上 頌樹
阪神,9月27日(土),近本 光司,中野 拓夢,森下 翔太,佐藤 輝明,大山 悠輔,前川 右京,木浪 聖也,坂本 誠志郎,大竹 耕太郎
阪神,9月28日(日),近本 光司,中野 拓夢,森下 翔太,佐藤 輝明,大山 悠輔,中川 勇斗,坂本 誠志郎,熊谷 敬宥,伊原 陵人
阪神,10月2日(木),近本 光司,中野 拓夢,佐藤 輝明,大山 悠輔,前川 右京,髙寺 望夢,小幡 竜平,坂本 誠志郎,村上 頌樹
DeNA,3月28日(金),梶原 昂希,牧 秀悟,筒香 嘉智,オースティン,宮﨑 敏郎,蝦名 達夫,山本 祐大,森 敬斗,東 克樹
DeNA,3月29日(土),梶原 昂希,牧 秀悟,筒香 嘉智,オースティン,宮﨑 敏郎,蝦名 達夫,山本 祐大,森 敬斗,バウアー
DeNA,3月30日(日),梶原 昂希,牧 秀悟,佐野 恵太,筒香 嘉智,宮﨑 敏郎,松尾 汐恩,蝦名 達夫,森 敬斗,平良 拳太郎
DeNA,4月1日(火),梶原 昂希,牧 秀悟,三森 大貴,筒香 嘉智,宮﨑 敏郎,佐野 恵太,山本 祐大,森 敬斗,ジャクソン
DeNA,4月2日(水),梶原 昂希,牧 秀悟,三森 大貴,オースティン,宮﨑 敏郎,佐野 恵太,戸柱 恭孝,森 敬斗,大貫 晋一
DeNA,4月3日(木),梶原 昂希,牧 秀悟,三森 大貴,オースティン,宮﨑 敏郎,佐野 恵太,山本 祐大,森 敬斗,ケイ
DeNA,4月4日(金),梶原 昂希,牧 秀悟,三森 大貴,オースティン,佐野 恵太,京田 陽太,山本 祐大,森 敬斗,石田 裕太郎
DeNA,4月5日(土),梶原 昂希,牧 秀悟,佐野 恵太,オースティン,宮﨑 敏郎,蝦名 達夫,山本 祐大,森 敬斗,東 克樹
DeNA,4月6日(日),梶原 昂希,牧 秀悟,三森 大貴,宮﨑 敏郎,佐野 恵太,松尾 汐恩,蝦名 達夫,森 敬斗,平良 拳太郎
DeNA,4月8日(火),梶原 昂希,牧 秀悟,佐野 恵太,筒香 嘉智,宮﨑 敏郎,山本 祐大,蝦名 達夫,森 敬斗,ジャクソン
DeNA,4月9日(水),梶原 昂希,牧 秀悟,三森 大貴,佐野 恵太,戸柱 恭孝,筒香 嘉智,度会 隆輝,森 敬斗,大貫 晋一
DeNA,4月12日(土),梶原 昂希,牧 秀悟,佐野 恵太,宮﨑 敏郎,度会 隆輝,山本 祐大,筒香 嘉智,森 敬斗,ケイ
DeNA,4月15日(火),梶原 昂希,牧 秀悟,佐野 恵太,宮﨑 敏郎,度会 隆輝,山本 祐大,筒香 嘉智,森 敬斗,ジャクソン
DeNA,4月16日(水),梶原 昂希,牧 秀悟,佐野 恵太,宮﨑 敏郎,度会 隆輝,戸柱 恭孝,筒香 嘉智,林 琢真,バウアー
DeNA,4月17日(木),梶原 昂希,三森 大貴,度会 隆輝,牧 秀悟,佐野 恵太,山本 祐大,筒香 嘉智,林 琢真,東 克樹
DeNA,4月19日(土),梶原 昂希,度会 隆輝,佐野 恵太,牧 秀悟,宮﨑 敏郎,山本 祐大,筒香 嘉智,林 琢真,ケイ
DeNA,4月20日(日),梶原 昂希,三森 大貴,度会 隆輝,牧 秀悟,佐野 恵太,宮﨑 敏郎,松尾 汐恩,林 琢真,平良 拳太郎
DeNA,4月22日(火),梶原 昂希,三森 大貴,佐野 恵太,牧 秀悟,宮﨑 敏郎,度会 隆輝,山本 祐大,林 琢真,バウアー
DeNA,4月23日(水),三森 大貴,京田 陽太,佐野 恵太,牧 秀悟,宮﨑 敏郎,山本 祐大,蝦名 達夫,梶原 昂希,ジャクソン
DeNA,4月24日(木),三森 大貴,蝦名 達夫,京田 陽太,牧 秀悟,佐野 恵太,宮﨑 敏郎,戸柱 恭孝,梶原 昂希,大貫 晋一
DeNA,4月25日(金),三森 大貴,蝦名 達夫,度会 隆輝,牧 秀悟,佐野 恵太,京田 陽太,筒香 嘉智,山本 祐大,東 克樹
DeNA,4月26日(土),三森 大貴,蝦名 達夫,度会 隆輝,牧 秀悟,佐野 恵太,京田 陽太,筒香 嘉智,山本 祐大,ケイ
DeNA,4月27日(日),三森 大貴,蝦名 達夫,度会 隆輝,牧 秀悟,宮﨑 敏郎,佐野 恵太,松尾 汐恩,石上 泰輝,バウアー
DeNA,4月29日(火),三森 大貴,蝦名 達夫,度会 隆輝,牧 秀悟,筒香 嘉智,宮﨑 敏郎,石上 泰輝,山本 祐大,ジャクソン
DeNA,4月30日(水),三森 大貴,蝦名 達夫,度会 隆輝,牧 秀悟,佐野 恵太,宮﨑 敏郎,石上 泰輝,山本 祐大,吉野 光樹
DeNA,5月1日(木),三森 大貴,蝦名 達夫,度会 隆輝,牧 秀悟,佐野 恵太,梶原 昂希,石上 泰輝,山本 祐大,平良 拳太郎
DeNA,5月3日(土),三森 大貴,蝦名 達夫,度会 隆輝,牧 秀悟,佐野 恵太,松尾 汐恩,梶原 昂希,石上 泰輝,バウアー
DeNA,5月4日(日),勝又 温史,蝦名 達夫,度会 隆輝,牧 秀悟,佐野 恵太,京田 陽太,山本 祐大,石上 泰輝,東 克樹
DeNA,5月5日(月),桑原 将志,牧 秀悟,度会 隆輝,オースティン,蝦名 達夫,三森 大貴,山本 祐大,林 琢真,ケイ
DeNA,5月6日(火),桑原 将志,牧 秀悟,度会 隆輝,オースティン,佐野 恵太,三森 大貴,石上 泰輝,山本 祐大,ジャクソン
DeNA,5月7日(水),桑原 将志,牧 秀悟,度会 隆輝,オースティン,佐野 恵太,三森 大貴,戸柱 恭孝,石上 泰輝,大貫 晋一
DeNA,5月9日(金),桑原 将志,牧 秀悟,度会 隆輝,オースティン,佐野 恵太,三森 大貴,松尾 汐恩,京田 陽太,バウアー
DeNA,5月10日(土),桑原 将志,牧 秀悟,度会 隆輝,オースティン,佐野 恵太,山本 祐大,京田 陽太,林 琢真,平良 拳太郎
DeNA,5月11日(日),桑原 将志,牧 秀悟,度会 隆輝,オースティン,佐野 恵太,山本 祐大,三森 大貴,林 琢真,東 克樹
DeNA,5月13日(火),桑原 将志,牧 秀悟,度会 隆輝,オースティン,佐野 恵太,三森 大貴,山本 祐大,林 琢真,ケイ
DeNA,5月15日(木),桑原 将志,牧 秀悟,度会 隆輝,オースティン,佐野 恵太,三森 大貴,山本 祐大,林 琢真,ジャクソン
DeNA,5月16日(金),桑原 将志,牧 秀悟,度会 隆輝,オースティン,松尾 汐恩,佐野 恵太,宮﨑 敏郎,林 琢真,バウアー
DeNA,5月17日(土),桑原 将志,牧 秀悟,度会 隆輝,オースティン,松尾 汐恩,佐野 恵太,宮﨑 敏郎,林 琢真,平良 拳太郎
DeNA,5月18日(日),桑原 将志,牧 秀悟,度会 隆輝,オースティン,佐野 恵太,宮﨑 敏郎,林 琢真,山本 祐大,東 克樹
DeNA,5月20日(火),桑原 将志,牧 秀悟,度会 隆輝,オースティン,佐野 恵太,宮﨑 敏郎,山本 祐大,石上 泰輝,ケイ
DeNA,5月21日(水),桑原 将志,牧 秀悟,佐野 恵太,オースティン,松尾 汐恩,宮﨑 敏郎,度会 隆輝,石上 泰輝,バウアー
DeNA,5月22日(木),桑原 将志,牧 秀悟,佐野 恵太,オースティン,松尾 汐恩,蝦名 達夫,京田 陽太,三森 大貴,石田 裕太郎
DeNA,5月23日(金),桑原 将志,牧 秀悟,佐野 恵太,オースティン,蝦名 達夫,山本 祐大,三森 大貴,京田 陽太,ジャクソン
DeNA,5月25日(日),桑原 将志,牧 秀悟,佐野 恵太,オースティン,宮﨑 敏郎,蝦名 達夫,山本 祐大,京田 陽太,東 克樹
DeNA,5月27日(火),桑原 将志,牧 秀悟,佐野 恵太,オースティン,松尾 汐恩,宮﨑 敏郎,蝦名 達夫,京田 陽太,バウアー
DeNA,5月28日(水),桑原 将志,牧 秀悟,佐野 恵太,オースティン,宮﨑 敏郎,蝦名 達夫,山本 祐大,柴田 竜拓,ケイ
DeNA,5月29日(木),桑原 将志,牧 秀悟,佐野 恵太,オースティン,度会 隆輝,山本 祐大,三森 大貴,石上 泰輝,ジャクソン
DeNA,5月30日(金),桑原 将志,度会 隆輝,佐野 恵太,牧 秀悟,宮﨑 敏郎,蝦名 達夫,戸柱 恭孝,石上 泰輝,大貫 晋一
DeNA,5月31日(土),桑原 将志,オースティン,佐野 恵太,牧 秀悟,宮﨑 敏郎,松尾 汐恩,度会 隆輝,石上 泰輝,石田 裕太郎
DeNA,6月1日(日),桑原 将志,オースティン,佐野 恵太,牧 秀悟,松尾 汐恩,三森 大貴,度会 隆輝,森 敬斗,バウアー
DeNA,6月3日(火),桑原 将志,オースティン,佐野 恵太,牧 秀悟,宮﨑 敏郎,筒香 嘉智,度会 隆輝,山本 祐大,森 敬斗
DeNA,6月4日(水),桑原 将志,オースティン,佐野 恵太,牧 秀悟,宮﨑 敏郎,筒香 嘉智,度会 隆輝,山本 祐大,森 敬斗
DeNA,6月5日(木),桑原 将志,松尾 汐恩,佐野 恵太,牧 秀悟,宮﨑 敏郎,筒香 嘉智,度会 隆輝,山本 祐大,石上 泰輝
DeNA,6月6日(金),桑原 将志,度会 隆輝,佐野 恵太,牧 秀悟,筒香 嘉智,松尾 汐恩,京田 陽太,石上 泰輝,バウアー
DeNA,6月7日(土),桑原 将志,度会 隆輝,佐野 恵太,牧 秀悟,筒香 嘉智,戸柱 恭孝,京田 陽太,石上 泰輝,大貫 晋一
DeNA,6月8日(日),桑原 将志,度会 隆輝,佐野 恵太,牧 秀悟,筒香 嘉智,宮﨑 敏郎,松尾 汐恩,森 敬斗,石田 裕太郎
DeNA,6月10日(火),梶原 昂希,松尾 汐恩,佐野 恵太,牧 秀悟,筒香 嘉智,宮﨑 敏郎,度会 隆輝,山本 祐大,京田 陽太
DeNA,6月11日(水),桑原 将志,度会 隆輝,佐野 恵太,牧 秀悟,筒香 嘉智,宮﨑 敏郎,松尾 汐恩,山本 祐大,柴田 竜拓
DeNA,6月12日(木),桑原 将志,度会 隆輝,佐野 恵太,牧 秀悟,筒香 嘉智,宮﨑 敏郎,松尾 汐恩,三森 大貴,石上 泰輝
DeNA,6月13日(金),桑原 将志,度会 隆輝,佐野 恵太,牧 秀悟,宮﨑 敏郎,松尾 汐恩,山本 祐大,東妻 純平,柴田 竜拓
DeNA,6月14日(土),桑原 将志,度会 隆輝,佐野 恵太,牧 秀悟,宮﨑 敏郎,筒香 嘉智,戸柱 恭孝,三森 大貴,石上 泰輝
DeNA,6月15日(日),桑原 将志,度会 隆輝,佐野 恵太,牧 秀悟,松尾 汐恩,戸柱 恭孝,梶原 昂希,三森 大貴,京田 陽太
DeNA,6月17日(火),梶原 昂希,度会 隆輝,佐野 恵太,牧 秀悟,松尾 汐恩,筒香 嘉智,三森 大貴,京田 陽太,バウアー
DeNA,6月18日(水),桑原 将志,蝦名 達夫,佐野 恵太,牧 秀悟,宮﨑 敏郎,度会 隆輝,山本 祐大,森 敬斗,ジャクソン
DeNA,6月19日(木),桑原 将志,度会 隆輝,佐野 恵太,牧 秀悟,宮﨑 敏郎,筒香 嘉智,山本 祐大,森 敬斗,東 克樹
DeNA,6月20日(金),桑原 将志,佐野 恵太,筒香 嘉智,牧 秀悟,宮﨑 敏郎,山本 祐大,梶原 昂希,石上 泰輝,ケイ
DeNA,6月21日(土),三森 大貴,度会 隆輝,佐野 恵太,牧 秀悟,筒香 嘉智,戸柱 恭孝,梶原 昂希,京田 陽太,大貫 晋一
DeNA,6月22日(日),度会 隆輝,松尾 汐恩,佐野 恵太,牧 秀悟,筒香 嘉智,宮﨑 敏郎,梶原 昂希,京田 陽太,バウアー
DeNA,6月27日(金),度会 隆輝,佐野 恵太,筒香 嘉智,牧 秀悟,宮﨑 敏郎,山本 祐大,梶原 昂希,京田 陽太,ケイ
DeNA,6月28日(土),桑原 将志,度会 隆輝,佐野 恵太,牧 秀悟,宮﨑 敏郎,伊藤 光,蝦名 達夫,森 敬斗,バウアー
DeNA,6月29日(日),佐野 恵太,度会 隆輝,宮﨑 敏郎,牧 秀悟,筒香 嘉智,山本 祐大,桑原 将志,森 敬斗,ジャクソン
DeNA,7月1日(火),佐野 恵太,度会 隆輝,宮﨑 敏郎,牧 秀悟,筒香 嘉智,蝦名 達夫,山本 祐大,森 敬斗,東 克樹
DeNA,7月2日(水),佐野 恵太,度会 隆輝,宮﨑 敏郎,牧 秀悟,松尾 汐恩,井上 絢登,蝦名 達夫,森 敬斗,石田 裕太郎
DeNA,7月3日(木),桑原 将志,佐野 恵太,宮﨑 敏郎,牧 秀悟,松尾 汐恩,井上 絢登,蝦名 達夫,京田 陽太,小園 健太
DeNA,7月4日(金),桑原 将志,佐野 恵太,宮﨑 敏郎,牧 秀悟,井上 絢登,山本 祐大,梶原 昂希,京田 陽太,ケイ
DeNA,7月5日(土),桑原 将志,度会 隆輝,佐野 恵太,牧 秀悟,井上 絢登,戸柱 恭孝,京田 陽太,石上 泰輝,大貫 晋一
DeNA,7月6日(日),桑原 将志,佐野 恵太,宮﨑 敏郎,牧 秀悟,井上 絢登,山本 祐大,蝦名 達夫,石上 泰輝,ジャクソン
DeNA,7月8日(火),桑原 将志,佐野 恵太,宮﨑 敏郎,牧 秀悟,井上 絢登,山本 祐大,関根 大気,林 琢真,東 克樹
DeNA,7月9日(水),桑原 将志,佐野 恵太,宮﨑 敏郎,牧 秀悟,松尾 汐恩,井上 絢登,関根 大気,林 琢真,バウアー
DeNA,7月11日(金),関根 大気,桑原 将志,佐野 恵太,牧 秀悟,山本 祐大,度会 隆輝,林 琢真,三森 大貴,ケイ
DeNA,7月12日(土),桑原 将志,佐野 恵太,宮﨑 敏郎,牧 秀悟,松尾 汐恩,度会 隆輝,蝦名 達夫,林 琢真,大貫 晋一
DeNA,7月13日(日),関根 大気,桑原 将志,佐野 恵太,牧 秀悟,宮﨑 敏郎,戸柱 恭孝,度会 隆輝,林 琢真,ジャクソン
DeNA,7月15日(火),桑原 将志,蝦名 達夫,佐野 恵太,牧 秀悟,宮﨑 敏郎,山本 祐大,度会 隆輝,林 琢真,東 克樹
DeNA,7月16日(水),桑原 将志,蝦名 達夫,佐野 恵太,牧 秀悟,松尾 汐恩,度会 隆輝,京田 陽太,林 琢真,バウアー
DeNA,7月17日(木),桑原 将志,蝦名 達夫,佐野 恵太,牧 秀悟,宮﨑 敏郎,山本 祐大,度会 隆輝,林 琢真,ケイ
DeNA,7月19日(土),桑原 将志,佐野 恵太,フォード,牧 秀悟,宮﨑 敏郎,山本 祐大,蝦名 達夫,林 琢真,ジャクソン
DeNA,7月20日(日),桑原 将志,林 琢真,佐野 恵太,牧 秀悟,宮﨑 敏郎,フォード,戸柱 恭孝,井上 絢登,大貫 晋一
DeNA,7月21日(月),桑原 将志,蝦名 達夫,佐野 恵太,牧 秀悟,宮﨑 敏郎,フォード,山本 祐大,林 琢真,東 克樹
DeNA,7月26日(土),桑原 将志,林 琢真,佐野 恵太,牧 秀悟,宮﨑 敏郎,フォード,山本 祐大,関根 大気,ケイ
DeNA,7月27日(日),桑原 将志,佐野 恵太,宮﨑 敏郎,牧 秀悟,フォード,蝦名 達夫,京田 陽太,松尾 汐恩,石田 裕太郎
DeNA,7月29日(火),桑原 将志,蝦名 達夫,佐野 恵太,牧 秀悟,宮﨑 敏郎,山本 祐大,京田 陽太,神里 和毅,東 克樹
DeNA,7月30日(水),桑原 将志,京田 陽太,佐野 恵太,牧 秀悟,フォード,蝦名 達夫,三森 大貴,松尾 汐恩,バウアー
DeNA,7月31日(木),桑原 将志,京田 陽太,佐野 恵太,牧 秀悟,フォード,戸柱 恭孝,蝦名 達夫,林 琢真,平良 拳太郎
DeNA,8月1日(金),桑原 将志,京田 陽太,佐野 恵太,フォード,宮﨑 敏郎,山本 祐大,蝦名 達夫,林 琢真,ジャクソン
DeNA,8月2日(土),桑原 将志,京田 陽太,佐野 恵太,宮﨑 敏郎,山本 祐大,ビシエド,蝦名 達夫,林 琢真,ケイ
DeNA,8月3日(日),桑原 将志,京田 陽太,佐野 恵太,宮﨑 敏郎,戸柱 恭孝,ビシエド,関根 大気,林 琢真,石田 裕太郎
DeNA,8月5日(火),桑原 将志,京田 陽太,佐野 恵太,宮﨑 敏郎,オースティン,蝦名 達夫,松尾 汐恩,林 琢真,バウアー
DeNA,8月6日(水),三森 大貴,京田 陽太,佐野 恵太,オースティン,蝦名 達夫,山本 祐大,梶原 昂希,林 琢真,東 克樹
DeNA,8月7日(木),梶原 昂希,蝦名 達夫,佐野 恵太,宮﨑 敏郎,ビシエド,山本 祐大,京田 陽太,林 琢真,吉野 光樹
DeNA,8月8日(金),桑原 将志,蝦名 達夫,佐野 恵太,宮﨑 敏郎,オースティン,山本 祐大,林 琢真,京田 陽太,ジャクソン
DeNA,8月9日(土),梶原 昂希,蝦名 達夫,佐野 恵太,宮﨑 敏郎,ビシエド,山本 祐大,林 琢真,京田 陽太,ケイ
DeNA,8月11日(月),桑原 将志,蝦名 達夫,佐野 恵太,オースティン,宮﨑 敏郎,山本 祐大,林 琢真,京田 陽太,平良 拳太郎
DeNA,8月12日(火),梶原 昂希,蝦名 達夫,佐野 恵太,宮﨑 敏郎,戸柱 恭孝,フォード,林 琢真,京田 陽太,石田 裕太郎
DeNA,8月13日(水),蝦名 達夫,林 琢真,佐野 恵太,オースティン,山本 祐大,梶原 昂希,三森 大貴,京田 陽太,東 克樹
DeNA,8月15日(金),蝦名 達夫,桑原 将志,佐野 恵太,オースティン,宮﨑 敏郎,山本 祐大,林 琢真,京田 陽太,ジャクソン
DeNA,8月16日(土),蝦名 達夫,桑原 将志,佐野 恵太,オースティン,宮﨑 敏郎,山本 祐大,林 琢真,京田 陽太,竹田 祐
DeNA,8月17日(日),蝦名 達夫,桑原 将志,佐野 恵太,宮﨑 敏郎,ビシエド,戸柱 恭孝,林 琢真,京田 陽太,藤浪 晋太郎
DeNA,8月19日(火),蝦名 達夫,桑原 将志,佐野 恵太,オースティン,宮﨑 敏郎,山本 祐大,林 琢真,京田 陽太,平良 拳太郎
DeNA,8月20日(水),蝦名 達夫,林 琢真,佐野 恵太,オースティン,山本 祐大,梶原 昂希,三森 大貴,京田 陽太,東 克樹
DeNA,8月21日(木),蝦名 達夫,桑原 将志,佐野 恵太,宮﨑 敏郎,山本 祐大,ビシエド,林 琢真,京田 陽太,バウアー
DeNA,8月22日(金),蝦名 達夫,桑原 将志,佐野 恵太,オースティン,宮﨑 敏郎,山本 祐大,林 琢真,三森 大貴,ジャクソン
DeNA,8月23日(土),蝦名 達夫,桑原 将志,ビシエド,宮﨑 敏郎,戸柱 恭孝,佐野 恵太,林 琢真,石上 泰輝,石田 裕太郎
DeNA,8月24日(日),蝦名 達夫,桑原 将志,宮﨑 敏郎,オースティン,筒香 嘉智,山本 祐大,林 琢真,京田 陽太,竹田 祐
DeNA,8月26日(火),蝦名 達夫,桑原 将志,佐野 恵太,宮﨑 敏郎,筒香 嘉智,山本 祐大,林 琢真,京田 陽太,ケイ
DeNA,8月27日(水),蝦名 達夫,桑原 将志,筒香 嘉智,オースティン,佐野 恵太,山本 祐大,林 琢真,石上 泰輝,東 克樹
DeNA,8月28日(木),蝦名 達夫,桑原 将志,筒香 嘉智,オースティン,宮﨑 敏郎,松尾 汐恩,知野 直人,石上 泰輝,森 唯斗
DeNA,8月29日(金),蝦名 達夫,桑原 将志,筒香 嘉智,オースティン,宮﨑 敏郎,山本 祐大,知野 直人,石上 泰輝,ジャクソン
DeNA,8月30日(土),蝦名 達夫,桑原 将志,筒香 嘉智,宮﨑 敏郎,佐野 恵太,戸柱 恭孝,林 琢真,京田 陽太,石田 裕太郎
DeNA,8月31日(日),蝦名 達夫,度会 隆輝,筒香 嘉智,オースティン,佐野 恵太,松尾 汐恩,知野 直人,林 琢真,藤浪 晋太郎
DeNA,9月2日(火),蝦名 達夫,桑原 将志,佐野 恵太,オースティン,宮﨑 敏郎,山本 祐大,知野 直人,林 琢真,ケイ
DeNA,9月3日(水),蝦名 達夫,桑原 将志,筒香 嘉智,オースティン,佐野 恵太,山本 祐大,林 琢真,京田 陽太,東 克樹
DeNA,9月4日(木),蝦名 達夫,桑原 将志,筒香 嘉智,ビシエド,佐野 恵太,松尾 汐恩,知野 直人,林 琢真,平良 拳太郎
DeNA,9月5日(金),蝦名 達夫,桑原 将志,佐野 恵太,筒香 嘉智,山本 祐大,度会 隆輝,知野 直人,林 琢真,ジャクソン
DeNA,9月6日(土),蝦名 達夫,桑原 将志,筒香 嘉智,オースティン,佐野 恵太,山本 祐大,知野 直人,林 琢真,竹田 祐
DeNA,9月7日(日),蝦名 達夫,桑原 将志,筒香 嘉智,ビシエド,佐野 恵太,松尾 汐恩,林 琢真,京田 陽太,藤浪 晋太郎
DeNA,9月9日(火),蝦名 達夫,桑原 将志,筒香 嘉智,オースティン,佐野 恵太,山本 祐大,林 琢真,京田 陽太,ケイ
DeNA,9月10日(水),蝦名 達夫,桑原 将志,筒香 嘉智,オースティン,佐野 恵太,山本 祐大,林 琢真,石上 泰輝,東 克樹
DeNA,9月11日(木),蝦名 達夫,桑原 将志,筒香 嘉智,ビシエド,佐野 恵太,戸柱 恭孝,加藤 響,林 琢真,石田 裕太郎
DeNA,9月12日(金),蝦名 達夫,度会 隆輝,筒香 嘉智,ビシエド,佐野 恵太,松尾 汐恩,林 琢真,石上 泰輝,ジャクソン
DeNA,9月13日(土),蝦名 達夫,桑原 将志,佐野 恵太,オースティン,山本 祐大,加藤 響,石上 泰輝,林 琢真,竹田 祐
DeNA,9月14日(日),蝦名 達夫,桑原 将志,筒香 嘉智,オースティン,佐野 恵太,松尾 汐恩,石上 泰輝,林 琢真,藤浪 晋太郎
DeNA,9月15日(月),蝦名 達夫,度会 隆輝,筒香 嘉智,オースティン,佐野 恵太,山本 祐大,石上 泰輝,林 琢真,ケイ
DeNA,9月17日(水),蝦名 達夫,桑原 将志,筒香 嘉智,オースティン,佐野 恵太,山本 祐大,石上 泰輝,林 琢真,東 克樹
DeNA,9月18日(木),蝦名 達夫,桑原 将志,筒香 嘉智,ビシエド,佐野 恵太,戸柱 恭孝,石上 泰輝,林 琢真,石田 裕太郎
DeNA,9月19日(金),蝦名 達夫,桑原 将志,筒香 嘉智,ビシエド,松尾 汐恩,度会 隆輝,石上 泰輝,林 琢真,ジャクソン
DeNA,9月20日(土),蝦名 達夫,桑原 将志,筒香 嘉智,オースティン,山本 祐大,度会 隆輝,石上 泰輝,加藤 響,竹田 祐
DeNA,9月21日(日),蝦名 達夫,桑原 将志,筒香 嘉智,オースティン,佐野 恵太,山本 祐大,石上 泰輝,林 琢真,平良 拳太郎
DeNA,9月23日(火),蝦名 達夫,桑原 将志,佐野 恵太,筒香 嘉智,山本 祐大,度会 隆輝,石上 泰輝,林 琢真,ケイ
DeNA,9月26日(金),蝦名 達夫,桑原 将志,筒香 嘉智,オースティン,山本 祐大,佐野 恵太,石上 泰輝,林 琢真,東 克樹
DeNA,9月27日(土),蝦名 達夫,桑原 将志,筒香 嘉智,ビシエド,佐野 恵太,松尾 汐恩,石上 泰輝,林 琢真,ジャクソン
DeNA,9月28日(日),蝦名 達夫,桑原 将志,筒香 嘉智,ビシエド,佐野 恵太,山本 祐大,石上 泰輝,林 琢真,竹田 祐
DeNA,9月30日(火),蝦名 達夫,桑原 将志,山本 祐大,ビシエド,神里 和毅,加藤 響,石上 泰輝,林 琢真,ケイ
DeNA,10月1日(水),蝦名 達夫,桑原 将志,佐野 恵太,筒香 嘉智,松尾 汐恩,度会 隆輝,石上 泰輝,林 琢真,バウアー
巨人,3月28日(金),若林 楽人,キャベッジ,吉川 尚輝,岡本 和真,ヘルナンデス,坂本 勇人,甲斐 拓也,門脇 誠,戸郷 翔征
巨人,3月29日(土),若林 楽人,キャベッジ,吉川 尚輝,岡本 和真,ヘルナンデス,中山 礼都,甲斐 拓也,門脇 誠,赤星 優志
巨人,3月30日(日),若林 楽人,キャベッジ,吉川 尚輝,岡本 和真,ヘルナンデス,坂本 勇人,甲斐 拓也,門脇 誠,石川 達也
巨人,4月1日(火),オコエ 瑠偉,キャベッジ,吉川 尚輝,岡本 和真,ヘルナンデス,甲斐 拓也,中山 礼都,門脇 誠,井上 温大
巨人,4月2日(水),中山 礼都,キャベッジ,吉川 尚輝,岡本 和真,ヘルナンデス,甲斐 拓也,萩尾 匡也,門脇 誠,山﨑 伊織
巨人,4月3日(木),若林 楽人,キャベッジ,吉川 尚輝,岡本 和真,ヘルナンデス,甲斐 拓也,坂本 勇人,門脇 誠,田中 将大
巨人,4月4日(金),若林 楽人,キャベッジ,吉川 尚輝,岡本 和真,ヘルナンデス,甲斐 拓也,中山 礼都,門脇 誠,戸郷 翔征
巨人,4月5日(土),若林 楽人,キャベッジ,吉川 尚輝,岡本 和真,ヘルナンデス,甲斐 拓也,坂本 勇人,門脇 誠,赤星 優志
巨人,4月6日(日),萩尾 匡也,キャベッジ,吉川 尚輝,岡本 和真,甲斐 拓也,ヘルナンデス,中山 礼都,門脇 誠,石川 達也
巨人,4月8日(火),若林 楽人,キャベッジ,吉川 尚輝,岡本 和真,ヘルナンデス,甲斐 拓也,中山 礼都,門脇 誠,井上 温大
巨人,4月9日(水),若林 楽人,キャベッジ,吉川 尚輝,岡本 和真,ヘルナンデス,甲斐 拓也,坂本 勇人,泉口 友汰,山﨑 伊織
巨人,4月11日(金),若林 楽人,坂本 勇人,吉川 尚輝,岡本 和真,キャベッジ,ヘルナンデス,甲斐 拓也,泉口 友汰,戸郷 翔征
巨人,4月12日(土),若林 楽人,中山 礼都,吉川 尚輝,岡本 和真,キャベッジ,甲斐 拓也,ヘルナンデス,泉口 友汰,赤星 優志
巨人,4月13日(日),泉口 友汰,長野 久義,吉川 尚輝,岡本 和真,ヘルナンデス,甲斐 拓也,坂本 勇人,若林 楽人,石川 達也
巨人,4月15日(火),泉口 友汰,甲斐 拓也,吉川 尚輝,岡本 和真,大城 卓三,ヘルナンデス,佐々木 俊輔,若林 楽人,井上 温大
巨人,4月16日(水),泉口 友汰,甲斐 拓也,吉川 尚輝,岡本 和真,大城 卓三,オコエ 瑠偉,佐々木 俊輔,笹原 操希,山﨑 伊織
巨人,4月17日(木),泉口 友汰,甲斐 拓也,吉川 尚輝,岡本 和真,大城 卓三,ヘルナンデス,若林 楽人,笹原 操希,田中 将大
巨人,4月18日(金),泉口 友汰,若林 楽人,吉川 尚輝,岡本 和真,甲斐 拓也,荒巻 悠,ヘルナンデス,岡田 悠希,赤星 優志
巨人,4月19日(土),泉口 友汰,若林 楽人,吉川 尚輝,岡本 和真,甲斐 拓也,ヘルナンデス,荒巻 悠,笹原 操希,石川 達也
巨人,4月20日(日),泉口 友汰,若林 楽人,吉川 尚輝,岡本 和真,甲斐 拓也,ヘルナンデス,荒巻 悠,笹原 操希,ケラー
巨人,4月22日(火),泉口 友汰,若林 楽人,吉川 尚輝,岡本 和真,大城 卓三,甲斐 拓也,ヘルナンデス,中山 礼都,井上 温大
巨人,4月23日(水),泉口 友汰,若林 楽人,吉川 尚輝,岡本 和真,大城 卓三,甲斐 拓也,ヘルナンデス,佐々木 俊輔,山﨑 伊織
巨人,4月25日(金),泉口 友汰,若林 楽人,吉川 尚輝,岡本 和真,大城 卓三,甲斐 拓也,キャベッジ,岡田 悠希,赤星 優志
巨人,4月26日(土),泉口 友汰,若林 楽人,吉川 尚輝,岡本 和真,甲斐 拓也,キャベッジ,佐々木 俊輔,門脇 誠,石川 達也
巨人,4月27日(日),泉口 友汰,若林 楽人,吉川 尚輝,岡本 和真,甲斐 拓也,キャベッジ,萩尾 匡也,門脇 誠,堀田 賢慎
巨人,4月29日(火),泉口 友汰,若林 楽人,吉川 尚輝,岡本 和真,大城 卓三,甲斐 拓也,キャベッジ,中山 礼都,井上 温大
巨人,4月30日(水),泉口 友汰,若林 楽人,吉川 尚輝,岡本 和真,キャベッジ,甲斐 拓也,増田 陸,萩尾 匡也,山﨑 伊織
巨人,5月1日(木),泉口 友汰,キャベッジ,吉川 尚輝,岡本 和真,甲斐 拓也,増田 陸,佐々木 俊輔,萩尾 匡也,田中 将大
巨人,5月3日(土),泉口 友汰,キャベッジ,吉川 尚輝,岡本 和真,甲斐 拓也,増田 陸,中山 礼都,萩尾 匡也,赤星 優志
巨人,5月4日(日),泉口 友汰,ヘルナンデス,吉川 尚輝,岡本 和真,キャベッジ,岸田 行倫,増田 陸,秋広 優人,グリフィン
巨人,5月5日(月),泉口 友汰,若林 楽人,吉川 尚輝,岡本 和真,キャベッジ,増田 陸,大城 卓三,ヘルナンデス,戸郷 翔征
巨人,5月6日(火),泉口 友汰,若林 楽人,吉川 尚輝,岡本 和真,甲斐 拓也,キャベッジ,長野 久義,浦田 俊輔,井上 温大
巨人,5月7日(水),泉口 友汰,キャベッジ,若林 楽人,吉川 尚輝,甲斐 拓也,ヘルナンデス,坂本 勇人,増田 陸,山﨑 伊織
巨人,5月9日(金),泉口 友汰,キャベッジ,若林 楽人,吉川 尚輝,甲斐 拓也,ヘルナンデス,坂本 勇人,増田 陸,赤星 優志
巨人,5月10日(土),泉口 友汰,若林 楽人,吉川 尚輝,キャベッジ,岸田 行倫,増田 陸,坂本 勇人,浅野 翔吾,グリフィン
巨人,5月11日(日),泉口 友汰,若林 楽人,吉川 尚輝,キャベッジ,甲斐 拓也,増田 陸,坂本 勇人,浅野 翔吾,堀田 賢慎
巨人,5月13日(火),泉口 友汰,若林 楽人,吉川 尚輝,大城 卓三,増田 陸,キャベッジ,リチャード,浅野 翔吾,戸郷 翔征
巨人,5月14日(水),泉口 友汰,増田 陸,吉川 尚輝,キャベッジ,リチャード,若林 楽人,甲斐 拓也,浅野 翔吾,井上 温大
巨人,5月15日(木),泉口 友汰,ヘルナンデス,吉川 尚輝,キャベッジ,リチャード,増田 陸,甲斐 拓也,浅野 翔吾,山﨑 伊織
巨人,5月16日(金),浅野 翔吾,泉口 友汰,吉川 尚輝,キャベッジ,増田 陸,リチャード,ヘルナンデス,甲斐 拓也,赤星 優志
巨人,5月17日(土),浅野 翔吾,泉口 友汰,吉川 尚輝,キャベッジ,増田 陸,中山 礼都,ヘルナンデス,岸田 行倫,グリフィン
巨人,5月18日(日),若林 楽人,泉口 友汰,吉川 尚輝,キャベッジ,増田 陸,中山 礼都,ヘルナンデス,甲斐 拓也,堀田 賢慎
巨人,5月20日(火),泉口 友汰,若林 楽人,吉川 尚輝,キャベッジ,ヘルナンデス,中山 礼都,リチャード,岸田 行倫,戸郷 翔征
巨人,5月21日(水),増田 陸,門脇 誠,吉川 尚輝,キャベッジ,ヘルナンデス,中山 礼都,甲斐 拓也,浅野 翔吾,井上 温大
巨人,5月22日(木),増田 陸,門脇 誠,吉川 尚輝,キャベッジ,甲斐 拓也,中山 礼都,泉口 友汰,浅野 翔吾,山﨑 伊織
巨人,5月23日(金),増田 陸,門脇 誠,吉川 尚輝,キャベッジ,甲斐 拓也,ヘルナンデス,泉口 友汰,浅野 翔吾,赤星 優志
巨人,5月24日(土),増田 陸,門脇 誠,吉川 尚輝,キャベッジ,岸田 行倫,ヘルナンデス,泉口 友汰,浅野 翔吾,グリフィン
巨人,5月25日(日),増田 陸,門脇 誠,吉川 尚輝,キャベッジ,岸田 行倫,ヘルナンデス,泉口 友汰,浅野 翔吾,戸郷 翔征
巨人,5月27日(火),増田 陸,門脇 誠,吉川 尚輝,キャベッジ,甲斐 拓也,ヘルナンデス,泉口 友汰,浅野 翔吾,井上 温大
巨人,5月28日(水),増田 陸,門脇 誠,泉口 友汰,キャベッジ,吉川 尚輝,甲斐 拓也,ヘルナンデス,浅野 翔吾,山﨑 伊織
巨人,5月30日(金),増田 陸,吉川 尚輝,泉口 友汰,キャベッジ,丸 佳浩,若林 楽人,リチャード,甲斐 拓也,赤星 優志
巨人,5月31日(土),丸 佳浩,吉川 尚輝,泉口 友汰,キャベッジ,若林 楽人,中山 礼都,リチャード,岸田 行倫,グリフィン
巨人,6月1日(日),増田 陸,吉川 尚輝,泉口 友汰,キャベッジ,ヘルナンデス,岸田 行倫,若林 楽人,リチャード,戸郷 翔征
巨人,6月4日(水),増田 陸,門脇 誠,泉口 友汰,キャベッジ,吉川 尚輝,ヘルナンデス,丸 佳浩,若林 楽人,甲斐 拓也
巨人,6月5日(木),増田 陸,若林 楽人,泉口 友汰,キャベッジ,吉川 尚輝,岸田 行倫,中山 礼都,浅野 翔吾,門脇 誠
巨人,6月6日(金),吉川 尚輝,ヘルナンデス,泉口 友汰,キャベッジ,増田 陸,岸田 行倫,オコエ 瑠偉,門脇 誠,赤星 優志
巨人,6月7日(土),泉口 友汰,オコエ 瑠偉,吉川 尚輝,キャベッジ,増田 陸,ヘルナンデス,岸田 行倫,門脇 誠,グリフィン
巨人,6月8日(日),泉口 友汰,オコエ 瑠偉,吉川 尚輝,丸 佳浩,増田 陸,キャベッジ,岸田 行倫,リチャード,戸郷 翔征
巨人,6月10日(火),泉口 友汰,若林 楽人,吉川 尚輝,丸 佳浩,増田 陸,キャベッジ,坂本 勇人,中山 礼都,甲斐 拓也
巨人,6月11日(水),泉口 友汰,若林 楽人,吉川 尚輝,丸 佳浩,岸田 行倫,増田 陸,坂本 勇人,キャベッジ,オコエ 瑠偉
巨人,6月12日(木),泉口 友汰,若林 楽人,吉川 尚輝,丸 佳浩,岸田 行倫,坂本 勇人,増田 陸,リチャード,オコエ 瑠偉
巨人,6月13日(金),泉口 友汰,キャベッジ,吉川 尚輝,丸 佳浩,坂本 勇人,大城 卓三,増田 陸,中山 礼都,甲斐 拓也
巨人,6月14日(土),泉口 友汰,キャベッジ,吉川 尚輝,丸 佳浩,岸田 行倫,坂本 勇人,増田 陸,三塚 琉生,オコエ 瑠偉
巨人,6月15日(日),泉口 友汰,オコエ 瑠偉,吉川 尚輝,丸 佳浩,増田 陸,大城 卓三,坂本 勇人,キャベッジ,甲斐 拓也
巨人,6月17日(火),丸 佳浩,坂本 勇人,泉口 友汰,吉川 尚輝,キャベッジ,増田 陸,甲斐 拓也,三塚 琉生,井上 温大
巨人,6月18日(水),丸 佳浩,坂本 勇人,泉口 友汰,吉川 尚輝,増田 陸,岸田 行倫,キャベッジ,オコエ 瑠偉,西舘 勇陽
巨人,6月19日(木),丸 佳浩,中山 礼都,泉口 友汰,吉川 尚輝,増田 陸,甲斐 拓也,キャベッジ,オコエ 瑠偉,山﨑 伊織
巨人,6月20日(金),丸 佳浩,坂本 勇人,泉口 友汰,吉川 尚輝,増田 陸,中山 礼都,オコエ 瑠偉,小林 誠司,赤星 優志
巨人,6月21日(土),丸 佳浩,門脇 誠,泉口 友汰,吉川 尚輝,中山 礼都,岡田 悠希,岸田 行倫,荒巻 悠,グリフィン
巨人,6月22日(日),丸 佳浩,坂本 勇人,泉口 友汰,吉川 尚輝,増田 陸,大城 卓三,キャベッジ,オコエ 瑠偉,戸郷 翔征
巨人,6月24日(火),丸 佳浩,坂本 勇人,泉口 友汰,吉川 尚輝,増田 陸,オコエ 瑠偉,中山 礼都,甲斐 拓也,岡田 悠希
巨人,6月27日(金),丸 佳浩,オコエ 瑠偉,泉口 友汰,吉川 尚輝,増田 陸,中山 礼都,甲斐 拓也,荒巻 悠,山﨑 伊織
巨人,6月28日(土),丸 佳浩,オコエ 瑠偉,泉口 友汰,吉川 尚輝,増田 陸,中山 礼都,岸田 行倫,門脇 誠,グリフィン
巨人,6月29日(日),丸 佳浩,オコエ 瑠偉,泉口 友汰,吉川 尚輝,増田 陸,中山 礼都,門脇 誠,小林 誠司,赤星 優志
巨人,7月1日(火),丸 佳浩,オコエ 瑠偉,泉口 友汰,吉川 尚輝,増田 陸,中山 礼都,坂本 勇人,岸田 行倫,西舘 勇陽
巨人,7月2日(水),丸 佳浩,オコエ 瑠偉,泉口 友汰,吉川 尚輝,増田 陸,中山 礼都,坂本 勇人,甲斐 拓也,井上 温大
巨人,7月3日(木),丸 佳浩,オコエ 瑠偉,泉口 友汰,増田 陸,キャベッジ,坂本 勇人,岸田 行倫,門脇 誠,横川 凱
巨人,7月4日(金),丸 佳浩,オコエ 瑠偉,泉口 友汰,増田 陸,坂本 勇人,中山 礼都,甲斐 拓也,門脇 誠,山﨑 伊織
巨人,7月5日(土),丸 佳浩,オコエ 瑠偉,泉口 友汰,増田 陸,坂本 勇人,キャベッジ,岸田 行倫,門脇 誠,グリフィン
巨人,7月6日(日),丸 佳浩,オコエ 瑠偉,泉口 友汰,吉川 尚輝,増田 陸,坂本 勇人,キャベッジ,小林 誠司,赤星 優志
巨人,7月8日(火),丸 佳浩,オコエ 瑠偉,吉川 尚輝,増田 陸,坂本 勇人,泉口 友汰,キャベッジ,岸田 行倫,西舘 勇陽
巨人,7月9日(水),丸 佳浩,中山 礼都,吉川 尚輝,坂本 勇人,泉口 友汰,キャベッジ,荒巻 悠,甲斐 拓也,井上 温大
巨人,7月11日(金),丸 佳浩,オコエ 瑠偉,吉川 尚輝,坂本 勇人,増田 陸,泉口 友汰,キャベッジ,甲斐 拓也,山﨑 伊織
巨人,7月12日(土),丸 佳浩,佐々木 俊輔,吉川 尚輝,坂本 勇人,泉口 友汰,荒巻 悠,フルプ,岸田 行倫,グリフィン
巨人,7月13日(日),丸 佳浩,佐々木 俊輔,吉川 尚輝,坂本 勇人,泉口 友汰,荒巻 悠,中山 礼都,小林 誠司,赤星 優志
巨人,7月17日(木),丸 佳浩,佐々木 俊輔,吉川 尚輝,坂本 勇人,泉口 友汰,荒巻 悠,中山 礼都,岸田 行倫,西舘 勇陽
巨人,7月19日(土),丸 佳浩,佐々木 俊輔,吉川 尚輝,増田 陸,泉口 友汰,中山 礼都,荒巻 悠,甲斐 拓也,山﨑 伊織
巨人,7月20日(日),丸 佳浩,佐々木 俊輔,吉川 尚輝,増田 陸,荒巻 悠,泉口 友汰,中山 礼都,小林 誠司,赤星 優志
巨人,7月21日(月),丸 佳浩,佐々木 俊輔,吉川 尚輝,増田 陸,泉口 友汰,中山 礼都,リチャード,甲斐 拓也,井上 温大
巨人,7月26日(土),丸 佳浩,佐々木 俊輔,吉川 尚輝,キャベッジ,増田 陸,泉口 友汰,リチャード,岸田 行倫,横川 凱
巨人,7月27日(日),丸 佳浩,佐々木 俊輔,吉川 尚輝,キャベッジ,岸田 行倫,泉口 友汰,リチャード,荒巻 悠,赤星 優志
巨人,7月29日(火),丸 佳浩,佐々木 俊輔,泉口 友汰,キャベッジ,岸田 行倫,吉川 尚輝,増田 陸,リチャード,西舘 勇陽
巨人,7月30日(水),丸 佳浩,佐々木 俊輔,泉口 友汰,キャベッジ,岸田 行倫,増田 陸,リチャード,門脇 誠,戸郷 翔征
巨人,7月31日(木),丸 佳浩,佐々木 俊輔,泉口 友汰,キャベッジ,増田 陸,リチャード,甲斐 拓也,門脇 誠,井上 温大
巨人,8月1日(金),丸 佳浩,佐々木 俊輔,泉口 友汰,キャベッジ,増田 陸,中山 礼都,リチャード,甲斐 拓也,山﨑 伊織
巨人,8月2日(土),丸 佳浩,佐々木 俊輔,増田 陸,キャベッジ,岸田 行倫,リチャード,泉口 友汰,門脇 誠,グリフィン
巨人,8月3日(日),丸 佳浩,佐々木 俊輔,増田 陸,キャベッジ,岸田 行倫,リチャード,泉口 友汰,門脇 誠,赤星 優志
巨人,8月5日(火),丸 佳浩,泉口 友汰,若林 楽人,キャベッジ,岸田 行倫,坂本 勇人,リチャード,門脇 誠,戸郷 翔征
巨人,8月6日(水),丸 佳浩,佐々木 俊輔,泉口 友汰,キャベッジ,岸田 行倫,大城 卓三,リチャード,門脇 誠,森田 駿哉
巨人,8月7日(木),丸 佳浩,若林 楽人,泉口 友汰,キャベッジ,岸田 行倫,坂本 勇人,リチャード,増田 大輝,田中 将大
巨人,8月8日(金),丸 佳浩,佐々木 俊輔,泉口 友汰,キャベッジ,甲斐 拓也,中山 礼都,リチャード,門脇 誠,山﨑 伊織
巨人,8月9日(土),丸 佳浩,佐々木 俊輔,泉口 友汰,キャベッジ,岸田 行倫,増田 陸,リチャード,門脇 誠,又木 鉄平
巨人,8月11日(月),丸 佳浩,佐々木 俊輔,泉口 友汰,キャベッジ,岸田 行倫,大城 卓三,リチャード,門脇 誠,戸郷 翔征
巨人,8月12日(火),丸 佳浩,佐々木 俊輔,泉口 友汰,キャベッジ,岸田 行倫,坂本 勇人,リチャード,門脇 誠,森田 駿哉
巨人,8月13日(水),丸 佳浩,佐々木 俊輔,泉口 友汰,キャベッジ,岸田 行倫,中山 礼都,リチャード,門脇 誠,田中 将大
巨人,8月15日(金),丸 佳浩,佐々木 俊輔,泉口 友汰,キャベッジ,甲斐 拓也,増田 陸,リチャード,門脇 誠,山﨑 伊織
巨人,8月16日(土),丸 佳浩,ヘルナンデス,泉口 友汰,岡本 和真,キャベッジ,中山 礼都,リチャード,甲斐 拓也,井上 温大
巨人,8月17日(日),丸 佳浩,若林 楽人,泉口 友汰,岡本 和真,キャベッジ,岸田 行倫,大城 卓三,中山 礼都,赤星 優志
巨人,8月19日(火),泉口 友汰,キャベッジ,丸 佳浩,岡本 和真,岸田 行倫,中山 礼都,リチャード,佐々木 俊輔,戸郷 翔征
巨人,8月20日(水),泉口 友汰,キャベッジ,丸 佳浩,岡本 和真,岸田 行倫,中山 礼都,リチャード,佐々木 俊輔,森田 駿哉
巨人,8月21日(木),泉口 友汰,佐々木 俊輔,丸 佳浩,岡本 和真,岸田 行倫,中山 礼都,リチャード,若林 楽人,田中 将大
巨人,8月22日(金),泉口 友汰,佐々木 俊輔,丸 佳浩,岡本 和真,吉川 尚輝,中山 礼都,リチャード,甲斐 拓也,横川 凱
巨人,8月23日(土),泉口 友汰,若林 楽人,中山 礼都,岡本 和真,吉川 尚輝,リチャード,浅野 翔吾,甲斐 拓也,井上 温大
巨人,8月24日(日),泉口 友汰,佐々木 俊輔,丸 佳浩,岡本 和真,吉川 尚輝,中山 礼都,岸田 行倫,リチャード,赤星 優志
巨人,8月26日(火),泉口 友汰,浅野 翔吾,丸 佳浩,岡本 和真,吉川 尚輝,中山 礼都,リチャード,岸田 行倫,戸郷 翔征
巨人,8月27日(水),泉口 友汰,浅野 翔吾,中山 礼都,岡本 和真,キャベッジ,リチャード,吉川 尚輝,岸田 行倫,森田 駿哉
巨人,8月28日(木),丸 佳浩,吉川 尚輝,泉口 友汰,岡本 和真,キャベッジ,岸田 行倫,リチャード,中山 礼都,田中 将大
巨人,8月29日(金),丸 佳浩,吉川 尚輝,泉口 友汰,岡本 和真,岸田 行倫,キャベッジ,リチャード,若林 楽人,山﨑 伊織
巨人,8月30日(土),丸 佳浩,泉口 友汰,岡本 和真,岸田 行倫,キャベッジ,吉川 尚輝,リチャード,オコエ 瑠偉,井上 温大
巨人,8月31日(日),丸 佳浩,泉口 友汰,岡本 和真,岸田 行倫,吉川 尚輝,中山 礼都,リチャード,若林 楽人,横川 凱
巨人,9月2日(火),キャベッジ,泉口 友汰,岡本 和真,岸田 行倫,吉川 尚輝,中山 礼都,リチャード,若林 楽人,戸郷 翔征
巨人,9月3日(水),丸 佳浩,若林 楽人,泉口 友汰,岡本 和真,岸田 行倫,中山 礼都,リチャード,吉川 尚輝,森田 駿哉
巨人,9月4日(木),丸 佳浩,若林 楽人,泉口 友汰,岡本 和真,岸田 行倫,中山 礼都,リチャード,吉川 尚輝,又木 鉄平
巨人,9月5日(金),丸 佳浩,キャベッジ,泉口 友汰,岡本 和真,岸田 行倫,中山 礼都,リチャード,吉川 尚輝,山﨑 伊織
巨人,9月6日(土),丸 佳浩,キャベッジ,泉口 友汰,岡本 和真,岸田 行倫,中山 礼都,リチャード,吉川 尚輝,井上 温大
巨人,9月7日(日),丸 佳浩,キャベッジ,泉口 友汰,岡本 和真,岸田 行倫,中山 礼都,リチャード,吉川 尚輝,横川 凱
巨人,9月9日(火),丸 佳浩,キャベッジ,泉口 友汰,岡本 和真,岸田 行倫,中山 礼都,リチャード,吉川 尚輝,戸郷 翔征
巨人,9月10日(水),丸 佳浩,キャベッジ,泉口 友汰,岡本 和真,岸田 行倫,中山 礼都,リチャード,吉川 尚輝,森田 駿哉
巨人,9月11日(木),若林 楽人,キャベッジ,泉口 友汰,岡本 和真,岸田 行倫,中山 礼都,リチャード,増田 大輝,山﨑 伊織
巨人,9月13日(土),丸 佳浩,キャベッジ,泉口 友汰,岡本 和真,岸田 行倫,中山 礼都,リチャード,増田 大輝,横川 凱
巨人,9月14日(日),丸 佳浩,キャベッジ,泉口 友汰,岡本 和真,岸田 行倫,中山 礼都,リチャード,浦田 俊輔,赤星 優志
巨人,9月15日(月),丸 佳浩,キャベッジ,泉口 友汰,岡本 和真,岸田 行倫,中山 礼都,リチャード,浦田 俊輔,田中 将大
巨人,9月17日(水),丸 佳浩,キャベッジ,泉口 友汰,岡本 和真,岸田 行倫,中山 礼都,リチャード,浦田 俊輔,戸郷 翔征
巨人,9月18日(木),丸 佳浩,キャベッジ,泉口 友汰,岡本 和真,岸田 行倫,中山 礼都,リチャード,浦田 俊輔,森田 駿哉
巨人,9月19日(金),若林 楽人,キャベッジ,泉口 友汰,岡本 和真,岸田 行倫,中山 礼都,リチャード,浦田 俊輔,山﨑 伊織
巨人,9月20日(土),丸 佳浩,キャベッジ,泉口 友汰,岡本 和真,岸田 行倫,中山 礼都,リチャード,浦田 俊輔,横川 凱
巨人,9月21日(日),丸 佳浩,キャベッジ,泉口 友汰,岡本 和真,岸田 行倫,中山 礼都,リチャード,浦田 俊輔,田中 将大
巨人,9月23日(火),オコエ 瑠偉,キャベッジ,泉口 友汰,岡本 和真,岸田 行倫,中山 礼都,リチャード,浦田 俊輔,戸郷 翔征
巨人,9月26日(金),丸 佳浩,キャベッジ,泉口 友汰,岡本 和真,岸田 行倫,オコエ 瑠偉,リチャード,浦田 俊輔,山﨑 伊織
巨人,9月27日(土),丸 佳浩,キャベッジ,泉口 友汰,岡本 和真,岸田 行倫,リチャード,中山 礼都,浦田 俊輔,グリフィン
巨人,9月28日(日),佐々木 俊輔,キャベッジ,泉口 友汰,岡本 和真,リチャード,岸田 行倫,中山 礼都,浦田 俊輔,横川 凱
巨人,9月30日(火),若林 楽人,キャベッジ,泉口 友汰,岡本 和真,リチャード,中山 礼都,増田 陸,小林 誠司,田中 将大
巨人,10月1日(水),丸 佳浩,キャベッジ,泉口 友汰,岡本 和真,リチャード,中山 礼都,浦田 俊輔,山瀬 慎之助,山﨑 伊織
中日,3月28日(金),岡林 勇希,山本 泰寛,カリステ,石川 昂弥,細川 成也,中田 翔,村松 開人,木下 拓哉,髙橋 宏斗
中日,3月29日(土),岡林 勇希,村松 開人,上林 誠知,石川 昂弥,細川 成也,カリステ,板山 祐太郎,木下 拓哉,松葉 貴大
中日,3月30日(日),岡林 勇希,駿太,上林 誠知,石川 昂弥,板山 祐太郎,カリステ,村松 開人,木下 拓哉,メヒア
中日,4月1日(火),岡林 勇希,山本 泰寛,細川 成也,石川 昂弥,カリステ,中田 翔,村松 開人,木下 拓哉,マラー
中日,4月2日(水),岡林 勇希,上林 誠知,細川 成也,石川 昂弥,板山 祐太郎,カリステ,村松 開人,石伊 雄太,柳 裕也
中日,4月3日(木),岡林 勇希,上林 誠知,細川 成也,石川 昂弥,板山 祐太郎,カリステ,村松 開人,木下 拓哉,大野 雄大
中日,4月4日(金),岡林 勇希,村松 開人,上林 誠知,石川 昂弥,板山 祐太郎,中田 翔,大島 洋平,加藤 匠馬,髙橋 宏斗
中日,4月5日(土),岡林 勇希,上林 誠知,細川 成也,石川 昂弥,板山 祐太郎,中田 翔,木下 拓哉,村松 開人,松葉 貴大
中日,4月6日(日),岡林 勇希,ブライト 健太,カリステ,石川 昂弥,板山 祐太郎,細川 成也,村松 開人,木下 拓哉,メヒア
中日,4月8日(火),岡林 勇希,ブライト 健太,カリステ,石川 昂弥,板山 祐太郎,細川 成也,村松 開人,木下 拓哉,マラー
中日,4月9日(水),岡林 勇希,カリステ,板山 祐太郎,石川 昂弥,細川 成也,中田 翔,村松 開人,木下 拓哉,柳 裕也
中日,4月10日(木),岡林 勇希,辻本 倫太郎,カリステ,石川 昂弥,細川 成也,中田 翔,村松 開人,石伊 雄太,大野 雄大
中日,4月11日(金),岡林 勇希,山本 泰寛,上林 誠知,石川 昂弥,ボスラー,細川 成也,村松 開人,加藤 匠馬,髙橋 宏斗
中日,4月12日(土),岡林 勇希,板山 祐太郎,上林 誠知,細川 成也,ボスラー,高橋 周平,村松 開人,木下 拓哉,松葉 貴大
中日,4月15日(火),岡林 勇希,板山 祐太郎,上林 誠知,細川 成也,ボスラー,高橋 周平,村松 開人,木下 拓哉,マラー
中日,4月16日(水),岡林 勇希,樋口 正修,上林 誠知,細川 成也,ボスラー,高橋 周平,村松 開人,石伊 雄太,柳 裕也
中日,4月19日(土),岡林 勇希,山本 泰寛,ブライト 健太,細川 成也,カリステ,中田 翔,村松 開人,加藤 匠馬,髙橋 宏斗
中日,4月20日(日),岡林 勇希,樋口 正修,上林 誠知,細川 成也,高橋 周平,ボスラー,村松 開人,木下 拓哉,松葉 貴大
中日,4月22日(火),岡林 勇希,山本 泰寛,ブライト 健太,細川 成也,ボスラー,中田 翔,村松 開人,石伊 雄太,マラー
中日,4月23日(水),岡林 勇希,ボスラー,高橋 周平,細川 成也,中田 翔,板山 祐太郎,木下 拓哉,柳 裕也,村松 開人
中日,4月25日(金),岡林 勇希,上林 誠知,ボスラー,細川 成也,高橋 周平,板山 祐太郎,土田 龍空,加藤 匠馬,髙橋 宏斗
中日,4月26日(土),岡林 勇希,山本 泰寛,上林 誠知,細川 成也,カリステ,ボスラー,土田 龍空,木下 拓哉,松葉 貴大
中日,4月27日(日),岡林 勇希,山本 泰寛,上林 誠知,細川 成也,ボスラー,中田 翔,土田 龍空,木下 拓哉,メヒア
中日,4月29日(火),岡林 勇希,板山 祐太郎,上林 誠知,ボスラー,中田 翔,細川 成也,土田 龍空,木下 拓哉,涌井 秀章
中日,4月30日(水),岡林 勇希,板山 祐太郎,上林 誠知,ボスラー,中田 翔,細川 成也,土田 龍空,木下 拓哉,大野 雄大
中日,5月1日(木),岡林 勇希,山本 泰寛,上林 誠知,カリステ,高橋 周平,細川 成也,木下 拓哉,土田 龍空,三浦 瑞樹
中日,5月2日(金),岡林 勇希,山本 泰寛,上林 誠知,ボスラー,カリステ,細川 成也,木下 拓哉,土田 龍空,髙橋 宏斗
中日,5月3日(土),岡林 勇希,山本 泰寛,上林 誠知,ボスラー,カリステ,中田 翔,木下 拓哉,土田 龍空,松葉 貴大
中日,5月4日(日),岡林 勇希,山本 泰寛,上林 誠知,ボスラー,カリステ,細川 成也,木下 拓哉,土田 龍空,岡田 俊哉
中日,5月5日(月),岡林 勇希,山本 泰寛,上林 誠知,カリステ,中田 翔,細川 成也,木下 拓哉,ロドリゲス,金丸 夢斗
中日,5月6日(火),岡林 勇希,田中 幹也,上林 誠知,カリステ,高橋 周平,鵜飼 航丞,板山 祐太郎,木下 拓哉,涌井 秀章
中日,5月7日(水),岡林 勇希,山本 泰寛,上林 誠知,ボスラー,中田 翔,鵜飼 航丞,木下 拓哉,土田 龍空,大野 雄大
中日,5月10日(土),岡林 勇希,田中 幹也,上林 誠知,ボスラー,高橋 周平,鵜飼 航丞,木下 拓哉,土田 龍空,髙橋 宏斗
中日,5月11日(日),岡林 勇希,カリステ,上林 誠知,中田 翔,高橋 周平,田中 幹也,木下 拓哉,土田 龍空,松葉 貴大
中日,5月13日(火),岡林 勇希,鵜飼 航丞,上林 誠知,ボスラー,カリステ,田中 幹也,宇佐見 真吾,山本 泰寛,三浦 瑞樹
中日,5月14日(水),岡林 勇希,鵜飼 航丞,上林 誠知,ボスラー,カリステ,田中 幹也,宇佐見 真吾,山本 泰寛,涌井 秀章
中日,5月16日(金),岡林 勇希,鵜飼 航丞,上林 誠知,カリステ,ボスラー,田中 幹也,木下 拓哉,山本 泰寛,金丸 夢斗
中日,5月17日(土),岡林 勇希,田中 幹也,上林 誠知,カリステ,ブライト 健太,山本 泰寛,ボスラー,木下 拓哉,髙橋 宏斗
中日,5月18日(日),岡林 勇希,田中 幹也,上林 誠知,ボスラー,カリステ,高橋 周平,山本 泰寛,木下 拓哉,松葉 貴大
中日,5月20日(火),岡林 勇希,田中 幹也,上林 誠知,カリステ,木下 拓哉,ボスラー,山本 泰寛,鵜飼 航丞,大野 雄大
中日,5月21日(水),岡林 勇希,田中 幹也,上林 誠知,ボスラー,カリステ,板山 祐太郎,山本 泰寛,宇佐見 真吾,三浦 瑞樹
中日,5月22日(木),岡林 勇希,田中 幹也,上林 誠知,ボスラー,カリステ,板山 祐太郎,山本 泰寛,宇佐見 真吾,マラー
中日,5月23日(金),岡林 勇希,樋口 正修,上林 誠知,ボスラー,カリステ,高橋 周平,宇佐見 真吾,山本 泰寛,涌井 秀章
中日,5月24日(土),岡林 勇希,田中 幹也,上林 誠知,カリステ,高橋 周平,ボスラー,木下 拓哉,山本 泰寛,髙橋 宏斗
中日,5月25日(日),岡林 勇希,田中 幹也,上林 誠知,カリステ,高橋 周平,鵜飼 航丞,木下 拓哉,山本 泰寛,松葉 貴大
中日,5月27日(火),岡林 勇希,村松 開人,上林 誠知,福永 裕基,川越 誠司,ボスラー,板山 祐太郎,木下 拓哉,金丸 夢斗
中日,5月28日(水),上林 誠知,田中 幹也,岡林 勇希,ボスラー,高橋 周平,川越 誠司,木下 拓哉,村松 開人,三浦 瑞樹
中日,5月29日(木),大島 洋平,田中 幹也,岡林 勇希,カリステ,高橋 周平,上林 誠知,木下 拓哉,村松 開人,マラー
中日,5月30日(金),上林 誠知,田中 幹也,岡林 勇希,カリステ,高橋 周平,板山 祐太郎,宇佐見 真吾,村松 開人,大野 雄大
中日,5月31日(土),上林 誠知,山本 泰寛,岡林 勇希,カリステ,ブライト 健太,石川 昂弥,村松 開人,加藤 匠馬,髙橋 宏斗
中日,6月1日(日),上林 誠知,板山 祐太郎,岡林 勇希,カリステ,ボスラー,石川 昂弥,村松 開人,石伊 雄太,松葉 貴大
中日,6月3日(火),上林 誠知,田中 幹也,岡林 勇希,カリステ,ボスラー,高橋 周平,川越 誠司,石伊 雄太,村松 開人
中日,6月4日(水),上林 誠知,田中 幹也,岡林 勇希,カリステ,ブライト 健太,ボスラー,山本 泰寛,石伊 雄太,村松 開人
中日,6月5日(木),上林 誠知,山本 泰寛,岡林 勇希,ブライト 健太,ボスラー,カリステ,高橋 周平,加藤 匠馬,村松 開人
中日,6月6日(金),岡林 勇希,田中 幹也,上林 誠知,カリステ,ボスラー,山本 泰寛,川越 誠司,石伊 雄太,大野 雄大
中日,6月7日(土),岡林 勇希,田中 幹也,上林 誠知,ボスラー,板山 祐太郎,大島 洋平,村松 開人,加藤 匠馬,髙橋 宏斗
中日,6月8日(日),岡林 勇希,田中 幹也,上林 誠知,ボスラー,高橋 周平,大島 洋平,村松 開人,石伊 雄太,松葉 貴大
中日,6月10日(火),岡林 勇希,田中 幹也,上林 誠知,ボスラー,高橋 周平,大島 洋平,川越 誠司,石伊 雄太,村松 開人
中日,6月11日(水),岡林 勇希,田中 幹也,上林 誠知,ボスラー,高橋 周平,大島 洋平,川越 誠司,石伊 雄太,村松 開人
中日,6月12日(木),岡林 勇希,大島 洋平,上林 誠知,ボスラー,カリステ,板山 祐太郎,山本 泰寛,石伊 雄太,村松 開人
中日,6月13日(金),岡林 勇希,田中 幹也,上林 誠知,ボスラー,カリステ,大島 洋平,板山 祐太郎,石伊 雄太,村松 開人
中日,6月14日(土),岡林 勇希,田中 幹也,上林 誠知,ボスラー,カリステ,大島 洋平,石川 昂弥,加藤 匠馬,村松 開人
中日,6月15日(日),岡林 勇希,田中 幹也,ブライト 健太,カリステ,石橋 康太,上林 誠知,石川 昂弥,石伊 雄太,村松 開人
中日,6月17日(火),大島 洋平,田中 幹也,岡林 勇希,ボスラー,佐藤 龍世,上林 誠知,石伊 雄太,村松 開人,マラー
中日,6月18日(水),上林 誠知,大島 洋平,岡林 勇希,ボスラー,佐藤 龍世,村松 開人,山本 泰寛,石伊 雄太,涌井 秀章
中日,6月19日(木),上林 誠知,田中 幹也,岡林 勇希,ボスラー,佐藤 龍世,細川 成也,村松 開人,石伊 雄太,三浦 瑞樹
中日,6月20日(金),上林 誠知,村松 開人,岡林 勇希,ボスラー,佐藤 龍世,細川 成也,板山 祐太郎,石伊 雄太,大野 雄大
中日,6月21日(土),岡林 勇希,田中 幹也,佐藤 龍世,細川 成也,ブライト 健太,カリステ,山本 泰寛,石伊 雄太,髙橋 宏斗
中日,6月22日(日),上林 誠知,村松 開人,岡林 勇希,細川 成也,ボスラー,佐藤 龍世,山本 泰寛,石伊 雄太,松葉 貴大
中日,6月27日(金),上林 誠知,村松 開人,岡林 勇希,細川 成也,ボスラー,佐藤 龍世,山本 泰寛,石伊 雄太,大野 雄大
中日,6月28日(土),上林 誠知,山本 泰寛,岡林 勇希,細川 成也,ボスラー,佐藤 龍世,村松 開人,宇佐見 真吾,涌井 秀章
中日,6月29日(日),岡林 勇希,田中 幹也,上林 誠知,細川 成也,ボスラー,佐藤 龍世,山本 泰寛,石伊 雄太,松葉 貴大
中日,7月1日(火),岡林 勇希,辻本 倫太郎,上林 誠知,細川 成也,ボスラー,山本 泰寛,佐藤 龍世,石伊 雄太,金丸 夢斗
中日,7月2日(水),上林 誠知,岡林 勇希,佐藤 龍世,細川 成也,ボスラー,山本 泰寛,板山 祐太郎,石伊 雄太,髙橋 宏斗
中日,7月3日(木),上林 誠知,田中 幹也,岡林 勇希,細川 成也,ボスラー,板山 祐太郎,村松 開人,石伊 雄太,マラー
中日,7月4日(金),岡林 勇希,田中 幹也,上林 誠知,ボスラー,細川 成也,佐藤 龍世,山本 泰寛,石伊 雄太,大野 雄大
中日,7月5日(土),岡林 勇希,田中 幹也,上林 誠知,ボスラー,細川 成也,佐藤 龍世,山本 泰寛,宇佐見 真吾,涌井 秀章
中日,7月6日(日),岡林 勇希,辻本 倫太郎,上林 誠知,ボスラー,細川 成也,山本 泰寛,板山 祐太郎,石伊 雄太,松葉 貴大
中日,7月8日(火),岡林 勇希,村松 開人,上林 誠知,ボスラー,細川 成也,山本 泰寛,佐藤 龍世,石伊 雄太,金丸 夢斗
中日,7月9日(水),岡林 勇希,辻本 倫太郎,上林 誠知,細川 成也,ボスラー,佐藤 龍世,山本 泰寛,石伊 雄太,髙橋 宏斗
中日,7月11日(金),岡林 勇希,辻本 倫太郎,上林 誠知,細川 成也,ボスラー,佐藤 龍世,村松 開人,石伊 雄太,マラー
中日,7月12日(土),岡林 勇希,田中 幹也,上林 誠知,細川 成也,ボスラー,佐藤 龍世,山本 泰寛,石伊 雄太,大野 雄大
中日,7月13日(日),岡林 勇希,田中 幹也,ブライト 健太,細川 成也,ボスラー,佐藤 龍世,山本 泰寛,石伊 雄太,松葉 貴大
中日,7月15日(火),岡林 勇希,田中 幹也,ブライト 健太,細川 成也,ボスラー,佐藤 龍世,山本 泰寛,石伊 雄太,柳 裕也
中日,7月16日(水),岡林 勇希,田中 幹也,上林 誠知,細川 成也,ボスラー,山本 泰寛,板山 祐太郎,石伊 雄太,髙橋 宏斗
中日,7月19日(土),岡林 勇希,田中 幹也,上林 誠知,細川 成也,ボスラー,山本 泰寛,板山 祐太郎,石伊 雄太,マラー
中日,7月20日(日),岡林 勇希,田中 幹也,上林 誠知,細川 成也,ボスラー,山本 泰寛,板山 祐太郎,石伊 雄太,大野 雄大
中日,7月21日(月),岡林 勇希,田中 幹也,上林 誠知,細川 成也,ボスラー,山本 泰寛,佐藤 龍世,石伊 雄太,金丸 夢斗
中日,7月26日(土),岡林 勇希,田中 幹也,上林 誠知,細川 成也,ボスラー,山本 泰寛,村松 開人,石伊 雄太,髙橋 宏斗
中日,7月27日(日),岡林 勇希,田中 幹也,上林 誠知,細川 成也,ボスラー,山本 泰寛,板山 祐太郎,石伊 雄太,松葉 貴大
中日,7月29日(火),岡林 勇希,田中 幹也,上林 誠知,細川 成也,ボスラー,佐藤 龍世,村松 開人,石伊 雄太,大野 雄大
中日,7月30日(水),岡林 勇希,田中 幹也,上林 誠知,細川 成也,ボスラー,板山 祐太郎,石伊 雄太,村松 開人,柳 裕也
中日,7月31日(木),岡林 勇希,田中 幹也,ボスラー,細川 成也,チェイビス,上林 誠知,山本 泰寛,石伊 雄太,金丸 夢斗
中日,8月1日(金),岡林 勇希,辻本 倫太郎,ボスラー,細川 成也,チェイビス,上林 誠知,山本 泰寛,石伊 雄太,マラー
中日,8月2日(土),岡林 勇希,田中 幹也,上林 誠知,細川 成也,ボスラー,チェイビス,山本 泰寛,加藤 匠馬,髙橋 宏斗
中日,8月3日(日),岡林 勇希,田中 幹也,上林 誠知,細川 成也,ボスラー,チェイビス,石伊 雄太,土田 龍空,松葉 貴大
中日,8月5日(火),岡林 勇希,田中 幹也,上林 誠知,細川 成也,ボスラー,チェイビス,山本 泰寛,石伊 雄太,大野 雄大
中日,8月6日(水),上林 誠知,田中 幹也,岡林 勇希,細川 成也,ボスラー,チェイビス,石伊 雄太,山本 泰寛,柳 裕也
中日,8月7日(木),ブライト 健太,田中 幹也,岡林 勇希,細川 成也,ボスラー,チェイビス,山本 泰寛,加藤 匠馬,金丸 夢斗
中日,8月8日(金),ブライト 健太,田中 幹也,岡林 勇希,細川 成也,ボスラー,チェイビス,石伊 雄太,山本 泰寛,マラー
中日,8月9日(土),上林 誠知,田中 幹也,岡林 勇希,細川 成也,ボスラー,チェイビス,土田 龍空,加藤 匠馬,髙橋 宏斗
中日,8月10日(日),ブライト 健太,田中 幹也,岡林 勇希,細川 成也,ボスラー,チェイビス,石伊 雄太,山本 泰寛,松葉 貴大
中日,8月11日(月),上林 誠知,田中 幹也,ボスラー,細川 成也,チェイビス,石伊 雄太,岡林 勇希,山本 泰寛,メヒア
中日,8月12日(火),ブライト 健太,田中 幹也,ボスラー,細川 成也,チェイビス,石伊 雄太,岡林 勇希,山本 泰寛,大野 雄大
中日,8月13日(水),岡林 勇希,山本 泰寛,上林 誠知,細川 成也,ボスラー,石伊 雄太,チェイビス,柳 裕也,土田 龍空
中日,8月15日(金),岡林 勇希,田中 幹也,上林 誠知,細川 成也,ボスラー,チェイビス,山本 泰寛,石伊 雄太,金丸 夢斗
中日,8月16日(土),岡林 勇希,田中 幹也,上林 誠知,細川 成也,ボスラー,チェイビス,山本 泰寛,加藤 匠馬,髙橋 宏斗
中日,8月17日(日),岡林 勇希,樋口 正修,上林 誠知,ボスラー,板山 祐太郎,駿太,宇佐見 真吾,松葉 貴大,土田 龍空
中日,8月19日(火),上林 誠知,板山 祐太郎,岡林 勇希,細川 成也,ボスラー,チェイビス,山本 泰寛,石伊 雄太,マラー
中日,8月20日(水),ブライト 健太,田中 幹也,岡林 勇希,細川 成也,ボスラー,チェイビス,山本 泰寛,石伊 雄太,大野 雄大
中日,8月22日(金),上林 誠知,田中 幹也,岡林 勇希,細川 成也,ボスラー,山本 泰寛,チェイビス,石伊 雄太,柳 裕也
中日,8月23日(土),岡林 勇希,樋口 正修,上林 誠知,細川 成也,ボスラー,山本 泰寛,チェイビス,加藤 匠馬,髙橋 宏斗
中日,8月24日(日),岡林 勇希,田中 幹也,ブライト 健太,細川 成也,ボスラー,山本 泰寛,チェイビス,石伊 雄太,金丸 夢斗
中日,8月26日(火),岡林 勇希,田中 幹也,上林 誠知,細川 成也,ボスラー,山本 泰寛,チェイビス,石伊 雄太,マラー
中日,8月27日(水),岡林 勇希,田中 幹也,ブライト 健太,細川 成也,ボスラー,山本 泰寛,チェイビス,石伊 雄太,大野 雄大
中日,8月28日(木),岡林 勇希,田中 幹也,上林 誠知,細川 成也,ボスラー,山本 泰寛,チェイビス,石伊 雄太,仲地 礼亜
中日,8月29日(金),岡林 勇希,田中 幹也,上林 誠知,細川 成也,ボスラー,山本 泰寛,チェイビス,石伊 雄太,柳 裕也
中日,8月30日(土),岡林 勇希,田中 幹也,上林 誠知,細川 成也,ボスラー,山本 泰寛,チェイビス,加藤 匠馬,髙橋 宏斗
中日,8月31日(日),岡林 勇希,樋口 正修,上林 誠知,ボスラー,板山 祐太郎,大島 洋平,ロドリゲス,宇佐見 真吾,松葉 貴大
中日,9月2日(火),岡林 勇希,田中 幹也,上林 誠知,細川 成也,ボスラー,山本 泰寛,チェイビス,加藤 匠馬,マラー
中日,9月3日(水),岡林 勇希,田中 幹也,上林 誠知,細川 成也,ボスラー,山本 泰寛,石川 昂弥,石伊 雄太,大野 雄大
中日,9月4日(木),岡林 勇希,田中 幹也,上林 誠知,細川 成也,ボスラー,山本 泰寛,チェイビス,石伊 雄太,涌井 秀章
中日,9月5日(金),岡林 勇希,福永 裕基,上林 誠知,細川 成也,ボスラー,山本 泰寛,ロドリゲス,石伊 雄太,柳 裕也
中日,9月6日(土),岡林 勇希,田中 幹也,上林 誠知,細川 成也,ボスラー,山本 泰寛,チェイビス,加藤 匠馬,髙橋 宏斗
中日,9月7日(日),ブライト 健太,田中 幹也,岡林 勇希,細川 成也,ボスラー,福永 裕基,山本 泰寛,石伊 雄太,松葉 貴大
中日,9月9日(火),岡林 勇希,田中 幹也,上林 誠知,細川 成也,ボスラー,福永 裕基,山本 泰寛,石伊 雄太,松木平 優太
中日,9月10日(水),岡林 勇希,田中 幹也,ブライト 健太,細川 成也,ボスラー,山本 泰寛,チェイビス,石伊 雄太,金丸 夢斗
中日,9月11日(木),岡林 勇希,田中 幹也,上林 誠知,細川 成也,ボスラー,山本 泰寛,チェイビス,石伊 雄太,涌井 秀章
中日,9月12日(金),田中 幹也,山本 泰寛,岡林 勇希,細川 成也,上林 誠知,福永 裕基,ボスラー,石伊 雄太,柳 裕也
中日,9月13日(土),岡林 勇希,田中 幹也,上林 誠知,細川 成也,福永 裕基,ボスラー,山本 泰寛,加藤 匠馬,髙橋 宏斗
中日,9月14日(日),岡林 勇希,田中 幹也,上林 誠知,細川 成也,福永 裕基,ボスラー,山本 泰寛,石伊 雄太,大野 雄大
中日,9月15日(月),岡林 勇希,田中 幹也,板山 祐太郎,細川 成也,ボスラー,山本 泰寛,上林 誠知,石伊 雄太,松葉 貴大
中日,9月17日(水),大島 洋平,辻本 倫太郎,岡林 勇希,細川 成也,福永 裕基,山本 泰寛,ボスラー,石伊 雄太,金丸 夢斗
中日,9月18日(木),岡林 勇希,田中 幹也,上林 誠知,細川 成也,ボスラー,福永 裕基,ロドリゲス,加藤 匠馬,涌井 秀章
中日,9月19日(金),岡林 勇希,福永 裕基,上林 誠知,中田 翔,細川 成也,板山 祐太郎,山本 泰寛,石伊 雄太,柳 裕也
中日,9月20日(土),岡林 勇希,福永 裕基,上林 誠知,細川 成也,ボスラー,板山 祐太郎,ロドリゲス,加藤 匠馬,岡田 俊哉
中日,9月21日(日),岡林 勇希,田中 幹也,上林 誠知,細川 成也,ボスラー,福永 裕基,ロドリゲス,石伊 雄太,大野 雄大
中日,9月23日(火),岡林 勇希,田中 幹也,上林 誠知,細川 成也,ボスラー,山本 泰寛,森 駿太,石伊 雄太,マラー
中日,9月26日(金),岡林 勇希,細川 成也,上林 誠知,ボスラー,田中 幹也,森 駿太,山本 泰寛,味谷 大誠,柳 裕也
中日,9月27日(土),岡林 勇希,細川 成也,ブライト 健太,ボスラー,福永 裕基,森 駿太,山本 泰寛,加藤 匠馬,髙橋 宏斗
中日,9月28日(日),岡林 勇希,鵜飼 航丞,田中 幹也,細川 成也,ボスラー,山本 泰寛,森 駿太,石伊 雄太,金丸 夢斗
中日,9月30日(火),岡林 勇希,細川 成也,上林 誠知,ボスラー,福永 裕基,森 駿太,石伊 雄太,辻本 倫太郎,マラー
中日,10月1日(水),岡林 勇希,細川 成也,田中 幹也,ボスラー,鵜飼 航丞,森 駿太,辻本 倫太郎,味谷 大誠,草加 勝
広島,3月28日(金),二俣 翔一,矢野 雅哉,小園 海斗,モンテロ,秋山 翔吾,ファビアン,菊池 涼介,森下 暢仁,會澤 翼
広島,3月29日(土),二俣 翔一,矢野 雅哉,小園 海斗,モンテロ,秋山 翔吾,ファビアン,菊池 涼介,石原 貴規,床田 寛樹
広島,3月30日(日),二俣 翔一,矢野 雅哉,小園 海斗,モンテロ,秋山 翔吾,ファビアン,菊池 涼介,石原 貴規,森 翔平
広島,4月2日(水),二俣 翔一,矢野 雅哉,小園 海斗,堂林 翔太,末包 昇大,菊池 涼介,ファビアン,會澤 翼,大瀬良 大地
広島,4月3日(木),二俣 翔一,矢野 雅哉,小園 海斗,堂林 翔太,末包 昇大,ファビアン,菊池 涼介,石原 貴規,玉村 昇悟
広島,4月4日(金),二俣 翔一,矢野 雅哉,小園 海斗,堂林 翔太,野間 峻祥,ファビアン,田村 俊介,森下 暢仁,會澤 翼
広島,4月5日(土),二俣 翔一,矢野 雅哉,小園 海斗,堂林 翔太,ファビアン,末包 昇大,菊池 涼介,石原 貴規,床田 寛樹
広島,4月6日(日),野間 峻祥,矢野 雅哉,小園 海斗,田村 俊介,末包 昇大,ファビアン,菊池 涼介,石原 貴規,森 翔平
広島,4月8日(火),二俣 翔一,矢野 雅哉,小園 海斗,堂林 翔太,末包 昇大,ファビアン,菊池 涼介,石原 貴規,ドミンゲス
広島,4月9日(水),田村 俊介,矢野 雅哉,小園 海斗,末包 昇大,野間 峻祥,ファビアン,菊池 涼介,大瀬良 大地,會澤 翼
広島,4月10日(木),二俣 翔一,矢野 雅哉,小園 海斗,末包 昇大,ファビアン,菊池 涼介,田村 俊介,石原 貴規,玉村 昇悟
広島,4月11日(金),田村 俊介,矢野 雅哉,小園 海斗,末包 昇大,野間 峻祥,ファビアン,菊池 涼介,森下 暢仁,會澤 翼
広島,4月12日(土),田村 俊介,矢野 雅哉,小園 海斗,末包 昇大,野間 峻祥,ファビアン,菊池 涼介,床田 寛樹,石原 貴規
広島,4月13日(日),二俣 翔一,矢野 雅哉,小園 海斗,末包 昇大,ファビアン,菊池 涼介,田村 俊介,石原 貴規,森 翔平
広島,4月15日(火),二俣 翔一,矢野 雅哉,小園 海斗,末包 昇大,ファビアン,野間 峻祥,菊池 涼介,石原 貴規,ドミンゲス
広島,4月16日(水),二俣 翔一,矢野 雅哉,小園 海斗,末包 昇大,ファビアン,田村 俊介,菊池 涼介,會澤 翼,大瀬良 大地
広島,4月18日(金),二俣 翔一,矢野 雅哉,小園 海斗,末包 昇大,野間 峻祥,ファビアン,菊池 涼介,會澤 翼,森下 暢仁
広島,4月19日(土),矢野 雅哉,羽月 隆太郎,小園 海斗,末包 昇大,野間 峻祥,ファビアン,田村 俊介,石原 貴規,床田 寛樹
広島,4月20日(日),二俣 翔一,矢野 雅哉,小園 海斗,末包 昇大,ファビアン,中村 奨成,菊池 涼介,石原 貴規,森 翔平
広島,4月23日(水),中村 奨成,矢野 雅哉,小園 海斗,末包 昇大,ファビアン,堂林 翔太,菊池 涼介,會澤 翼,大瀬良 大地
広島,4月25日(金),中村 奨成,矢野 雅哉,小園 海斗,末包 昇大,ファビアン,堂林 翔太,菊池 涼介,會澤 翼,森下 暢仁
広島,4月26日(土),中村 奨成,矢野 雅哉,小園 海斗,末包 昇大,ファビアン,二俣 翔一,菊池 涼介,石原 貴規,床田 寛樹
広島,4月27日(日),田村 俊介,羽月 隆太郎,小園 海斗,末包 昇大,ファビアン,矢野 雅哉,林 晃汰,石原 貴規,玉村 昇悟
広島,4月29日(火),中村 奨成,二俣 翔一,小園 海斗,末包 昇大,ファビアン,菊池 涼介,田村 俊介,石原 貴規,森 翔平
広島,4月30日(水),田村 俊介,矢野 雅哉,小園 海斗,末包 昇大,野間 峻祥,ファビアン,菊池 涼介,會澤 翼,大瀬良 大地
広島,5月1日(木),小園 海斗,矢野 雅哉,野間 峻祥,末包 昇大,坂倉 将吾,ファビアン,菊池 涼介,田村 俊介,ドミンゲス
広島,5月2日(金),小園 海斗,羽月 隆太郎,野間 峻祥,末包 昇大,坂倉 将吾,ファビアン,堂林 翔太,矢野 雅哉,森下 暢仁
広島,5月3日(土),中村 奨成,菊池 涼介,小園 海斗,末包 昇大,坂倉 将吾,ファビアン,堂林 翔太,矢野 雅哉,床田 寛樹
広島,5月4日(日),中村 奨成,菊池 涼介,ファビアン,末包 昇大,坂倉 将吾,堂林 翔太,山足 達也,矢野 雅哉,玉村 昇悟
広島,5月5日(月),野間 峻祥,羽月 隆太郎,ファビアン,末包 昇大,坂倉 将吾,小園 海斗,田村 俊介,矢野 雅哉,高橋 昂也
広島,5月7日(水),中村 奨成,菊池 涼介,ファビアン,末包 昇大,坂倉 将吾,小園 海斗,二俣 翔一,矢野 雅哉,大瀬良 大地
広島,5月9日(金),中村 奨成,菊池 涼介,ファビアン,末包 昇大,坂倉 将吾,小園 海斗,矢野 雅哉,田村 俊介,森下 暢仁
広島,5月10日(土),中村 奨成,菊池 涼介,ファビアン,末包 昇大,坂倉 将吾,小園 海斗,堂林 翔太,矢野 雅哉,床田 寛樹
広島,5月11日(日),中村 奨成,菊池 涼介,ファビアン,末包 昇大,坂倉 将吾,小園 海斗,堂林 翔太,山足 達也,玉村 昇悟
広島,5月13日(火),中村 奨成,菊池 涼介,ファビアン,末包 昇大,坂倉 将吾,小園 海斗,モンテロ,矢野 雅哉,森 翔平
広島,5月14日(水),中村 奨成,菊池 涼介,ファビアン,末包 昇大,坂倉 将吾,小園 海斗,モンテロ,矢野 雅哉,大瀬良 大地
広島,5月15日(木),中村 奨成,菊池 涼介,ファビアン,末包 昇大,坂倉 将吾,小園 海斗,モンテロ,矢野 雅哉,ドミンゲス
広島,5月16日(金),秋山 翔吾,菊池 涼介,ファビアン,末包 昇大,坂倉 将吾,小園 海斗,モンテロ,矢野 雅哉,森下 暢仁
広島,5月17日(土),中村 奨成,菊池 涼介,ファビアン,末包 昇大,坂倉 将吾,小園 海斗,モンテロ,矢野 雅哉,床田 寛樹
広島,5月18日(日),中村 奨成,菊池 涼介,ファビアン,末包 昇大,坂倉 将吾,モンテロ,小園 海斗,矢野 雅哉,玉村 昇悟
広島,5月20日(火),秋山 翔吾,小園 海斗,ファビアン,末包 昇大,坂倉 将吾,モンテロ,佐々木 泰,矢野 雅哉,森 翔平
広島,5月22日(木),秋山 翔吾,菊池 涼介,ファビアン,末包 昇大,坂倉 将吾,モンテロ,佐々木 泰,矢野 雅哉,大瀬良 大地
広島,5月23日(金),秋山 翔吾,小園 海斗,ファビアン,末包 昇大,坂倉 将吾,モンテロ,佐々木 泰,矢野 雅哉,森下 暢仁
広島,5月25日(日),中村 奨成,菊池 涼介,ファビアン,末包 昇大,坂倉 将吾,モンテロ,小園 海斗,佐々木 泰,床田 寛樹
広島,5月27日(火),秋山 翔吾,菊池 涼介,ファビアン,末包 昇大,坂倉 将吾,モンテロ,小園 海斗,佐々木 泰,玉村 昇悟
広島,5月28日(水),野間 峻祥,小園 海斗,ファビアン,末包 昇大,坂倉 将吾,モンテロ,菊池 涼介,矢野 雅哉,大瀬良 大地
広島,5月30日(金),秋山 翔吾,小園 海斗,ファビアン,末包 昇大,坂倉 将吾,モンテロ,佐々木 泰,矢野 雅哉,森下 暢仁
広島,5月31日(土),中村 奨成,菊池 涼介,ファビアン,末包 昇大,モンテロ,小園 海斗,石原 貴規,矢野 雅哉,床田 寛樹
広島,6月1日(日),中村 奨成,菊池 涼介,ファビアン,末包 昇大,坂倉 将吾,モンテロ,小園 海斗,佐々木 泰,森 翔平
広島,6月3日(火),秋山 翔吾,小園 海斗,ファビアン,末包 昇大,坂倉 将吾,モンテロ,野間 峻祥,佐々木 泰,矢野 雅哉
広島,6月4日(水),中村 奨成,小園 海斗,ファビアン,末包 昇大,坂倉 将吾,モンテロ,秋山 翔吾,菊池 涼介,矢野 雅哉
広島,6月5日(木),羽月 隆太郎,小園 海斗,ファビアン,末包 昇大,坂倉 将吾,モンテロ,秋山 翔吾,佐々木 泰,矢野 雅哉
広島,6月6日(金),野間 峻祥,小園 海斗,ファビアン,末包 昇大,坂倉 将吾,モンテロ,佐々木 泰,菊池 涼介,森下 暢仁
広島,6月7日(土),野間 峻祥,小園 海斗,ファビアン,モンテロ,坂倉 将吾,末包 昇大,菊池 涼介,矢野 雅哉,床田 寛樹
広島,6月8日(日),中村 奨成,小園 海斗,ファビアン,モンテロ,坂倉 将吾,末包 昇大,菊池 涼介,矢野 雅哉,森 翔平
広島,6月10日(火),中村 奨成,小園 海斗,ファビアン,モンテロ,坂倉 将吾,末包 昇大,上本 崇司,菊池 涼介,矢野 雅哉
広島,6月11日(水),秋山 翔吾,小園 海斗,ファビアン,モンテロ,坂倉 将吾,野間 峻祥,末包 昇大,菊池 涼介,矢野 雅哉
広島,6月12日(木),秋山 翔吾,野間 峻祥,ファビアン,モンテロ,小園 海斗,坂倉 将吾,大盛 穂,田中 広輔,矢野 雅哉
広島,6月13日(金),大盛 穂,田中 広輔,ファビアン,モンテロ,小園 海斗,坂倉 将吾,末包 昇大,矢野 雅哉,石原 貴規
広島,6月14日(土),上本 崇司,中村 奨成,ファビアン,モンテロ,小園 海斗,末包 昇大,坂倉 将吾,石原 貴規,矢野 雅哉
広島,6月15日(日),大盛 穂,田中 広輔,ファビアン,モンテロ,小園 海斗,坂倉 将吾,末包 昇大,矢野 雅哉,石原 貴規
広島,6月17日(火),大盛 穂,田中 広輔,ファビアン,モンテロ,小園 海斗,坂倉 将吾,末包 昇大,矢野 雅哉,玉村 昇悟
広島,6月18日(水),大盛 穂,ファビアン,小園 海斗,モンテロ,坂倉 将吾,末包 昇大,菊池 涼介,矢野 雅哉,大瀬良 大地
広島,6月19日(木),大盛 穂,ファビアン,小園 海斗,モンテロ,坂倉 将吾,末包 昇大,菊池 涼介,矢野 雅哉,ドミンゲス
広島,6月20日(金),大盛 穂,ファビアン,小園 海斗,モンテロ,坂倉 将吾,末包 昇大,菊池 涼介,矢野 雅哉,森下 暢仁
広島,6月21日(土),大盛 穂,ファビアン,小園 海斗,モンテロ,坂倉 将吾,末包 昇大,矢野 雅哉,菊池 涼介,床田 寛樹
広島,6月22日(日),大盛 穂,ファビアン,小園 海斗,モンテロ,坂倉 将吾,末包 昇大,矢野 雅哉,菊池 涼介,森 翔平
広島,6月27日(金),大盛 穂,ファビアン,小園 海斗,モンテロ,坂倉 将吾,末包 昇大,菊池 涼介,矢野 雅哉,森下 暢仁
広島,6月28日(土),大盛 穂,ファビアン,小園 海斗,モンテロ,坂倉 将吾,末包 昇大,田中 広輔,矢野 雅哉,玉村 昇悟
広島,6月29日(日),中村 奨成,上本 崇司,小園 海斗,ファビアン,末包 昇大,モンテロ,菊池 涼介,會澤 翼,佐藤 柳之介
広島,7月1日(火),大盛 穂,末包 昇大,小園 海斗,ファビアン,坂倉 将吾,モンテロ,菊池 涼介,矢野 雅哉,床田 寛樹
広島,7月2日(水),中村 奨成,矢野 雅哉,小園 海斗,ファビアン,坂倉 将吾,末包 昇大,モンテロ,菊池 涼介,大瀬良 大地
広島,7月3日(木),中村 奨成,田中 広輔,小園 海斗,ファビアン,坂倉 将吾,末包 昇大,モンテロ,矢野 雅哉,森 翔平
広島,7月4日(金),中村 奨成,田中 広輔,小園 海斗,ファビアン,坂倉 将吾,末包 昇大,モンテロ,矢野 雅哉,森下 暢仁
広島,7月5日(土),末包 昇大,中村 奨成,ファビアン,小園 海斗,坂倉 将吾,菊池 涼介,モンテロ,矢野 雅哉,玉村 昇悟
広島,7月6日(日),中村 奨成,矢野 雅哉,ファビアン,小園 海斗,野間 峻祥,モンテロ,菊池 涼介,會澤 翼,佐藤 柳之介
広島,7月8日(火),中村 奨成,野間 峻祥,小園 海斗,ファビアン,坂倉 将吾,菊池 涼介,モンテロ,矢野 雅哉,床田 寛樹
広島,7月9日(水),野間 峻祥,中村 奨成,ファビアン,小園 海斗,モンテロ,坂倉 将吾,菊池 涼介,田中 広輔,大瀬良 大地
広島,7月10日(木),大盛 穂,菊池 涼介,小園 海斗,ファビアン,坂倉 将吾,秋山 翔吾,モンテロ,田中 広輔,森 翔平
広島,7月11日(金),秋山 翔吾,菊池 涼介,小園 海斗,ファビアン,坂倉 将吾,モンテロ,中村 健人,矢野 雅哉,森下 暢仁
広島,7月12日(土),中村 奨成,中村 健人,小園 海斗,ファビアン,坂倉 将吾,末包 昇大,菊池 涼介,上本 崇司,玉村 昇悟
広島,7月13日(日),中村 奨成,羽月 隆太郎,小園 海斗,ファビアン,末包 昇大,モンテロ,菊池 涼介,會澤 翼,佐藤 柳之介
広島,7月15日(火),中村 奨成,菊池 涼介,ファビアン,小園 海斗,坂倉 将吾,末包 昇大,モンテロ,二俣 翔一,床田 寛樹
広島,7月16日(水),中村 奨成,大盛 穂,小園 海斗,ファビアン,坂倉 将吾,モンテロ,羽月 隆太郎,二俣 翔一,大瀬良 大地
広島,7月17日(木),野間 峻祥,大盛 穂,小園 海斗,ファビアン,坂倉 将吾,モンテロ,羽月 隆太郎,矢野 雅哉,森 翔平
広島,7月19日(土),大盛 穂,羽月 隆太郎,小園 海斗,ファビアン,坂倉 将吾,モンテロ,末包 昇大,菊池 涼介,森下 暢仁
広島,7月20日(日),大盛 穂,羽月 隆太郎,小園 海斗,ファビアン,野間 峻祥,坂倉 将吾,モンテロ,林 晃汰,玉村 昇悟
広島,7月21日(月),大盛 穂,羽月 隆太郎,小園 海斗,ファビアン,野間 峻祥,二俣 翔一,林 晃汰,石原 貴規,床田 寛樹
広島,7月26日(土),秋山 翔吾,二俣 翔一,小園 海斗,ファビアン,坂倉 将吾,末包 昇大,菊池 涼介,林 晃汰,森下 暢仁
広島,7月27日(日),秋山 翔吾,大盛 穂,小園 海斗,ファビアン,坂倉 将吾,二俣 翔一,林 晃汰,會澤 翼,佐藤 柳之介
広島,7月29日(火),大盛 穂,菊池 涼介,小園 海斗,ファビアン,坂倉 将吾,モンテロ,末包 昇大,矢野 雅哉,床田 寛樹
広島,7月30日(水),秋山 翔吾,羽月 隆太郎,小園 海斗,ファビアン,坂倉 将吾,末包 昇大,矢野 雅哉,林 晃汰,大瀬良 大地
広島,7月31日(木),秋山 翔吾,ファビアン,小園 海斗,末包 昇大,坂倉 将吾,モンテロ,菊池 涼介,矢野 雅哉,森 翔平
広島,8月1日(金),羽月 隆太郎,ファビアン,小園 海斗,末包 昇大,坂倉 将吾,モンテロ,大盛 穂,矢野 雅哉,髙 太一
広島,8月2日(土),羽月 隆太郎,ファビアン,小園 海斗,末包 昇大,坂倉 将吾,モンテロ,秋山 翔吾,矢野 雅哉,森下 暢仁
広島,8月3日(日),久保 修,ファビアン,小園 海斗,末包 昇大,坂倉 将吾,モンテロ,菊池 涼介,矢野 雅哉,遠藤 淳志
広島,8月5日(火),中村 奨成,ファビアン,小園 海斗,末包 昇大,坂倉 将吾,モンテロ,羽月 隆太郎,二俣 翔一,床田 寛樹
広島,8月6日(水),中村 奨成,ファビアン,小園 海斗,末包 昇大,坂倉 将吾,モンテロ,菊池 涼介,二俣 翔一,大瀬良 大地
広島,8月7日(木),羽月 隆太郎,ファビアン,小園 海斗,末包 昇大,坂倉 将吾,中村 奨成,モンテロ,菊池 涼介,森 翔平
広島,8月8日(金),中村 奨成,矢野 雅哉,ファビアン,末包 昇大,坂倉 将吾,モンテロ,二俣 翔一,前川 誠太,髙 太一
広島,8月9日(土),大盛 穂,羽月 隆太郎,野間 峻祥,坂倉 将吾,秋山 翔吾,前川 誠太,モンテロ,矢野 雅哉,森下 暢仁
広島,8月10日(日),中村 奨成,前川 誠太,ファビアン,末包 昇大,坂倉 将吾,菊池 涼介,モンテロ,二俣 翔一,玉村 昇悟
広島,8月12日(火),中村 奨成,ファビアン,小園 海斗,末包 昇大,モンテロ,菊池 涼介,佐々木 泰,石原 貴規,床田 寛樹
広島,8月13日(水),中村 奨成,ファビアン,小園 海斗,末包 昇大,モンテロ,前川 誠太,佐々木 泰,石原 貴規,大瀬良 大地
広島,8月15日(金),中村 奨成,ファビアン,小園 海斗,末包 昇大,坂倉 将吾,モンテロ,佐々木 泰,前川 誠太,森 翔平
広島,8月16日(土),秋山 翔吾,中村 奨成,小園 海斗,末包 昇大,坂倉 将吾,モンテロ,佐々木 泰,菊池 涼介,森下 暢仁
広島,8月17日(日),中村 奨成,ファビアン,小園 海斗,末包 昇大,坂倉 将吾,モンテロ,佐々木 泰,菊池 涼介,遠藤 淳志
広島,8月19日(火),中村 奨成,ファビアン,小園 海斗,末包 昇大,坂倉 将吾,モンテロ,菊池 涼介,佐々木 泰,床田 寛樹
広島,8月20日(水),中村 奨成,ファビアン,小園 海斗,末包 昇大,坂倉 将吾,モンテロ,菊池 涼介,佐々木 泰,大瀬良 大地
広島,8月21日(木),中村 奨成,ファビアン,小園 海斗,モンテロ,坂倉 将吾,羽月 隆太郎,大盛 穂,佐々木 泰,髙 太一
広島,8月22日(金),中村 奨成,ファビアン,小園 海斗,モンテロ,坂倉 将吾,羽月 隆太郎,秋山 翔吾,佐々木 泰,森 翔平
広島,8月23日(土),中村 奨成,ファビアン,小園 海斗,モンテロ,坂倉 将吾,羽月 隆太郎,大盛 穂,佐々木 泰,森下 暢仁
広島,8月24日(日),中村 奨成,前川 誠太,ファビアン,モンテロ,末包 昇大,菊池 涼介,佐々木 泰,石原 貴規,常廣 羽也斗
広島,8月26日(火),中村 奨成,ファビアン,小園 海斗,モンテロ,末包 昇大,羽月 隆太郎,坂倉 将吾,佐々木 泰,床田 寛樹
広島,8月27日(水),中村 奨成,ファビアン,小園 海斗,モンテロ,末包 昇大,菊池 涼介,佐々木 泰,會澤 翼,大瀬良 大地
広島,8月28日(木),中村 奨成,ファビアン,小園 海斗,モンテロ,末包 昇大,坂倉 将吾,菊池 涼介,佐々木 泰,髙 太一
広島,8月29日(金),中村 奨成,ファビアン,小園 海斗,モンテロ,末包 昇大,羽月 隆太郎,坂倉 将吾,佐々木 泰,森 翔平
広島,8月30日(土),中村 奨成,ファビアン,小園 海斗,モンテロ,末包 昇大,菊池 涼介,坂倉 将吾,佐々木 泰,高橋 昂也
広島,8月31日(日),中村 奨成,羽月 隆太郎,小園 海斗,モンテロ,坂倉 将吾,菊池 涼介,末包 昇大,大盛 穂,常廣 羽也斗
広島,9月2日(火),中村 奨成,ファビアン,小園 海斗,モンテロ,末包 昇大,菊池 涼介,坂倉 将吾,佐々木 泰,床田 寛樹
広島,9月3日(水),中村 奨成,ファビアン,小園 海斗,モンテロ,末包 昇大,菊池 涼介,佐々木 泰,會澤 翼,大瀬良 大地
広島,9月4日(木),中村 奨成,ファビアン,小園 海斗,モンテロ,末包 昇大,菊池 涼介,坂倉 将吾,佐々木 泰,髙 太一
広島,9月5日(金),中村 奨成,ファビアン,小園 海斗,モンテロ,末包 昇大,菊池 涼介,坂倉 将吾,佐々木 泰,森 翔平
広島,9月6日(土),中村 奨成,ファビアン,小園 海斗,モンテロ,末包 昇大,菊池 涼介,佐々木 泰,石原 貴規,常廣 羽也斗
広島,9月7日(日),中村 奨成,ファビアン,羽月 隆太郎,小園 海斗,モンテロ,秋山 翔吾,佐々木 泰,石原 貴規,アドゥワ 誠
広島,9月9日(火),中村 奨成,ファビアン,小園 海斗,モンテロ,末包 昇大,坂倉 将吾,菊池 涼介,佐々木 泰,床田 寛樹
広島,9月10日(水),中村 奨成,ファビアン,小園 海斗,モンテロ,末包 昇大,菊池 涼介,佐々木 泰,會澤 翼,大瀬良 大地
広島,9月11日(木),中村 奨成,大盛 穂,小園 海斗,ファビアン,坂倉 将吾,菊池 涼介,前川 誠太,佐々木 泰,髙 太一
広島,9月12日(金),中村 奨成,ファビアン,小園 海斗,モンテロ,坂倉 将吾,羽月 隆太郎,佐々木 泰,大盛 穂,森 翔平
広島,9月13日(土),中村 奨成,ファビアン,小園 海斗,モンテロ,坂倉 将吾,羽月 隆太郎,秋山 翔吾,佐々木 泰,常廣 羽也斗
広島,9月14日(日),中村 奨成,ファビアン,小園 海斗,モンテロ,坂倉 将吾,秋山 翔吾,菊池 涼介,佐々木 泰,アドゥワ 誠
広島,9月15日(月),中村 奨成,羽月 隆太郎,小園 海斗,ファビアン,坂倉 将吾,秋山 翔吾,矢野 雅哉,前川 誠太,玉村 昇悟
広島,9月17日(水),中村 奨成,ファビアン,小園 海斗,モンテロ,坂倉 将吾,秋山 翔吾,菊池 涼介,佐々木 泰,床田 寛樹
広島,9月18日(木),中村 奨成,ファビアン,小園 海斗,モンテロ,末包 昇大,菊池 涼介,佐々木 泰,石原 貴規,髙 太一
広島,9月19日(金),中村 奨成,ファビアン,小園 海斗,末包 昇大,坂倉 将吾,佐々木 泰,矢野 雅哉,會澤 翼,大瀬良 大地
広島,9月20日(土),中村 奨成,ファビアン,小園 海斗,末包 昇大,モンテロ,菊池 涼介,佐々木 泰,石原 貴規,森 翔平
広島,9月21日(日),中村 奨成,ファビアン,小園 海斗,佐々木 泰,大盛 穂,坂倉 将吾,矢野 雅哉,清水 叶人,常廣 羽也斗
広島,9月23日(火),中村 奨成,ファビアン,小園 海斗,佐々木 泰,末包 昇大,林 晃汰,佐藤 啓介,清水 叶人,玉村 昇悟
広島,9月26日(金),中村 奨成,大盛 穂,佐々木 泰,末包 昇大,林 晃汰,矢野 雅哉,佐藤 啓介,石原 貴規,床田 寛樹
広島,9月27日(土),中村 奨成,大盛 穂,佐々木 泰,モンテロ,前川 誠太,佐藤 啓介,内田 湘大,石原 貴規,森 翔平
広島,9月28日(日),中村 奨成,大盛 穂,佐々木 泰,モンテロ,前川 誠太,林 晃汰,矢野 雅哉,清水 叶人,髙 太一
広島,10月3日(金),中村 奨成,大盛 穂,小園 海斗,佐々木 泰,林 晃汰,渡邉 悠斗,佐藤 啓介,清水 叶人,斉藤 優汰
広島,10月4日(土),田中 広輔,菊池 涼介,中村 奨成,佐々木 泰,末包 昇大,渡邉 悠斗,久保 修,石原 貴規,佐藤 柳之介
ヤクルト,3月28日(金),西川 遥輝,岩田 幸宏,長岡 秀樹,サンタナ,オスナ,赤羽 由紘,茂木 栄五郎,中村 悠平,奥川 恭伸
ヤクルト,3月29日(土),西川 遥輝,岩田 幸宏,長岡 秀樹,サンタナ,オスナ,赤羽 由紘,茂木 栄五郎,中村 悠平,吉村 貢司郎
ヤクルト,3月30日(日),赤羽 由紘,西川 遥輝,サンタナ,オスナ,長岡 秀樹,濱田 太貴,茂木 栄五郎,松本 直樹,高橋 奎二
ヤクルト,4月2日(水),赤羽 由紘,長岡 秀樹,サンタナ,オスナ,茂木 栄五郎,山田 哲人,宮本 丈,古賀 優大,山野 太一
ヤクルト,4月3日(木),赤羽 由紘,長岡 秀樹,サンタナ,オスナ,茂木 栄五郎,山田 哲人,濱田 太貴,中村 悠平,小川 泰弘
ヤクルト,4月4日(金),赤羽 由紘,長岡 秀樹,西川 遥輝,サンタナ,オスナ,茂木 栄五郎,濱田 太貴,松本 直樹,高梨 裕稔
ヤクルト,4月5日(土),赤羽 由紘,西川 遥輝,サンタナ,オスナ,山田 哲人,長岡 秀樹,中村 悠平,濱田 太貴,ランバート
ヤクルト,4月6日(日),赤羽 由紘,茂木 栄五郎,サンタナ,オスナ,山田 哲人,長岡 秀樹,古賀 優大,丸山 和郁,奥川 恭伸
ヤクルト,4月8日(火),丸山 和郁,長岡 秀樹,サンタナ,オスナ,山田 哲人,茂木 栄五郎,赤羽 由紘,中村 悠平,高橋 奎二
ヤクルト,4月9日(水),西川 遥輝,長岡 秀樹,サンタナ,オスナ,山田 哲人,茂木 栄五郎,赤羽 由紘,中村 悠平,石川 雅規
ヤクルト,4月12日(土),赤羽 由紘,長岡 秀樹,サンタナ,オスナ,山田 哲人,増田 珠,茂木 栄五郎,中村 悠平,ランバート
ヤクルト,4月15日(火),西川 遥輝,長岡 秀樹,サンタナ,オスナ,茂木 栄五郎,山田 哲人,中村 悠平,丸山 和郁,奥川 恭伸
ヤクルト,4月17日(木),西川 遥輝,長岡 秀樹,サンタナ,村上 宗隆,オスナ,茂木 栄五郎,山田 哲人,松本 直樹,吉村 貢司郎
ヤクルト,4月18日(金),茂木 栄五郎,西川 遥輝,サンタナ,オスナ,長岡 秀樹,山田 哲人,赤羽 由紘,中村 悠平,小川 泰弘
ヤクルト,4月19日(土),赤羽 由紘,サンタナ,増田 珠,オスナ,長岡 秀樹,山田 哲人,古賀 優大,山野 太一,並木 秀尊
ヤクルト,4月20日(日),西川 遥輝,サンタナ,茂木 栄五郎,オスナ,長岡 秀樹,山田 哲人,中村 悠平,ランバート,岩田 幸宏
ヤクルト,4月23日(水),西川 遥輝,サンタナ,茂木 栄五郎,オスナ,長岡 秀樹,山田 哲人,赤羽 由紘,中村 悠平,石川 雅規
ヤクルト,4月25日(金),西川 遥輝,サンタナ,茂木 栄五郎,オスナ,長岡 秀樹,山田 哲人,古賀 優大,赤羽 由紘,吉村 貢司郎
ヤクルト,4月26日(土),内山 壮真,サンタナ,赤羽 由紘,オスナ,長岡 秀樹,山田 哲人,古賀 優大,増田 珠,奥川 恭伸
ヤクルト,4月27日(日),西川 遥輝,サンタナ,茂木 栄五郎,オスナ,赤羽 由紘,山田 哲人,中村 悠平,小川 泰弘,武岡 龍世
ヤクルト,4月29日(火),西川 遥輝,サンタナ,茂木 栄五郎,オスナ,赤羽 由紘,山田 哲人,中村 悠平,ランバート,武岡 龍世
ヤクルト,4月30日(水),西川 遥輝,サンタナ,茂木 栄五郎,オスナ,赤羽 由紘,古賀 優大,山田 哲人,山野 太一,武岡 龍世
ヤクルト,5月1日(木),西川 遥輝,サンタナ,茂木 栄五郎,オスナ,赤羽 由紘,古賀 優大,山田 哲人,高梨 裕稔,武岡 龍世
ヤクルト,5月2日(金),西川 遥輝,サンタナ,茂木 栄五郎,オスナ,赤羽 由紘,古賀 優大,山田 哲人,武岡 龍世,吉村 貢司郎
ヤクルト,5月3日(土),岩田 幸宏,西川 遥輝,サンタナ,茂木 栄五郎,オスナ,赤羽 由紘,武岡 龍世,中村 悠平,奥川 恭伸
ヤクルト,5月4日(日),内山 壮真,赤羽 由紘,サンタナ,山田 哲人,オスナ,茂木 栄五郎,古賀 優大,岩田 幸宏,石川 雅規
ヤクルト,5月5日(月),岩田 幸宏,内山 壮真,サンタナ,山田 哲人,オスナ,赤羽 由紘,中村 悠平,武岡 龍世,小川 泰弘
ヤクルト,5月7日(水),西川 遥輝,赤羽 由紘,サンタナ,茂木 栄五郎,オスナ,古賀 優大,山田 哲人,岩田 幸宏,山野 太一
ヤクルト,5月9日(金),岩田 幸宏,サンタナ,茂木 栄五郎,内山 壮真,オスナ,古賀 優大,赤羽 由紘,武岡 龍世,高梨 裕稔
ヤクルト,5月10日(土),岩田 幸宏,赤羽 由紘,サンタナ,内山 壮真,オスナ,茂木 栄五郎,古賀 優大,伊藤 琉偉,ランバート
ヤクルト,5月11日(日),岩田 幸宏,サンタナ,茂木 栄五郎,内山 壮真,オスナ,山田 哲人,武岡 龍世,中村 悠平,吉村 貢司郎
ヤクルト,5月13日(火),岩田 幸宏,サンタナ,茂木 栄五郎,オスナ,内山 壮真,山田 哲人,北村 拓己,中村 悠平,小川 泰弘
ヤクルト,5月14日(水),岩田 幸宏,北村 拓己,茂木 栄五郎,サンタナ,オスナ,赤羽 由紘,西川 遥輝,古賀 優大,アビラ
ヤクルト,5月16日(金),岩田 幸宏,武岡 龍世,サンタナ,オスナ,内山 壮真,北村 拓己,山田 哲人,古賀 優大,山野 太一
ヤクルト,5月17日(土),岩田 幸宏,サンタナ,茂木 栄五郎,オスナ,内山 壮真,北村 拓己,山田 哲人,中村 悠平,高梨 裕稔
ヤクルト,5月18日(日),岩田 幸宏,サンタナ,茂木 栄五郎,オスナ,内山 壮真,北村 拓己,山田 哲人,中村 悠平,石川 雅規
ヤクルト,5月20日(火),岩田 幸宏,北村 拓己,サンタナ,茂木 栄五郎,オスナ,増田 珠,山田 哲人,中村 悠平,ランバート
ヤクルト,5月22日(木),岩田 幸宏,北村 拓己,サンタナ,宮本 丈,オスナ,茂木 栄五郎,山田 哲人,中村 悠平,小川 泰弘
ヤクルト,5月23日(金),岩田 幸宏,北村 拓己,サンタナ,宮本 丈,オスナ,茂木 栄五郎,山田 哲人,古賀 優大,山野 太一
ヤクルト,5月24日(土),岩田 幸宏,伊藤 琉偉,北村 拓己,オスナ,山田 哲人,増田 珠,内山 壮真,中村 悠平,吉村 貢司郎
ヤクルト,5月25日(日),岩田 幸宏,西川 遥輝,サンタナ,オスナ,山田 哲人,茂木 栄五郎,北村 拓己,古賀 優大,アビラ
ヤクルト,5月27日(火),岩田 幸宏,北村 拓己,澤井 廉,オスナ,内山 壮真,山田 哲人,茂木 栄五郎,古賀 優大,ランバート
ヤクルト,5月28日(水),岩田 幸宏,北村 拓己,内山 壮真,オスナ,山田 哲人,茂木 栄五郎,澤井 廉,古賀 優大,高梨 裕稔
ヤクルト,5月29日(木),増田 珠,伊藤 琉偉,北村 拓己,オスナ,内山 壮真,澤井 廉,山田 哲人,中村 悠平,小川 泰弘
ヤクルト,5月30日(金),岩田 幸宏,北村 拓己,宮本 丈,オスナ,澤井 廉,山田 哲人,赤羽 由紘,古賀 優大,山野 太一
ヤクルト,5月31日(土),北村 拓己,茂木 栄五郎,澤井 廉,オスナ,内山 壮真,岩田 幸宏,赤羽 由紘,中村 悠平,吉村 貢司郎
ヤクルト,6月1日(日),北村 拓己,茂木 栄五郎,内山 壮真,オスナ,澤井 廉,赤羽 由紘,中村 悠平,岩田 幸宏,下川 隼佑
ヤクルト,6月3日(火),北村 拓己,武岡 龍世,サンタナ,澤井 廉,オスナ,内山 壮真,赤羽 由紘,古賀 優大,岩田 幸宏
ヤクルト,6月4日(水),北村 拓己,宮本 丈,オスナ,サンタナ,増田 珠,赤羽 由紘,古賀 優大,武岡 龍世,岩田 幸宏
ヤクルト,6月5日(木),西川 遥輝,宮本 丈,オスナ,サンタナ,北村 拓己,古賀 優大,武岡 龍世,澤井 廉,伊藤 琉偉
ヤクルト,6月6日(金),赤羽 由紘,中村 悠平,オスナ,サンタナ,北村 拓己,澤井 廉,伊藤 琉偉,武岡 龍世,山野 太一
ヤクルト,6月7日(土),岩田 幸宏,中村 悠平,オスナ,サンタナ,澤井 廉,武岡 龍世,北村 拓己,伊藤 琉偉,吉村 貢司郎
ヤクルト,6月8日(日),並木 秀尊,武岡 龍世,オスナ,サンタナ,内山 壮真,中村 悠平,北村 拓己,伊藤 琉偉,高橋 奎二
ヤクルト,6月10日(火),並木 秀尊,武岡 龍世,サンタナ,オスナ,宮本 丈,内山 壮真,古賀 優大,北村 拓己,伊藤 琉偉
ヤクルト,6月11日(水),並木 秀尊,サンタナ,内山 壮真,オスナ,増田 珠,山田 哲人,古賀 優大,北村 拓己,伊藤 琉偉
ヤクルト,6月12日(木),並木 秀尊,サンタナ,内山 壮真,オスナ,増田 珠,山田 哲人,古賀 優大,赤羽 由紘,伊藤 琉偉
ヤクルト,6月13日(金),並木 秀尊,岩田 幸宏,サンタナ,オスナ,内山 壮真,山田 哲人,中村 悠平,武岡 龍世,伊藤 琉偉
ヤクルト,6月14日(土),並木 秀尊,サンタナ,内山 壮真,オスナ,増田 珠,山田 哲人,古賀 優大,武岡 龍世,伊藤 琉偉
ヤクルト,6月15日(日),並木 秀尊,サンタナ,内山 壮真,オスナ,西川 遥輝,山田 哲人,古賀 優大,武岡 龍世,伊藤 琉偉
ヤクルト,6月17日(火),岩田 幸宏,武岡 龍世,サンタナ,オスナ,内山 壮真,山田 哲人,古賀 優大,伊藤 琉偉,高梨 裕稔
ヤクルト,6月18日(水),岩田 幸宏,武岡 龍世,サンタナ,オスナ,内山 壮真,古賀 優大,赤羽 由紘,伊藤 琉偉,ランバート
ヤクルト,6月19日(木),岩田 幸宏,サンタナ,内山 壮真,オスナ,武岡 龍世,山田 哲人,伊藤 琉偉,中村 悠平,アビラ
ヤクルト,6月20日(金),岩田 幸宏,武岡 龍世,内山 壮真,サンタナ,オスナ,古賀 優大,山田 哲人,伊藤 琉偉,小川 泰弘
ヤクルト,6月21日(土),並木 秀尊,山野辺 翔,サンタナ,オスナ,内山 壮真,山田 哲人,伊藤 琉偉,中村 悠平,吉村 貢司郎
ヤクルト,6月22日(日),並木 秀尊,山野辺 翔,内山 壮真,オスナ,増田 珠,山田 哲人,伊藤 琉偉,中村 悠平,中村 優斗
ヤクルト,6月27日(金),並木 秀尊,武岡 龍世,内山 壮真,オスナ,宮本 丈,山田 哲人,古賀 優大,伊藤 琉偉,ランバート
ヤクルト,6月28日(土),並木 秀尊,武岡 龍世,内山 壮真,オスナ,宮本 丈,山田 哲人,中村 悠平,伊藤 琉偉,高橋 奎二
ヤクルト,6月29日(日),並木 秀尊,赤羽 由紘,内山 壮真,オスナ,増田 珠,山田 哲人,古賀 優大,伊藤 琉偉,アビラ
ヤクルト,7月1日(火),並木 秀尊,武岡 龍世,内山 壮真,オスナ,山田 哲人,澤井 廉,古賀 優大,伊藤 琉偉,吉村 貢司郎
ヤクルト,7月2日(水),並木 秀尊,岩田 幸宏,内山 壮真,オスナ,山田 哲人,茂木 栄五郎,松本 直樹,伊藤 琉偉,奥川 恭伸
ヤクルト,7月3日(木),並木 秀尊,岩田 幸宏,赤羽 由紘,オスナ,内山 壮真,北村 拓己,伊藤 琉偉,中村 悠平,中村 優斗
ヤクルト,7月4日(金),並木 秀尊,岩田 幸宏,赤羽 由紘,オスナ,内山 壮真,山田 哲人,古賀 優大,伊藤 琉偉,ランバート
ヤクルト,7月5日(土),並木 秀尊,山野辺 翔,赤羽 由紘,オスナ,内山 壮真,澤井 廉,伊藤 琉偉,中村 悠平,高橋 奎二
ヤクルト,7月6日(日),増田 珠,岩田 幸宏,赤羽 由紘,オスナ,内山 壮真,山田 哲人,伊藤 琉偉,中村 悠平,アビラ
ヤクルト,7月8日(火),並木 秀尊,岩田 幸宏,赤羽 由紘,オスナ,内山 壮真,山田 哲人,古賀 優大,伊藤 琉偉,吉村 貢司郎
ヤクルト,7月9日(水),岩田 幸宏,並木 秀尊,内山 壮真,オスナ,山田 哲人,伊藤 琉偉,中村 悠平,武岡 龍世,奥川 恭伸
ヤクルト,7月11日(金),岩田 幸宏,太田 賢吾,内山 壮真,オスナ,山田 哲人,伊藤 琉偉,古賀 優大,武岡 龍世,ランバート
ヤクルト,7月12日(土),岩田 幸宏,武岡 龍世,内山 壮真,オスナ,太田 賢吾,伊藤 琉偉,中村 悠平,山野辺 翔,石川 雅規
ヤクルト,7月13日(日),岩田 幸宏,赤羽 由紘,内山 壮真,オスナ,山田 哲人,増田 珠,伊藤 琉偉,松本 直樹,アビラ
ヤクルト,7月17日(木),岩田 幸宏,赤羽 由紘,内山 壮真,オスナ,山田 哲人,澤井 廉,古賀 優大,伊藤 琉偉,吉村 貢司郎
ヤクルト,7月19日(土),岩田 幸宏,古賀 優大,内山 壮真,オスナ,赤羽 由紘,山田 哲人,澤井 廉,伊藤 琉偉,奥川 恭伸
ヤクルト,7月20日(日),岩田 幸宏,赤羽 由紘,内山 壮真,オスナ,山田 哲人,澤井 廉,伊藤 琉偉,中村 悠平,中村 優斗
ヤクルト,7月21日(月),岩田 幸宏,赤羽 由紘,内山 壮真,オスナ,山田 哲人,澤井 廉,古賀 優大,伊藤 琉偉,ランバート
ヤクルト,7月26日(土),岩田 幸宏,赤羽 由紘,内山 壮真,オスナ,山田 哲人,澤井 廉,古賀 優大,伊藤 琉偉,吉村 貢司郎
ヤクルト,7月27日(日),岩田 幸宏,赤羽 由紘,内山 壮真,オスナ,山田 哲人,澤井 廉,中村 悠平,伊藤 琉偉,奥川 恭伸
ヤクルト,7月29日(火),岩田 幸宏,赤羽 由紘,内山 壮真,村上 宗隆,オスナ,山田 哲人,古賀 優大,伊藤 琉偉,ランバート
ヤクルト,7月30日(水),岩田 幸宏,赤羽 由紘,内山 壮真,村上 宗隆,オスナ,山田 哲人,古賀 優大,伊藤 琉偉,アビラ
ヤクルト,7月31日(木),岩田 幸宏,赤羽 由紘,内山 壮真,村上 宗隆,オスナ,澤井 廉,中村 悠平,伊藤 琉偉,中村 優斗
ヤクルト,8月1日(金),岩田 幸宏,赤羽 由紘,内山 壮真,村上 宗隆,オスナ,太田 賢吾,古賀 優大,長岡 秀樹,高梨 裕稔
ヤクルト,8月2日(土),岩田 幸宏,赤羽 由紘,内山 壮真,村上 宗隆,オスナ,太田 賢吾,古賀 優大,長岡 秀樹,吉村 貢司郎
ヤクルト,8月3日(日),太田 賢吾,岩田 幸宏,内山 壮真,村上 宗隆,オスナ,長岡 秀樹,赤羽 由紘,中村 悠平,奥川 恭伸
ヤクルト,8月5日(火),岩田 幸宏,赤羽 由紘,内山 壮真,村上 宗隆,オスナ,山田 哲人,長岡 秀樹,古賀 優大,ランバート
ヤクルト,8月6日(水),赤羽 由紘,岩田 幸宏,内山 壮真,村上 宗隆,オスナ,山田 哲人,古賀 優大,伊藤 琉偉,アビラ
ヤクルト,8月7日(木),太田 賢吾,岩田 幸宏,内山 壮真,村上 宗隆,オスナ,北村 恵吾,長岡 秀樹,中村 悠平,石川 雅規
ヤクルト,8月8日(金),太田 賢吾,赤羽 由紘,内山 壮真,村上 宗隆,オスナ,古賀 優大,山田 哲人,長岡 秀樹,高梨 裕稔
ヤクルト,8月9日(土),太田 賢吾,長岡 秀樹,内山 壮真,村上 宗隆,オスナ,山田 哲人,中村 悠平,岩田 幸宏,吉村 貢司郎
ヤクルト,8月10日(日),太田 賢吾,長岡 秀樹,内山 壮真,村上 宗隆,オスナ,山田 哲人,中村 悠平,丸山 和郁,奥川 恭伸
ヤクルト,8月11日(月),太田 賢吾,岩田 幸宏,内山 壮真,村上 宗隆,オスナ,山田 哲人,中村 悠平,伊藤 琉偉,小川 泰弘
ヤクルト,8月12日(火),太田 賢吾,岩田 幸宏,内山 壮真,村上 宗隆,北村 恵吾,長岡 秀樹,古賀 優大,赤羽 由紘,ランバート
ヤクルト,8月13日(水),太田 賢吾,長岡 秀樹,内山 壮真,村上 宗隆,北村 恵吾,山田 哲人,古賀 優大,岩田 幸宏,アビラ
ヤクルト,8月15日(金),太田 賢吾,伊藤 琉偉,内山 壮真,村上 宗隆,オスナ,山田 哲人,古賀 優大,岩田 幸宏,高梨 裕稔
ヤクルト,8月16日(土),太田 賢吾,長岡 秀樹,内山 壮真,村上 宗隆,オスナ,山田 哲人,中村 悠平,岩田 幸宏,吉村 貢司郎
ヤクルト,8月17日(日),太田 賢吾,長岡 秀樹,内山 壮真,村上 宗隆,オスナ,山田 哲人,古賀 優大,赤羽 由紘,奥川 恭伸
ヤクルト,8月19日(火),太田 賢吾,長岡 秀樹,内山 壮真,村上 宗隆,オスナ,山田 哲人,古賀 優大,赤羽 由紘,ランバート
ヤクルト,8月20日(水),増田 珠,伊藤 琉偉,内山 壮真,村上 宗隆,オスナ,山田 哲人,古賀 優大,岩田 幸宏,アビラ
ヤクルト,8月21日(木),増田 珠,長岡 秀樹,内山 壮真,村上 宗隆,オスナ,山田 哲人,岩田 幸宏,中村 悠平,石川 雅規
ヤクルト,8月22日(金),増田 珠,伊藤 琉偉,内山 壮真,村上 宗隆,オスナ,山田 哲人,古賀 優大,岩田 幸宏,高梨 裕稔
ヤクルト,8月23日(土),太田 賢吾,岩田 幸宏,内山 壮真,村上 宗隆,オスナ,山田 哲人,古賀 優大,伊藤 琉偉,山野 太一
ヤクルト,8月24日(日),太田 賢吾,長岡 秀樹,内山 壮真,村上 宗隆,オスナ,山田 哲人,古賀 優大,丸山 和郁,奥川 恭伸
ヤクルト,8月26日(火),太田 賢吾,赤羽 由紘,内山 壮真,村上 宗隆,オスナ,北村 恵吾,長岡 秀樹,中村 悠平,小川 泰弘
ヤクルト,8月27日(水),太田 賢吾,西川 遥輝,内山 壮真,村上 宗隆,オスナ,北村 恵吾,長岡 秀樹,古賀 優大,ランバート
ヤクルト,8月28日(木),太田 賢吾,長岡 秀樹,内山 壮真,村上 宗隆,オスナ,北村 恵吾,西川 遥輝,中村 悠平,吉村 貢司郎
ヤクルト,8月29日(金),太田 賢吾,濱田 太貴,内山 壮真,村上 宗隆,オスナ,古賀 優大,北村 拓己,伊藤 琉偉,高梨 裕稔
ヤクルト,8月30日(土),濱田 太貴,長岡 秀樹,内山 壮真,村上 宗隆,オスナ,太田 賢吾,北村 恵吾,古賀 優大,山野 太一
ヤクルト,8月31日(日),濱田 太貴,長岡 秀樹,太田 賢吾,村上 宗隆,オスナ,北村 恵吾,古賀 優大,岩田 幸宏,下川 隼佑
ヤクルト,9月2日(火),濱田 太貴,長岡 秀樹,内山 壮真,村上 宗隆,オスナ,北村 恵吾,古賀 優大,岩田 幸宏,奥川 恭伸
ヤクルト,9月3日(水),濱田 太貴,長岡 秀樹,内山 壮真,村上 宗隆,オスナ,北村 恵吾,古賀 優大,岩田 幸宏,ランバート
ヤクルト,9月4日(木),濱田 太貴,長岡 秀樹,内山 壮真,村上 宗隆,オスナ,北村 恵吾,中村 悠平,岩田 幸宏,吉村 貢司郎
ヤクルト,9月5日(金),濱田 太貴,長岡 秀樹,内山 壮真,村上 宗隆,オスナ,山田 哲人,古賀 優大,岩田 幸宏,高梨 裕稔
ヤクルト,9月6日(土),濱田 太貴,岩田 幸宏,内山 壮真,村上 宗隆,オスナ,山田 哲人,古賀 優大,伊藤 琉偉,山野 太一
ヤクルト,9月7日(日),濱田 太貴,岩田 幸宏,内山 壮真,村上 宗隆,オスナ,長岡 秀樹,北村 恵吾,中村 悠平,小川 泰弘
ヤクルト,9月9日(火),濱田 太貴,長岡 秀樹,内山 壮真,村上 宗隆,オスナ,北村 恵吾,古賀 優大,岩田 幸宏,奥川 恭伸
ヤクルト,9月10日(水),濱田 太貴,長岡 秀樹,内山 壮真,村上 宗隆,オスナ,北村 恵吾,古賀 優大,岩田 幸宏,ランバート
ヤクルト,9月11日(木),濱田 太貴,長岡 秀樹,北村 恵吾,村上 宗隆,オスナ,太田 賢吾,中村 悠平,岩田 幸宏,吉村 貢司郎
ヤクルト,9月12日(金),濱田 太貴,長岡 秀樹,北村 恵吾,村上 宗隆,オスナ,内山 壮真,古賀 優大,岩田 幸宏,高梨 裕稔
ヤクルト,9月13日(土),濱田 太貴,長岡 秀樹,北村 恵吾,村上 宗隆,オスナ,内山 壮真,古賀 優大,岩田 幸宏,山野 太一
ヤクルト,9月14日(日),濱田 太貴,岩田 幸宏,内山 壮真,村上 宗隆,オスナ,北村 恵吾,中村 悠平,伊藤 琉偉,アビラ
ヤクルト,9月15日(月),濱田 太貴,岩田 幸宏,内山 壮真,村上 宗隆,オスナ,北村 恵吾,中村 悠平,伊藤 琉偉,青柳 晃洋
ヤクルト,9月17日(水),濱田 太貴,長岡 秀樹,内山 壮真,村上 宗隆,オスナ,北村 恵吾,古賀 優大,岩田 幸宏,奥川 恭伸
ヤクルト,9月18日(木),並木 秀尊,長岡 秀樹,内山 壮真,村上 宗隆,オスナ,山田 哲人,中村 悠平,岩田 幸宏,高橋 奎二
ヤクルト,9月19日(金),並木 秀尊,長岡 秀樹,内山 壮真,村上 宗隆,オスナ,山田 哲人,古賀 優大,岩田 幸宏,吉村 貢司郎
ヤクルト,9月20日(土),村上 宗隆,長岡 秀樹,内山 壮真,オスナ,北村 恵吾,赤羽 由紘,中村 悠平,岩田 幸宏,小川 泰弘
ヤクルト,9月21日(日),並木 秀尊,長岡 秀樹,内山 壮真,北村 恵吾,オスナ,山田 哲人,古賀 優大,岩田 幸宏,山野 太一
ヤクルト,9月22日(月),太田 賢吾,長岡 秀樹,内山 壮真,北村 恵吾,オスナ,山田 哲人,中村 悠平,岩田 幸宏,青柳 晃洋
ヤクルト,9月23日(火),増田 珠,長岡 秀樹,内山 壮真,北村 恵吾,オスナ,山田 哲人,古賀 優大,岩田 幸宏,下川 隼佑
ヤクルト,9月26日(金),並木 秀尊,長岡 秀樹,内山 壮真,北村 恵吾,オスナ,山田 哲人,古賀 優大,岩田 幸宏,アビラ
ヤクルト,9月27日(土),並木 秀尊,長岡 秀樹,内山 壮真,村上 宗隆,オスナ,山田 哲人,太田 賢吾,中村 悠平,吉村 貢司郎
ヤクルト,9月28日(日),塩見 泰隆,長岡 秀樹,山田 哲人,村上 宗隆,オスナ,内山 壮真,濱田 太貴,中村 悠平,高橋 奎二
ヤクルト,9月30日(火),並木 秀尊,長岡 秀樹,北村 恵吾,村上 宗隆,オスナ,内山 壮真,増田 珠,古賀 優大,山野 太一
ヤクルト,10月1日(水),岩田 幸宏,内山 壮真,北村 恵吾,村上 宗隆,オスナ,中村 悠平,西村 瑠伊斗,田中 陽翔,小川 泰弘
ヤクルト,10月2日(木),岩田 幸宏,長岡 秀樹,内山 壮真,村上 宗隆,オスナ,北村 恵吾,太田 賢吾,古賀 優大,青柳 晃洋
ヤクルト,10月3日(金),田中 陽翔,西村 瑠伊斗,内山 壮真,村上 宗隆,オスナ,北村 恵吾,橋本 星哉,鈴木 叶,高梨 裕稔
ヤクルト,10月4日(土),並木 秀尊,長岡 秀樹,内山 壮真,村上 宗隆,オスナ,北村 恵吾,濱田 太貴,中村 悠平,下川 隼佑
ソフトバンク,3月28日(金),周東 佑京,近藤 健介,柳田 悠岐,山川 穂高,正木 智也,今宮 健太,ダウンズ,リチャード,谷川原 健太
ソフトバンク,3月29日(土),周東 佑京,近藤 健介,柳田 悠岐,山川 穂高,正木 智也,今宮 健太,ダウンズ,リチャード,海野 隆司
ソフトバンク,3月30日(日),周東 佑京,近藤 健介,柳田 悠岐,山川 穂高,正木 智也,今宮 健太,牧原 大成,リチャード,海野 隆司
ソフトバンク,4月1日(火),周東 佑京,中村 晃,柳田 悠岐,山川 穂高,正木 智也,今宮 健太,牧原 大成,リチャード,海野 隆司
ソフトバンク,4月2日(水),周東 佑京,中村 晃,柳田 悠岐,山川 穂高,正木 智也,今宮 健太,ダウンズ,リチャード,谷川原 健太
ソフトバンク,4月4日(金),周東 佑京,川瀬 晃,柳田 悠岐,山川 穂高,正木 智也,中村 晃,牧原 大成,リチャード,谷川原 健太
ソフトバンク,4月5日(土),周東 佑京,ダウンズ,柳田 悠岐,山川 穂高,正木 智也,今宮 健太,柳町 達,海野 隆司,廣瀨 隆太
ソフトバンク,4月6日(日),周東 佑京,中村 晃,柳田 悠岐,山川 穂高,正木 智也,今宮 健太,廣瀨 隆太,海野 隆司,牧原 大成
ソフトバンク,4月8日(火),周東 佑京,川瀬 晃,中村 晃,山川 穂高,正木 智也,今宮 健太,柳町 達,海野 隆司,牧原 大成
ソフトバンク,4月9日(水),周東 佑京,佐藤 直樹,中村 晃,山川 穂高,正木 智也,今宮 健太,ダウンズ,海野 隆司,廣瀨 隆太
ソフトバンク,4月10日(木),周東 佑京,廣瀨 隆太,中村 晃,山川 穂高,正木 智也,今宮 健太,柳町 達,渡邉 陸,牧原 大成
ソフトバンク,4月11日(金),周東 佑京,川瀬 晃,柳田 悠岐,山川 穂高,正木 智也,柳町 達,廣瀨 隆太,海野 隆司,牧原 大成
ソフトバンク,4月12日(土),周東 佑京,佐藤 直樹,ダウンズ,山川 穂高,正木 智也,今宮 健太,廣瀨 隆太,海野 隆司,牧原 大成
ソフトバンク,4月15日(火),周東 佑京,佐藤 直樹,中村 晃,山川 穂高,正木 智也,今宮 健太,廣瀨 隆太,海野 隆司,牧原 大成
ソフトバンク,4月16日(水),周東 佑京,山本 恵大,中村 晃,山川 穂高,正木 智也,今宮 健太,廣瀨 隆太,海野 隆司,川瀬 晃
ソフトバンク,4月17日(木),周東 佑京,今宮 健太,栗原 陵矢,山川 穂高,正木 智也,中村 晃,廣瀨 隆太,山本 恵大,渡邉 陸
ソフトバンク,4月18日(金),川瀬 晃,佐藤 直樹,栗原 陵矢,山川 穂高,正木 智也,中村 晃,廣瀨 隆太,牧原 大成,海野 隆司
ソフトバンク,4月19日(土),緒方 理貢,今宮 健太,栗原 陵矢,山川 穂高,中村 晃,廣瀨 隆太,牧原 大成,海野 隆司,佐藤 直樹
ソフトバンク,4月20日(日),周東 佑京,今宮 健太,栗原 陵矢,山川 穂高,中村 晃,廣瀨 隆太,嶺井 博希,山本 恵大,佐藤 直樹
ソフトバンク,4月22日(火),周東 佑京,今宮 健太,栗原 陵矢,山川 穂高,中村 晃,廣瀨 隆太,佐藤 直樹,海野 隆司,緒方 理貢
ソフトバンク,4月23日(水),周東 佑京,今宮 健太,栗原 陵矢,山川 穂高,中村 晃,石塚 綜一郎,柳町 達,廣瀨 隆太,海野 隆司
ソフトバンク,4月25日(金),牧原 大成,今宮 健太,栗原 陵矢,山川 穂高,中村 晃,石塚 綜一郎,柳町 達,廣瀨 隆太,海野 隆司
ソフトバンク,4月26日(土),牧原 大成,川瀬 晃,栗原 陵矢,山川 穂高,中村 晃,石塚 綜一郎,柳町 達,廣瀨 隆太,海野 隆司
ソフトバンク,4月27日(日),牧原 大成,川瀬 晃,栗原 陵矢,山川 穂高,中村 晃,柳町 達,石塚 綜一郎,渡邉 陸,廣瀨 隆太
ソフトバンク,4月29日(火),川瀬 晃,緒方 理貢,栗原 陵矢,山川 穂高,中村 晃,今宮 健太,柳町 達,海野 隆司,牧原 大成
ソフトバンク,4月30日(水),笹川 吉康,今宮 健太,栗原 陵矢,山川 穂高,中村 晃,嶺井 博希,柳町 達,廣瀨 隆太,佐藤 直樹
ソフトバンク,5月1日(木),野村 勇,笹川 吉康,栗原 陵矢,山川 穂高,中村 晃,柳町 達,廣瀨 隆太,嶺井 博希,佐藤 直樹
ソフトバンク,5月2日(金),野村 勇,緒方 理貢,栗原 陵矢,山川 穂高,中村 晃,柳町 達,牧原 大成,海野 隆司,笹川 吉康
ソフトバンク,5月3日(土),野村 勇,柳町 達,栗原 陵矢,山川 穂高,中村 晃,石塚 綜一郎,牧原 大成,嶺井 博希,笹川 吉康
ソフトバンク,5月4日(日),佐藤 直樹,野村 勇,柳町 達,山川 穂高,中村 晃,石塚 綜一郎,牧原 大成,嶺井 博希,廣瀨 隆太
ソフトバンク,5月5日(月),野村 勇,佐藤 直樹,柳町 達,山川 穂高,中村 晃,牧原 大成,廣瀨 隆太,渡邉 陸,笹川 吉康
ソフトバンク,5月6日(火),野村 勇,佐藤 直樹,柳町 達,山川 穂高,中村 晃,牧原 大成,廣瀨 隆太,海野 隆司,笹川 吉康
ソフトバンク,5月7日(水),野村 勇,緒方 理貢,栗原 陵矢,山川 穂高,中村 晃,柳町 達,牧原 大成,嶺井 博希,笹川 吉康
ソフトバンク,5月9日(金),野村 勇,緒方 理貢,栗原 陵矢,山川 穂高,中村 晃,柳町 達,牧原 大成,海野 隆司,笹川 吉康
ソフトバンク,5月10日(土),野村 勇,緒方 理貢,栗原 陵矢,山川 穂高,中村 晃,柳町 達,牧原 大成,嶺井 博希,廣瀨 隆太
ソフトバンク,5月11日(日),野村 勇,佐藤 直樹,栗原 陵矢,山川 穂高,中村 晃,柳町 達,牧原 大成,嶺井 博希,笹川 吉康
ソフトバンク,5月13日(火),野村 勇,佐藤 直樹,栗原 陵矢,山川 穂高,中村 晃,柳町 達,牧原 大成,海野 隆司,緒方 理貢
ソフトバンク,5月14日(水),野村 勇,佐藤 直樹,栗原 陵矢,山川 穂高,中村 晃,柳町 達,石塚 綜一郎,嶺井 博希,牧原 大成
ソフトバンク,5月15日(木),野村 勇,緒方 理貢,栗原 陵矢,中村 晃,柳町 達,秋広 優人,山川 穂高,渡邉 陸,牧原 大成
ソフトバンク,5月16日(金),野村 勇,佐藤 直樹,栗原 陵矢,中村 晃,柳町 達,秋広 優人,山川 穂高,海野 隆司,牧原 大成
ソフトバンク,5月17日(土),野村 勇,佐藤 直樹,栗原 陵矢,中村 晃,柳町 達,秋広 優人,山川 穂高,嶺井 博希,牧原 大成
ソフトバンク,5月18日(日),佐藤 直樹,川瀬 晃,栗原 陵矢,中村 晃,柳町 達,秋広 優人,山川 穂高,嶺井 博希,牧原 大成
ソフトバンク,5月20日(火),周東 佑京,川瀬 晃,栗原 陵矢,中村 晃,柳町 達,秋広 優人,山川 穂高,海野 隆司,牧原 大成
ソフトバンク,5月21日(水),周東 佑京,野村 勇,栗原 陵矢,中村 晃,柳町 達,秋広 優人,山川 穂高,嶺井 博希,牧原 大成
ソフトバンク,5月22日(木),野村 勇,周東 佑京,栗原 陵矢,中村 晃,柳町 達,秋広 優人,山川 穂高,渡邉 陸,牧原 大成
ソフトバンク,5月25日(日),周東 佑京,野村 勇,柳町 達,中村 晃,栗原 陵矢,秋広 優人,山川 穂高,嶺井 博希,川瀬 晃
ソフトバンク,5月27日(火),周東 佑京,川瀬 晃,近藤 健介,中村 晃,柳町 達,栗原 陵矢,山川 穂高,牧原 大成,海野 隆司
ソフトバンク,5月28日(水),周東 佑京,野村 勇,近藤 健介,中村 晃,柳町 達,栗原 陵矢,山川 穂高,海野 隆司,川瀬 晃
ソフトバンク,5月30日(金),周東 佑京,野村 勇,近藤 健介,中村 晃,柳町 達,栗原 陵矢,山川 穂高,嶺井 博希,川瀬 晃
ソフトバンク,6月1日(日),周東 佑京,柳町 達,中村 晃,近藤 健介,栗原 陵矢,今宮 健太,山川 穂高,渡邉 陸,牧原 大成
ソフトバンク,6月3日(火),周東 佑京,今宮 健太,柳町 達,近藤 健介,中村 晃,栗原 陵矢,山川 穂高,海野 隆司,野村 勇
ソフトバンク,6月4日(水),周東 佑京,川瀬 晃,柳町 達,近藤 健介,中村 晃,栗原 陵矢,山川 穂高,渡邉 陸,野村 勇
ソフトバンク,6月5日(木),周東 佑京,今宮 健太,柳町 達,近藤 健介,中村 晃,野村 勇,栗原 陵矢,嶺井 博希,佐藤 直樹
ソフトバンク,6月6日(金),野村 勇,佐藤 直樹,柳町 達,近藤 健介,中村 晃,今宮 健太,栗原 陵矢,海野 隆司,モイネロ
ソフトバンク,6月7日(土),周東 佑京,今宮 健太,柳町 達,近藤 健介,栗原 陵矢,山川 穂高,野村 勇,嶺井 博希,上沢 直之
ソフトバンク,6月8日(日),周東 佑京,今宮 健太,柳町 達,近藤 健介,山川 穂高,牧原 大成,野村 勇,渡邉 陸,松本 晴
ソフトバンク,6月10日(火),周東 佑京,今宮 健太,柳町 達,近藤 健介,中村 晃,山川 穂高,野村 勇,海野 隆司,牧原 大成
ソフトバンク,6月11日(水),周東 佑京,今宮 健太,柳町 達,近藤 健介,中村 晃,栗原 陵矢,野村 勇,秋広 優人,渡邉 陸
ソフトバンク,6月12日(木),野村 勇,今宮 健太,柳町 達,近藤 健介,中村 晃,山川 穂高,栗原 陵矢,嶺井 博希,佐藤 直樹
ソフトバンク,6月13日(金),周東 佑京,川瀬 晃,柳町 達,近藤 健介,中村 晃,秋広 優人,栗原 陵矢,海野 隆司,牧原 大成
ソフトバンク,6月14日(土),周東 佑京,今宮 健太,柳町 達,近藤 健介,栗原 陵矢,山川 穂高,秋広 優人,嶺井 博希,牧原 大成
ソフトバンク,6月15日(日),周東 佑京,野村 勇,柳町 達,近藤 健介,中村 晃,秋広 優人,栗原 陵矢,渡邉 陸,牧原 大成
ソフトバンク,6月17日(火),周東 佑京,野村 勇,柳町 達,近藤 健介,中村 晃,栗原 陵矢,牧原 大成,海野 隆司,有原 航平
ソフトバンク,6月18日(水),周東 佑京,野村 勇,柳町 達,中村 晃,栗原 陵矢,ダウンズ,秋広 優人,渡邉 陸,前田 純
ソフトバンク,6月19日(木),周東 佑京,野村 勇,柳町 達,中村 晃,栗原 陵矢,嶺井 博希,秋広 優人,牧原 大成,大関 友久
ソフトバンク,6月20日(金),周東 佑京,佐藤 直樹,柳町 達,中村 晃,栗原 陵矢,野村 勇,牧原 大成,海野 隆司,モイネロ
ソフトバンク,6月21日(土),野村 勇,佐藤 直樹,柳町 達,中村 晃,栗原 陵矢,嶺井 博希,牧原 大成,秋広 優人,上沢 直之
ソフトバンク,6月22日(日),周東 佑京,野村 勇,柳町 達,中村 晃,栗原 陵矢,石塚 綜一郎,ダウンズ,海野 隆司,松本 晴
ソフトバンク,6月27日(金),周東 佑京,野村 勇,柳町 達,中村 晃,栗原 陵矢,山川 穂高,牧原 大成,海野 隆司,佐藤 直樹
ソフトバンク,6月28日(土),周東 佑京,川瀬 晃,柳町 達,中村 晃,栗原 陵矢,山川 穂高,牧原 大成,嶺井 博希,佐藤 直樹
ソフトバンク,6月29日(日),周東 佑京,ダウンズ,柳町 達,中村 晃,栗原 陵矢,山川 穂高,谷川原 健太,野村 勇,牧原 大成
ソフトバンク,7月1日(火),周東 佑京,ダウンズ,柳町 達,中村 晃,栗原 陵矢,山川 穂高,野村 勇,海野 隆司,佐藤 直樹
ソフトバンク,7月2日(水),周東 佑京,野村 勇,柳町 達,中村 晃,山川 穂高,ダウンズ,秋広 優人,嶺井 博希,川瀬 晃
ソフトバンク,7月3日(木),周東 佑京,野村 勇,柳町 達,中村 晃,山川 穂高,山本 恵大,川瀬 晃,海野 隆司,牧原 大成
ソフトバンク,7月4日(金),周東 佑京,野村 勇,中村 晃,山川 穂高,石塚 綜一郎,柳町 達,川瀬 晃,海野 隆司,牧原 大成
ソフトバンク,7月5日(土),佐藤 直樹,川瀬 晃,中村 晃,山川 穂高,柳町 達,山本 恵大,嶺井 博希,ダウンズ,牧原 大成
ソフトバンク,7月6日(日),周東 佑京,佐藤 直樹,中村 晃,山川 穂高,柳町 達,ダウンズ,谷川原 健太,野村 勇,牧原 大成
ソフトバンク,7月8日(火),周東 佑京,野村 勇,柳町 達,近藤 健介,山川 穂高,山本 恵大,ダウンズ,海野 隆司,牧原 大成
ソフトバンク,7月9日(水),周東 佑京,野村 勇,柳町 達,近藤 健介,石塚 綜一郎,山川 穂高,ダウンズ,嶺井 博希,牧原 大成
ソフトバンク,7月10日(木),周東 佑京,ダウンズ,中村 晃,近藤 健介,柳町 達,山本 恵大,野村 勇,海野 隆司,庄子 雄大
ソフトバンク,7月11日(金),野村 勇,佐藤 直樹,ダウンズ,近藤 健介,柳町 達,山川 穂高,石塚 綜一郎,海野 隆司,廣瀨 隆太
ソフトバンク,7月12日(土),周東 佑京,川瀬 晃,柳町 達,近藤 健介,山川 穂高,山本 恵大,ダウンズ,海野 隆司,野村 勇
ソフトバンク,7月13日(日),柳町 達,周東 佑京,近藤 健介,中村 晃,山本 恵大,谷川原 健太,川瀬 晃,ダウンズ,野村 勇
ソフトバンク,7月15日(火),周東 佑京,柳町 達,近藤 健介,中村 晃,山本 恵大,ダウンズ,川瀬 晃,海野 隆司,牧原 大成
ソフトバンク,7月16日(水),周東 佑京,廣瀨 隆太,ダウンズ,近藤 健介,山川 穂高,石塚 綜一郎,嶺井 博希,野村 勇,佐藤 直樹
ソフトバンク,7月17日(木),周東 佑京,野村 勇,柳町 達,近藤 健介,山川 穂高,山本 恵大,川瀬 晃,海野 隆司,牧原 大成
ソフトバンク,7月19日(土),周東 佑京,ダウンズ,中村 晃,近藤 健介,山本 恵大,柳町 達,川瀬 晃,海野 隆司,牧原 大成
ソフトバンク,7月20日(日),周東 佑京,佐藤 直樹,ダウンズ,近藤 健介,山川 穂高,石塚 綜一郎,谷川原 健太,野村 勇,牧原 大成
ソフトバンク,7月21日(月),周東 佑京,佐藤 直樹,ダウンズ,近藤 健介,山川 穂高,柳町 達,野村 勇,海野 隆司,牧原 大成
ソフトバンク,7月26日(土),周東 佑京,佐藤 直樹,ダウンズ,近藤 健介,山川 穂高,柳町 達,野村 勇,海野 隆司,牧原 大成
ソフトバンク,7月27日(日),周東 佑京,佐藤 直樹,井上 朋也,近藤 健介,山川 穂高,柳町 達,嶺井 博希,野村 勇,牧原 大成
ソフトバンク,7月29日(火),周東 佑京,ダウンズ,柳町 達,近藤 健介,山川 穂高,山本 恵大,野村 勇,海野 隆司,牧原 大成
ソフトバンク,7月30日(水),周東 佑京,ダウンズ,柳町 達,近藤 健介,山川 穂高,山本 恵大,野村 勇,海野 隆司,牧原 大成
ソフトバンク,7月31日(木),ダウンズ,柳町 達,近藤 健介,山川 穂高,山本 恵大,牧原 大成,川瀬 晃,谷川原 健太,野村 勇
ソフトバンク,8月1日(金),緒方 理貢,柳町 達,近藤 健介,山川 穂高,山本 恵大,牧原 大成,川瀬 晃,海野 隆司,庄子 雄大
ソフトバンク,8月2日(土),周東 佑京,柳町 達,近藤 健介,山川 穂高,山本 恵大,ダウンズ,野村 勇,海野 隆司,牧原 大成
ソフトバンク,8月3日(日),周東 佑京,柳町 達,近藤 健介,山川 穂高,ダウンズ,嶺井 博希,野村 勇,井上 朋也,牧原 大成
ソフトバンク,8月5日(火),周東 佑京,柳町 達,近藤 健介,山川 穂高,山本 恵大,ダウンズ,谷川原 健太,野村 勇,牧原 大成
ソフトバンク,8月6日(水),周東 佑京,ダウンズ,近藤 健介,山川 穂高,牧原 大成,柳町 達,山本 恵大,海野 隆司,野村 勇
ソフトバンク,8月7日(木),ダウンズ,野村 勇,近藤 健介,山川 穂高,嶺井 博希,柳町 達,牧原 大成,井上 朋也,佐藤 直樹
ソフトバンク,8月9日(土),周東 佑京,柳町 達,近藤 健介,山川 穂高,中村 晃,ダウンズ,川瀬 晃,海野 隆司,牧原 大成
ソフトバンク,8月10日(日),ダウンズ,川瀬 晃,近藤 健介,山川 穂高,柳町 達,山本 恵大,野村 勇,海野 隆司,牧原 大成
ソフトバンク,8月11日(月),ダウンズ,川瀬 晃,近藤 健介,山川 穂高,柳町 達,嶺井 博希,山本 恵大,野村 勇,牧原 大成
ソフトバンク,8月13日(水),ダウンズ,野村 勇,近藤 健介,山川 穂高,柳町 達,牧原 大成,山本 恵大,海野 隆司,佐藤 直樹
ソフトバンク,8月14日(木),川村 友斗,柳町 達,近藤 健介,山川 穂高,中村 晃,牧原 大成,野村 勇,海野 隆司,川瀬 晃
ソフトバンク,8月15日(金),ダウンズ,野村 勇,近藤 健介,山川 穂高,柳町 達,嶺井 博希,牧原 大成,井上 朋也,佐藤 直樹
ソフトバンク,8月16日(土),周東 佑京,野村 勇,近藤 健介,山川 穂高,牧原 大成,ダウンズ,井上 朋也,海野 隆司,佐藤 直樹
ソフトバンク,8月17日(日),周東 佑京,柳町 達,近藤 健介,山川 穂高,中村 晃,牧原 大成,野村 勇,海野 隆司,川瀬 晃
ソフトバンク,8月19日(火),周東 佑京,柳町 達,近藤 健介,山川 穂高,中村 晃,牧原 大成,今宮 健太,嶺井 博希,野村 勇
ソフトバンク,8月20日(水),野村 勇,今宮 健太,近藤 健介,山川 穂高,柳町 達,牧原 大成,ダウンズ,海野 隆司,佐藤 直樹
ソフトバンク,8月22日(金),周東 佑京,野村 勇,近藤 健介,山川 穂高,中村 晃,牧原 大成,今宮 健太,ダウンズ,谷川原 健太
ソフトバンク,8月23日(土),周東 佑京,野村 勇,近藤 健介,山川 穂高,牧原 大成,今宮 健太,柳町 達,ダウンズ,海野 隆司
ソフトバンク,8月24日(日),周東 佑京,川瀬 晃,近藤 健介,山川 穂高,中村 晃,牧原 大成,今宮 健太,海野 隆司,野村 勇
ソフトバンク,8月26日(火),周東 佑京,牧原 大成,近藤 健介,中村 晃,柳町 達,山川 穂高,今宮 健太,嶺井 博希,川瀬 晃
ソフトバンク,8月27日(水),野村 勇,周東 佑京,近藤 健介,中村 晃,山川 穂高,牧原 大成,今宮 健太,柳町 達,海野 隆司
ソフトバンク,8月29日(金),周東 佑京,柳町 達,近藤 健介,中村 晃,山川 穂高,牧原 大成,栗原 陵矢,海野 隆司,野村 勇
ソフトバンク,8月30日(土),野村 勇,周東 佑京,牧原 大成,山川 穂高,中村 晃,今宮 健太,栗原 陵矢,海野 隆司,佐藤 直樹
ソフトバンク,8月31日(日),野村 勇,周東 佑京,牧原 大成,山川 穂高,中村 晃,今宮 健太,栗原 陵矢,嶺井 博希,佐藤 直樹
ソフトバンク,9月2日(火),野村 勇,牧原 大成,柳町 達,山川 穂高,今宮 健太,栗原 陵矢,川瀬 晃,海野 隆司,周東 佑京
ソフトバンク,9月3日(水),周東 佑京,柳町 達,牧原 大成,中村 晃,栗原 陵矢,今宮 健太,山川 穂高,嶺井 博希,笹川 吉康
ソフトバンク,9月4日(木),周東 佑京,柳町 達,牧原 大成,嶺井 博希,栗原 陵矢,山川 穂高,今宮 健太,海野 隆司,佐藤 直樹
ソフトバンク,9月5日(金),野村 勇,柳町 達,牧原 大成,中村 晃,栗原 陵矢,山川 穂高,石塚 綜一郎,海野 隆司,佐藤 直樹
ソフトバンク,9月6日(土),周東 佑京,柳町 達,牧原 大成,中村 晃,栗原 陵矢,山川 穂高,笹川 吉康,海野 隆司,野村 勇
ソフトバンク,9月7日(日),野村 勇,周東 佑京,牧原 大成,柳町 達,栗原 陵矢,山川 穂高,石塚 綜一郎,海野 隆司,佐藤 直樹
ソフトバンク,9月9日(火),周東 佑京,近藤 健介,牧原 大成,中村 晃,柳町 達,栗原 陵矢,川瀬 晃,海野 隆司,笹川 吉康
ソフトバンク,9月11日(木),牧原 大成,周東 佑京,近藤 健介,栗原 陵矢,柳町 達,山川 穂高,笹川 吉康,嶺井 博希,野村 勇
ソフトバンク,9月13日(土),周東 佑京,緒方 理貢,柳町 達,近藤 健介,中村 晃,牧原 大成,栗原 陵矢,海野 隆司,川瀬 晃
ソフトバンク,9月14日(日),周東 佑京,柳町 達,近藤 健介,中村 晃,牧原 大成,栗原 陵矢,野村 勇,海野 隆司,佐藤 直樹
ソフトバンク,9月15日(月),野村 勇,周東 佑京,柳町 達,中村 晃,栗原 陵矢,牧原 大成,山川 穂高,海野 隆司,笹川 吉康
ソフトバンク,9月17日(水),周東 佑京,柳町 達,牧原 大成,中村 晃,栗原 陵矢,山川 穂高,谷川原 健太,海野 隆司,野村 勇
ソフトバンク,9月18日(木),周東 佑京,近藤 健介,牧原 大成,中村 晃,栗原 陵矢,柳町 達,野村 勇,嶺井 博希,笹川 吉康
ソフトバンク,9月20日(土),周東 佑京,柳町 達,近藤 健介,中村 晃,栗原 陵矢,牧原 大成,川瀬 晃,海野 隆司,緒方 理貢
ソフトバンク,9月21日(日),野村 勇,柳町 達,近藤 健介,中村 晃,栗原 陵矢,牧原 大成,谷川原 健太,海野 隆司,佐藤 直樹
ソフトバンク,9月22日(月),野村 勇,柳田 悠岐,柳町 達,近藤 健介,中村 晃,栗原 陵矢,牧原 大成,海野 隆司,川瀬 晃
ソフトバンク,9月23日(火),谷川原 健太,柳田 悠岐,柳町 達,近藤 健介,栗原 陵矢,山川 穂高,牧原 大成,嶺井 博希,川瀬 晃
ソフトバンク,9月24日(水),柳田 悠岐,近藤 健介,栗原 陵矢,中村 晃,柳町 達,牧原 大成,野村 勇,海野 隆司,川瀬 晃
ソフトバンク,9月25日(木),柳田 悠岐,近藤 健介,栗原 陵矢,山川 穂高,柳町 達,牧原 大成,野村 勇,嶺井 博希,川瀬 晃
ソフトバンク,9月26日(金),柳田 悠岐,近藤 健介,栗原 陵矢,山川 穂高,柳町 達,牧原 大成,野村 勇,海野 隆司,川瀬 晃
ソフトバンク,9月27日(土),柳田 悠岐,川瀬 晃,栗原 陵矢,中村 晃,柳町 達,牧原 大成,山川 穂高,海野 隆司,野村 勇
ソフトバンク,9月28日(日),野村 勇,川瀬 晃,栗原 陵矢,柳町 達,谷川原 健太,海野 隆司,佐藤 直樹,緒方 理貢,庄子 雄大
ソフトバンク,9月30日(火),柳田 悠岐,牧原 大成,柳町 達,中村 晃,山川 穂高,井上 朋也,川瀬 晃,谷川原 健太,野村 勇
ソフトバンク,10月3日(金),柳田 悠岐,柳町 達,牧原 大成,山川 穂高,栗原 陵矢,谷川原 健太,井上 朋也,海野 隆司,野村 勇
ソフトバンク,10月5日(日),柳田 悠岐,野村 勇,柳町 達,山川 穂高,栗原 陵矢,川瀬 晃,谷川原 健太,海野 隆司,佐藤 直樹
日本ハム,3月28日(金),矢澤 宏太,清宮 幸太郎,レイエス,野村 佑希,田宮 裕涼,万波 中正,上川畑 大悟,水野 達稀,五十幡 亮汰
日本ハム,3月29日(土),万波 中正,清宮 幸太郎,レイエス,野村 佑希,郡司 裕也,マルティネス,上川畑 大悟,松本 剛,水野 達稀
日本ハム,3月30日(日),矢澤 宏太,清宮 幸太郎,レイエス,野村 佑希,万波 中正,石井 一成,吉田 賢吾,田宮 裕涼,上川畑 大悟
日本ハム,4月1日(火),万波 中正,清宮 幸太郎,レイエス,野村 佑希,マルティネス,今川 優馬,上川畑 大悟,伏見 寅威,水野 達稀
日本ハム,4月2日(水),吉田 賢吾,清宮 幸太郎,レイエス,野村 佑希,郡司 裕也,石井 一成,万波 中正,今川 優馬,水野 達稀
日本ハム,4月4日(金),万波 中正,清宮 幸太郎,吉田 賢吾,野村 佑希,レイエス,松本 剛,奈良間 大己,伏見 寅威,水野 達稀
日本ハム,4月5日(土),田宮 裕涼,今川 優馬,万波 中正,清宮 幸太郎,吉田 賢吾,マルティネス,郡司 裕也,上川畑 大悟,水野 達稀
日本ハム,4月6日(日),郡司 裕也,矢澤 宏太,清宮 幸太郎,野村 佑希,万波 中正,石井 一成,吉田 賢吾,田宮 裕涼,水野 達稀
日本ハム,4月8日(火),松本 剛,清宮 幸太郎,レイエス,野村 佑希,今川 優馬,万波 中正,奈良間 大己,伏見 寅威,水野 達稀
日本ハム,4月9日(水),吉田 賢吾,レイエス,郡司 裕也,野村 佑希,清宮 幸太郎,万波 中正,松本 剛,上川畑 大悟,奈良間 大己
日本ハム,4月10日(木),郡司 裕也,レイエス,清宮 幸太郎,野村 佑希,田宮 裕涼,万波 中正,松本 剛,奈良間 大己,水野 達稀
日本ハム,4月11日(金),矢澤 宏太,清宮 幸太郎,レイエス,野村 佑希,田宮 裕涼,万波 中正,上川畑 大悟,水野 達稀,五十幡 亮汰
日本ハム,4月12日(土),万波 中正,レイエス,清宮 幸太郎,野村 佑希,郡司 裕也,奈良間 大己,松本 剛,伏見 寅威,水野 達稀
日本ハム,4月13日(日),矢澤 宏太,清宮 幸太郎,レイエス,野村 佑希,田宮 裕涼,万波 中正,松本 剛,若林 晃弘,水野 達稀
日本ハム,4月15日(火),矢澤 宏太,松本 剛,清宮 幸太郎,野村 佑希,レイエス,万波 中正,石井 一成,奈良間 大己,伏見 寅威
日本ハム,4月16日(水),矢澤 宏太,清宮 幸太郎,レイエス,野村 佑希,吉田 賢吾,万波 中正,郡司 裕也,石井 一成,水野 達稀
日本ハム,4月18日(金),吉田 賢吾,水谷 瞬,清宮 幸太郎,野村 佑希,レイエス,万波 中正,田宮 裕涼,山縣 秀,水野 達稀
日本ハム,4月19日(土),水谷 瞬,清宮 幸太郎,淺間 大基,野村 佑希,田宮 裕涼,レイエス,松本 剛,山縣 秀,上川畑 大悟
日本ハム,4月20日(日),水谷 瞬,清宮 幸太郎,松本 剛,野村 佑希,吉田 賢吾,万波 中正,奈良間 大己,伏見 寅威,水野 達稀
日本ハム,4月22日(火),万波 中正,レイエス,松本 剛,野村 佑希,田宮 裕涼,郡司 裕也,上川畑 大悟,伏見 寅威,水野 達稀
日本ハム,4月23日(水),万波 中正,清宮 幸太郎,淺間 大基,野村 佑希,吉田 賢吾,レイエス,松本 剛,奈良間 大己,山縣 秀
日本ハム,4月25日(金),淺間 大基,清宮 幸太郎,レイエス,野村 佑希,郡司 裕也,田宮 裕涼,万波 中正,奈良間 大己,水野 達稀
日本ハム,4月26日(土),清宮 幸太郎,松本 剛,吉田 賢吾,野村 佑希,郡司 裕也,万波 中正,レイエス,上川畑 大悟,水野 達稀
日本ハム,4月27日(日),清宮 幸太郎,水谷 瞬,レイエス,野村 佑希,松本 剛,奈良間 大己,万波 中正,伏見 寅威,水野 達稀
日本ハム,4月29日(火),レイエス,郡司 裕也,清宮 幸太郎,野村 佑希,万波 中正,松本 剛,山縣 秀,伏見 寅威,水野 達稀
日本ハム,4月30日(水),吉田 賢吾,水谷 瞬,淺間 大基,野村 佑希,清宮 幸太郎,万波 中正,石井 一成,田宮 裕涼,水野 達稀
日本ハム,5月1日(木),松本 剛,淺間 大基,田宮 裕涼,野村 佑希,清宮 幸太郎,万波 中正,郡司 裕也,石井 一成,水野 達稀
日本ハム,5月3日(土),万波 中正,清宮 幸太郎,郡司 裕也,野村 佑希,レイエス,水野 達稀,有薗 直輝,奈良間 大己,五十幡 亮汰
日本ハム,5月4日(日),松本 剛,田宮 裕涼,レイエス,野村 佑希,万波 中正,水野 達稀,有薗 直輝,石井 一成,伏見 寅威
日本ハム,5月5日(月),淺間 大基,山縣 秀,レイエス,野村 佑希,田宮 裕涼,吉田 賢吾,万波 中正,有薗 直輝,水野 達稀
日本ハム,5月6日(火),吉田 賢吾,松本 剛,レイエス,野村 佑希,清宮 幸太郎,万波 中正,山縣 秀,水野 達稀,伏見 寅威
日本ハム,5月7日(水),松本 剛,今川 優馬,レイエス,野村 佑希,清宮 幸太郎,万波 中正,山縣 秀,水野 達稀,伏見 寅威
日本ハム,5月9日(金),五十幡 亮汰,今川 優馬,レイエス,野村 佑希,清宮 幸太郎,万波 中正,田宮 裕涼,山縣 秀,石井 一成
日本ハム,5月10日(土),五十幡 亮汰,今川 優馬,レイエス,野村 佑希,清宮 幸太郎,万波 中正,郡司 裕也,山縣 秀,石井 一成
日本ハム,5月11日(日),吉田 賢吾,田宮 裕涼,レイエス,野村 佑希,清宮 幸太郎,万波 中正,石井 一成,水野 達稀,五十幡 亮汰
日本ハム,5月13日(火),吉田 賢吾,山縣 秀,レイエス,野村 佑希,清宮 幸太郎,万波 中正,石井 一成,伏見 寅威,五十幡 亮汰
日本ハム,5月14日(水),今川 優馬,郡司 裕也,レイエス,野村 佑希,清宮 幸太郎,万波 中正,石井 一成,田宮 裕涼,水野 達稀
日本ハム,5月15日(木),淺間 大基,郡司 裕也,清宮 幸太郎,レイエス,吉田 賢吾,万波 中正,石井 一成,進藤 勇也,水野 達稀
日本ハム,5月16日(金),郡司 裕也,淺間 大基,レイエス,清宮 幸太郎,万波 中正,水野 達稀,石井 一成,伏見 寅威,細川 凌平
日本ハム,5月18日(日),田宮 裕涼,細川 凌平,清宮 幸太郎,レイエス,万波 中正,水野 達稀,石井 一成,伏見 寅威,五十幡 亮汰
日本ハム,5月20日(火),郡司 裕也,万波 中正,レイエス,吉田 賢吾,石井 一成,清宮 幸太郎,松本 剛,山縣 秀,伏見 寅威
日本ハム,5月21日(水),万波 中正,石井 一成,清宮 幸太郎,レイエス,郡司 裕也,吉田 賢吾,進藤 勇也,水野 達稀,松本 剛
日本ハム,5月22日(木),万波 中正,石井 一成,清宮 幸太郎,郡司 裕也,吉田 賢吾,レイエス,水野 達稀,進藤 勇也,五十幡 亮汰
日本ハム,5月23日(金),淺間 大基,石井 一成,レイエス,郡司 裕也,清宮 幸太郎,万波 中正,吉田 賢吾,矢澤 宏太,山縣 秀
日本ハム,5月24日(土),淺間 大基,奈良間 大己,レイエス,郡司 裕也,水野 達稀,清宮 幸太郎,万波 中正,矢澤 宏太,伏見 寅威
日本ハム,5月25日(日),淺間 大基,石井 一成,レイエス,郡司 裕也,万波 中正,清宮 幸太郎,五十幡 亮汰,進藤 勇也,水野 達稀
日本ハム,5月27日(火),淺間 大基,五十幡 亮汰,石井 一成,レイエス,郡司 裕也,清宮 幸太郎,松本 剛,伏見 寅威,山縣 秀
日本ハム,5月28日(水),吉田 賢吾,松本 剛,レイエス,万波 中正,石井 一成,伏見 寅威,清宮 幸太郎,山縣 秀,五十幡 亮汰
日本ハム,5月30日(金),吉田 賢吾,石井 一成,レイエス,万波 中正,伏見 寅威,清宮 幸太郎,松本 剛,水野 達稀,五十幡 亮汰
日本ハム,5月31日(土),郡司 裕也,淺間 大基,レイエス,万波 中正,清宮 幸太郎,石井 一成,伏見 寅威,奈良間 大己,五十幡 亮汰
日本ハム,6月1日(日),淺間 大基,矢澤 宏太,レイエス,清宮 幸太郎,郡司 裕也,石井 一成,万波 中正,進藤 勇也,上川畑 大悟
日本ハム,6月3日(火),矢澤 宏太,水谷 瞬,清宮 幸太郎,レイエス,郡司 裕也,万波 中正,上川畑 大悟,山縣 秀,進藤 勇也
日本ハム,6月4日(水),水谷 瞬,清宮 幸太郎,レイエス,郡司 裕也,伏見 寅威,万波 中正,石井 一成,松本 剛,山縣 秀
日本ハム,6月5日(木),石井 一成,清宮 幸太郎,レイエス,郡司 裕也,淺間 大基,万波 中正,山縣 秀,五十幡 亮汰,進藤 勇也
日本ハム,6月6日(金),水谷 瞬,石井 一成,清宮 幸太郎,レイエス,万波 中正,松本 剛,伏見 寅威,山縣 秀,伊藤 大海
日本ハム,6月7日(土),水谷 瞬,五十幡 亮汰,清宮 幸太郎,郡司 裕也,万波 中正,山﨑 福也,伏見 寅威,山縣 秀,上川畑 大悟
日本ハム,6月8日(日),矢澤 宏太,五十幡 亮汰,清宮 幸太郎,郡司 裕也,レイエス,万波 中正,山縣 秀,上川畑 大悟,金村 尚真
日本ハム,6月10日(火),水谷 瞬,五十幡 亮汰,清宮 幸太郎,レイエス,淺間 大基,万波 中正,石井 一成,山縣 秀,伏見 寅威
日本ハム,6月11日(水),水谷 瞬,五十幡 亮汰,清宮 幸太郎,レイエス,郡司 裕也,石井 一成,万波 中正,山縣 秀,伏見 寅威
日本ハム,6月12日(木),水谷 瞬,五十幡 亮汰,清宮 幸太郎,レイエス,郡司 裕也,矢澤 宏太,山縣 秀,上川畑 大悟,進藤 勇也
日本ハム,6月13日(金),水谷 瞬,五十幡 亮汰,清宮 幸太郎,レイエス,郡司 裕也,野村 佑希,上川畑 大悟,山縣 秀,伏見 寅威
日本ハム,6月14日(土),水谷 瞬,万波 中正,清宮 幸太郎,レイエス,野村 佑希,郡司 裕也,上川畑 大悟,奈良間 大己,五十幡 亮汰
日本ハム,6月15日(日),水谷 瞬,五十幡 亮汰,清宮 幸太郎,レイエス,野村 佑希,郡司 裕也,宮崎 一樹,奈良間 大己,山縣 秀
日本ハム,6月17日(火),水谷 瞬,清宮 幸太郎,レイエス,野村 佑希,石井 一成,万波 中正,伏見 寅威,山縣 秀,達 孝太
日本ハム,6月18日(水),水谷 瞬,清宮 幸太郎,レイエス,野村 佑希,万波 中正,山﨑 福也,伏見 寅威,上川畑 大悟,山縣 秀
日本ハム,6月19日(木),五十幡 亮汰,矢澤 宏太,マルティネス,郡司 裕也,田宮 裕涼,万波 中正,石井 一成,上川畑 大悟,北山 亘基
日本ハム,6月20日(金),五十幡 亮汰,清宮 幸太郎,レイエス,水谷 瞬,上川畑 大悟,万波 中正,伏見 寅威,山縣 秀,伊藤 大海
日本ハム,6月21日(土),五十幡 亮汰,矢澤 宏太,清宮 幸太郎,野村 佑希,郡司 裕也,万波 中正,上川畑 大悟,中島 卓也,加藤 貴之
日本ハム,6月22日(日),五十幡 亮汰,清宮 幸太郎,レイエス,野村 佑希,万波 中正,上川畑 大悟,郡司 裕也,山縣 秀,金村 尚真
日本ハム,6月27日(金),矢澤 宏太,田宮 裕涼,清宮 幸太郎,野村 佑希,レイエス,上川畑 大悟,万波 中正,中島 卓也,伏見 寅威
日本ハム,6月28日(土),郡司 裕也,マルティネス,レイエス,野村 佑希,清宮 幸太郎,石井 一成,万波 中正,水谷 瞬,山縣 秀
日本ハム,6月29日(日),五十幡 亮汰,水谷 瞬,万波 中正,野村 佑希,レイエス,清宮 幸太郎,石井 一成,山縣 秀,伏見 寅威
日本ハム,7月1日(火),水谷 瞬,田宮 裕涼,清宮 幸太郎,野村 佑希,マルティネス,レイエス,万波 中正,石井 一成,山縣 秀
日本ハム,7月2日(水),吉田 賢吾,五十幡 亮汰,水谷 瞬,野村 佑希,郡司 裕也,万波 中正,石井 一成,清宮 幸太郎,山縣 秀
日本ハム,7月3日(木),吉田 賢吾,田宮 裕涼,水谷 瞬,野村 佑希,万波 中正,レイエス,清宮 幸太郎,奈良間 大己,山縣 秀
日本ハム,7月4日(金),水谷 瞬,清宮 幸太郎,マルティネス,野村 佑希,レイエス,水野 達稀,万波 中正,伏見 寅威,石井 一成
日本ハム,7月5日(土),水谷 瞬,田宮 裕涼,郡司 裕也,マルティネス,レイエス,水野 達稀,矢澤 宏太,石井 一成,五十幡 亮汰
日本ハム,7月6日(日),水谷 瞬,田宮 裕涼,レイエス,野村 佑希,清宮 幸太郎,水野 達稀,郡司 裕也,矢澤 宏太,石井 一成
日本ハム,7月8日(火),五十幡 亮汰,矢澤 宏太,清宮 幸太郎,レイエス,郡司 裕也,水野 達稀,田宮 裕涼,石井 一成,水谷 瞬
日本ハム,7月9日(水),五十幡 亮汰,水谷 瞬,万波 中正,レイエス,郡司 裕也,水野 達稀,清宮 幸太郎,石井 一成,田宮 裕涼
日本ハム,7月11日(金),水谷 瞬,清宮 幸太郎,郡司 裕也,レイエス,野村 佑希,水野 達稀,万波 中正,石井 一成,伏見 寅威
日本ハム,7月12日(土),五十幡 亮汰,矢澤 宏太,清宮 幸太郎,マルティネス,石井 一成,野村 佑希,田宮 裕涼,郡司 裕也,山縣 秀
日本ハム,7月13日(日),五十幡 亮汰,矢澤 宏太,清宮 幸太郎,レイエス,水谷 瞬,石井 一成,郡司 裕也,田宮 裕涼,水野 達稀
日本ハム,7月14日(月),水谷 瞬,矢澤 宏太,清宮 幸太郎,レイエス,野村 佑希,万波 中正,水野 達稀,山縣 秀,伏見 寅威
日本ハム,7月16日(水),五十幡 亮汰,水谷 瞬,郡司 裕也,レイエス,石井 一成,野村 佑希,水野 達稀,田宮 裕涼,万波 中正
日本ハム,7月17日(木),五十幡 亮汰,矢澤 宏太,清宮 幸太郎,レイエス,石井 一成,野村 佑希,マルティネス,水野 達稀,田宮 裕涼
日本ハム,7月19日(土),水谷 瞬,五十幡 亮汰,レイエス,郡司 裕也,石井 一成,万波 中正,清宮 幸太郎,伏見 寅威,水野 達稀
日本ハム,7月20日(日),五十幡 亮汰,水谷 瞬,レイエス,郡司 裕也,石井 一成,万波 中正,清宮 幸太郎,水野 達稀,田宮 裕涼
日本ハム,7月21日(月),矢澤 宏太,五十幡 亮汰,レイエス,野村 佑希,清宮 幸太郎,万波 中正,水野 達稀,石井 一成,田宮 裕涼
日本ハム,7月26日(土),水谷 瞬,清宮 幸太郎,五十幡 亮汰,レイエス,郡司 裕也,水野 達稀,万波 中正,石井 一成,田宮 裕涼
日本ハム,7月27日(日),水谷 瞬,五十幡 亮汰,清宮 幸太郎,レイエス,郡司 裕也,水野 達稀,万波 中正,石井 一成,伏見 寅威
日本ハム,7月29日(火),万波 中正,松本 剛,清宮 幸太郎,レイエス,野村 佑希,石井 一成,伏見 寅威,水野 達稀,五十幡 亮汰
日本ハム,7月30日(水),五十幡 亮汰,水谷 瞬,レイエス,郡司 裕也,石井 一成,清宮 幸太郎,松本 剛,水野 達稀,田宮 裕涼
日本ハム,7月31日(木),水谷 瞬,清宮 幸太郎,レイエス,郡司 裕也,石井 一成,万波 中正,水野 達稀,伏見 寅威,五十幡 亮汰
日本ハム,8月1日(金),矢澤 宏太,水谷 瞬,清宮 幸太郎,郡司 裕也,石井 一成,万波 中正,野村 佑希,水野 達稀,松本 剛
日本ハム,8月2日(土),五十幡 亮汰,松本 剛,清宮 幸太郎,レイエス,郡司 裕也,万波 中正,石井 一成,野村 佑希,水野 達稀
日本ハム,8月3日(日),五十幡 亮汰,松本 剛,郡司 裕也,レイエス,石井 一成,野村 佑希,水谷 瞬,水野 達稀,田宮 裕涼
日本ハム,8月5日(火),水谷 瞬,石井 一成,清宮 幸太郎,郡司 裕也,万波 中正,レイエス,野村 佑希,五十幡 亮汰,奈良間 大己
日本ハム,8月6日(水),五十幡 亮汰,清宮 幸太郎,レイエス,石井 一成,水谷 瞬,野村 佑希,松本 剛,奈良間 大己,伏見 寅威
日本ハム,8月7日(木),五十幡 亮汰,清宮 幸太郎,石井 一成,田宮 裕涼,郡司 裕也,レイエス,松本 剛,梅林 優貴,水野 達稀
日本ハム,8月9日(土),五十幡 亮汰,水谷 瞬,レイエス,マルティネス,石井 一成,清宮 幸太郎,万波 中正,田宮 裕涼,水野 達稀
日本ハム,8月10日(日),五十幡 亮汰,松本 剛,レイエス,郡司 裕也,マルティネス,万波 中正,石井 一成,伏見 寅威,奈良間 大己
日本ハム,8月11日(月),郡司 裕也,清宮 幸太郎,万波 中正,松本 剛,レイエス,野村 佑希,石井 一成,梅林 優貴,水野 達稀
日本ハム,8月13日(水),水谷 瞬,万波 中正,野村 佑希,レイエス,郡司 裕也,石井 一成,有薗 直輝,清宮 幸太郎,水野 達稀
日本ハム,8月14日(木),五十幡 亮汰,水谷 瞬,野村 佑希,レイエス,石井 一成,有薗 直輝,清宮 幸太郎,田宮 裕涼,中島 卓也
日本ハム,8月15日(金),五十幡 亮汰,郡司 裕也,レイエス,野村 佑希,万波 中正,石井 一成,清宮 幸太郎,伏見 寅威,水野 達稀
日本ハム,8月16日(土),五十幡 亮汰,田宮 裕涼,レイエス,郡司 裕也,清宮 幸太郎,野村 佑希,石井 一成,万波 中正,水野 達稀
日本ハム,8月17日(日),中島 卓也,田宮 裕涼,清宮 幸太郎,レイエス,矢澤 宏太,有薗 直輝,水野 達稀,水谷 瞬,松本 剛
日本ハム,8月19日(火),水谷 瞬,清宮 幸太郎,石井 一成,レイエス,郡司 裕也,野村 佑希,田宮 裕涼,万波 中正,水野 達稀
日本ハム,8月20日(水),水谷 瞬,清宮 幸太郎,石井 一成,レイエス,郡司 裕也,野村 佑希,田宮 裕涼,万波 中正,水野 達稀
日本ハム,8月21日(木),水谷 瞬,清宮 幸太郎,郡司 裕也,レイエス,野村 佑希,石井 一成,万波 中正,田宮 裕涼,水野 達稀
日本ハム,8月22日(金),水谷 瞬,清宮 幸太郎,郡司 裕也,レイエス,野村 佑希,石井 一成,万波 中正,田宮 裕涼,水野 達稀
日本ハム,8月23日(土),水谷 瞬,清宮 幸太郎,郡司 裕也,レイエス,野村 佑希,石井 一成,万波 中正,田宮 裕涼,水野 達稀
日本ハム,8月24日(日),水谷 瞬,清宮 幸太郎,郡司 裕也,レイエス,野村 佑希,石井 一成,万波 中正,田宮 裕涼,水野 達稀
日本ハム,8月26日(火),水谷 瞬,田宮 裕涼,石井 一成,レイエス,清宮 幸太郎,野村 佑希,万波 中正,有薗 直輝,奈良間 大己
日本ハム,8月27日(水),矢澤 宏太,五十幡 亮汰,水谷 瞬,郡司 裕也,石井 一成,万波 中正,清宮 幸太郎,伏見 寅威,山縣 秀
日本ハム,8月29日(金),水谷 瞬,石井 一成,郡司 裕也,レイエス,野村 佑希,田宮 裕涼,万波 中正,五十幡 亮汰,水野 達稀
日本ハム,8月30日(土),水谷 瞬,五十幡 亮汰,郡司 裕也,レイエス,清宮 幸太郎,有薗 直輝,田宮 裕涼,山縣 秀,水野 達稀
日本ハム,8月31日(日),五十幡 亮汰,田宮 裕涼,郡司 裕也,清宮 幸太郎,レイエス,野村 佑希,石井 一成,万波 中正,中島 卓也
日本ハム,9月2日(火),水谷 瞬,石井 一成,レイエス,郡司 裕也,清宮 幸太郎,田宮 裕涼,万波 中正,五十幡 亮汰,水野 達稀
日本ハム,9月3日(水),水谷 瞬,マルティネス,レイエス,石井 一成,田宮 裕涼,万波 中正,清宮 幸太郎,山縣 秀,松本 剛
日本ハム,9月4日(木),五十幡 亮汰,矢澤 宏太,水谷 瞬,レイエス,郡司 裕也,山縣 秀,清宮 幸太郎,伏見 寅威,水野 達稀
日本ハム,9月5日(金),五十幡 亮汰,矢澤 宏太,水谷 瞬,郡司 裕也,清宮 幸太郎,田宮 裕涼,石井 一成,山縣 秀,水野 達稀
日本ハム,9月6日(土),水谷 瞬,清宮 幸太郎,郡司 裕也,レイエス,野村 佑希,石井 一成,田宮 裕涼,山縣 秀,五十幡 亮汰
日本ハム,9月7日(日),五十幡 亮汰,清宮 幸太郎,郡司 裕也,レイエス,万波 中正,石井 一成,松本 剛,田宮 裕涼,水野 達稀
日本ハム,9月9日(火),水谷 瞬,今川 優馬,レイエス,郡司 裕也,清宮 幸太郎,万波 中正,石井 一成,山縣 秀,田宮 裕涼
日本ハム,9月11日(木),野村 佑希,今川 優馬,レイエス,郡司 裕也,清宮 幸太郎,松本 剛,山縣 秀,奈良間 大己,田宮 裕涼
日本ハム,9月12日(金),野村 佑希,今川 優馬,レイエス,郡司 裕也,清宮 幸太郎,山縣 秀,石井 一成,矢澤 宏太,伏見 寅威
日本ハム,9月13日(土),水谷 瞬,今川 優馬,レイエス,郡司 裕也,清宮 幸太郎,野村 佑希,田宮 裕涼,石井 一成,水野 達稀
日本ハム,9月14日(日),水谷 瞬,今川 優馬,レイエス,郡司 裕也,清宮 幸太郎,万波 中正,石井 一成,山縣 秀,田宮 裕涼
日本ハム,9月15日(月),水谷 瞬,淺間 大基,レイエス,郡司 裕也,清宮 幸太郎,石井 一成,野村 佑希,田宮 裕涼,山縣 秀
日本ハム,9月17日(水),淺間 大基,細川 凌平,レイエス,郡司 裕也,清宮 幸太郎,田宮 裕涼,万波 中正,水野 達稀,水谷 瞬
日本ハム,9月18日(木),水谷 瞬,野村 佑希,レイエス,郡司 裕也,清宮 幸太郎,万波 中正,山縣 秀,田宮 裕涼,水野 達稀
日本ハム,9月20日(土),万波 中正,レイエス,水谷 瞬,郡司 裕也,清宮 幸太郎,野村 佑希,石井 一成,伏見 寅威,水野 達稀
日本ハム,9月21日(日),万波 中正,レイエス,水谷 瞬,郡司 裕也,清宮 幸太郎,野村 佑希,石井 一成,山縣 秀,田宮 裕涼
日本ハム,9月22日(月),水谷 瞬,淺間 大基,レイエス,郡司 裕也,清宮 幸太郎,野村 佑希,石井 一成,水野 達稀,田宮 裕涼
日本ハム,9月23日(火),水谷 瞬,石井 一成,レイエス,郡司 裕也,清宮 幸太郎,野村 佑希,五十幡 亮汰,水野 達稀,田宮 裕涼
日本ハム,9月25日(木),水谷 瞬,田宮 裕涼,レイエス,郡司 裕也,清宮 幸太郎,淺間 大基,石井 一成,五十幡 亮汰,水野 達稀
日本ハム,9月26日(金),矢澤 宏太,水谷 瞬,レイエス,郡司 裕也,清宮 幸太郎,石井 一成,水野 達稀,田宮 裕涼,松本 剛
日本ハム,9月27日(土),矢澤 宏太,五十幡 亮汰,水野 達稀,郡司 裕也,清宮 幸太郎,石井 一成,水谷 瞬,進藤 勇也,奈良間 大己
日本ハム,9月28日(日),清宮 幸太郎,レイエス,郡司 裕也,野村 佑希,水谷 瞬,山縣 秀,矢澤 宏太,水野 達稀,田宮 裕涼
日本ハム,9月30日(火),清宮 幸太郎,今川 優馬,郡司 裕也,進藤 勇也,水谷 瞬,矢澤 宏太,山縣 秀,淺間 大基,石井 一成
日本ハム,10月4日(土),清宮 幸太郎,郡司 裕也,淺間 大基,野村 佑希,今川 優馬,石井 一成,矢澤 宏太,奈良間 大己,田宮 裕涼
オリックス,3月28日(金),中川 圭太,宗 佑磨,紅林 弘太郎,杉本 裕太郎,西川 龍馬,太田 椋,オリバレス,頓宮 裕真,若月 健矢
オリックス,3月29日(土),中川 圭太,宗 佑磨,紅林 弘太郎,杉本 裕太郎,西川 龍馬,太田 椋,オリバレス,頓宮 裕真,若月 健矢
オリックス,3月30日(日),福田 周平,太田 椋,西川 龍馬,杉本 裕太郎,紅林 弘太郎,頓宮 裕真,中川 圭太,西野 真弘,福永 奨
オリックス,4月2日(水),中川 圭太,福田 周平,西川 龍馬,杉本 裕太郎,紅林 弘太郎,頓宮 裕真,太田 椋,若月 健矢,西野 真弘
オリックス,4月3日(木),中川 圭太,宗 佑磨,西川 龍馬,杉本 裕太郎,紅林 弘太郎,太田 椋,頓宮 裕真,若月 健矢,麦谷 祐介
オリックス,4月4日(金),福田 周平,太田 椋,西川 龍馬,杉本 裕太郎,中川 圭太,宗 佑磨,頓宮 裕真,若月 健矢,大城 滉二
オリックス,4月5日(土),福田 周平,太田 椋,西川 龍馬,杉本 裕太郎,頓宮 裕真,西野 真弘,山中 稜真,若月 健矢,野口 智哉
オリックス,4月6日(日),宗 佑磨,太田 椋,西川 龍馬,杉本 裕太郎,頓宮 裕真,オリバレス,中川 圭太,福永 奨,野口 智哉
オリックス,4月8日(火),福田 周平,太田 椋,西川 龍馬,オリバレス,頓宮 裕真,宗 佑磨,中川 圭太,福永 奨,大城 滉二
オリックス,4月9日(水),福田 周平,太田 椋,西川 龍馬,杉本 裕太郎,頓宮 裕真,西野 真弘,廣岡 大志,若月 健矢,中川 圭太
オリックス,4月10日(木),中川 圭太,太田 椋,西川 龍馬,杉本 裕太郎,頓宮 裕真,西野 真弘,紅林 弘太郎,若月 健矢,廣岡 大志
オリックス,4月11日(金),宗 佑磨,太田 椋,西川 龍馬,杉本 裕太郎,頓宮 裕真,山中 稜真,若月 健矢,大城 滉二,中川 圭太
オリックス,4月12日(土),宗 佑磨,太田 椋,山中 稜真,中川 圭太,頓宮 裕真,ディアス,紅林 弘太郎,若月 健矢,麦谷 祐介
オリックス,4月13日(日),宗 佑磨,太田 椋,西川 龍馬,杉本 裕太郎,頓宮 裕真,紅林 弘太郎,中川 圭太,若月 健矢,福田 周平
オリックス,4月15日(火),麦谷 祐介,太田 椋,西川 龍馬,ディアス,頓宮 裕真,紅林 弘太郎,西野 真弘,福永 奨,中川 圭太
オリックス,4月16日(水),麦谷 祐介,太田 椋,西川 龍馬,杉本 裕太郎,頓宮 裕真,山中 稜真,紅林 弘太郎,若月 健矢,宗 佑磨
オリックス,4月17日(木),山中 稜真,太田 椋,西川 龍馬,ディアス,紅林 弘太郎,中川 圭太,廣岡 大志,宗 佑磨,若月 健矢
オリックス,4月18日(金),西川 龍馬,太田 椋,西野 真弘,ディアス,頓宮 裕真,中川 圭太,紅林 弘太郎,若月 健矢,麦谷 祐介
オリックス,4月19日(土),西川 龍馬,太田 椋,ディアス,杉本 裕太郎,頓宮 裕真,中川 圭太,紅林 弘太郎,宗 佑磨,福永 奨
オリックス,4月20日(日),福田 周平,太田 椋,山中 稜真,ディアス,頓宮 裕真,中川 圭太,紅林 弘太郎,福永 奨,廣岡 大志
オリックス,4月22日(火),廣岡 大志,西川 龍馬,太田 椋,杉本 裕太郎,頓宮 裕真,ディアス,紅林 弘太郎,宗 佑磨,若月 健矢
オリックス,4月23日(水),廣岡 大志,西川 龍馬,太田 椋,杉本 裕太郎,頓宮 裕真,若月 健矢,山中 稜真,紅林 弘太郎,宗 佑磨
オリックス,4月25日(金),麦谷 祐介,宗 佑磨,太田 椋,杉本 裕太郎,西川 龍馬,頓宮 裕真,ディアス,紅林 弘太郎,若月 健矢
オリックス,4月26日(土),廣岡 大志,紅林 弘太郎,太田 椋,杉本 裕太郎,西川 龍馬,ディアス,頓宮 裕真,若月 健矢,中川 圭太
オリックス,4月27日(日),廣岡 大志,紅林 弘太郎,太田 椋,杉本 裕太郎,西川 龍馬,頓宮 裕真,中川 圭太,福永 奨,山中 稜真
オリックス,4月29日(火),麦谷 祐介,山中 稜真,太田 椋,頓宮 裕真,西川 龍馬,中川 圭太,廣岡 大志,野口 智哉,若月 健矢
オリックス,4月30日(水),麦谷 祐介,廣岡 大志,太田 椋,杉本 裕太郎,西川 龍馬,頓宮 裕真,中川 圭太,野口 智哉,若月 健矢
オリックス,5月3日(土),廣岡 大志,紅林 弘太郎,太田 椋,杉本 裕太郎,西川 龍馬,頓宮 裕真,中川 圭太,来田 涼斗,福永 奨
オリックス,5月4日(日),麦谷 祐介,紅林 弘太郎,太田 椋,杉本 裕太郎,西川 龍馬,頓宮 裕真,来田 涼斗,若月 健矢,野口 智哉
オリックス,5月5日(月),廣岡 大志,西川 龍馬,太田 椋,杉本 裕太郎,森 友哉,頓宮 裕真,中川 圭太,紅林 弘太郎,若月 健矢
オリックス,5月6日(火),廣岡 大志,西川 龍馬,太田 椋,杉本 裕太郎,森 友哉,中川 圭太,紅林 弘太郎,ディアス,若月 健矢
オリックス,5月7日(水),廣岡 大志,西川 龍馬,太田 椋,杉本 裕太郎,森 友哉,頓宮 裕真,中川 圭太,ディアス,紅林 弘太郎
オリックス,5月9日(金),麦谷 祐介,太田 椋,森 友哉,杉本 裕太郎,西川 龍馬,頓宮 裕真,廣岡 大志,来田 涼斗,紅林 弘太郎
オリックス,5月10日(土),麦谷 祐介,廣岡 大志,太田 椋,杉本 裕太郎,西川 龍馬,頓宮 裕真,中川 圭太,福永 奨,紅林 弘太郎
オリックス,5月11日(日),麦谷 祐介,西川 龍馬,太田 椋,杉本 裕太郎,頓宮 裕真,中川 圭太,廣岡 大志,若月 健矢,紅林 弘太郎
オリックス,5月13日(火),廣岡 大志,西川 龍馬,太田 椋,杉本 裕太郎,頓宮 裕真,中川 圭太,ディアス,若月 健矢,紅林 弘太郎
オリックス,5月14日(水),廣岡 大志,西川 龍馬,紅林 弘太郎,太田 椋,中川 圭太,頓宮 裕真,ディアス,福永 奨,来田 涼斗
オリックス,5月15日(木),廣岡 大志,西川 龍馬,紅林 弘太郎,杉本 裕太郎,太田 椋,頓宮 裕真,中川 圭太,若月 健矢,麦谷 祐介
オリックス,5月16日(金),廣岡 大志,西川 龍馬,紅林 弘太郎,太田 椋,頓宮 裕真,森 友哉,中川 圭太,若月 健矢,麦谷 祐介
オリックス,5月17日(土),麦谷 祐介,森 友哉,西川 龍馬,太田 椋,杉本 裕太郎,頓宮 裕真,紅林 弘太郎,福永 奨,野口 智哉
オリックス,5月18日(日),廣岡 大志,森 友哉,西川 龍馬,頓宮 裕真,太田 椋,紅林 弘太郎,野口 智哉,福永 奨,中川 圭太
オリックス,5月20日(火),廣岡 大志,西川 龍馬,森 友哉,頓宮 裕真,紅林 弘太郎,中川 圭太,来田 涼斗,若月 健矢,西野 真弘
オリックス,5月21日(水),廣岡 大志,西川 龍馬,森 友哉,頓宮 裕真,紅林 弘太郎,杉本 裕太郎,野口 智哉,若月 健矢,大里 昂生
オリックス,5月22日(木),廣岡 大志,西川 龍馬,森 友哉,頓宮 裕真,紅林 弘太郎,中川 圭太,野口 智哉,若月 健矢,麦谷 祐介
オリックス,5月25日(日),廣岡 大志,西川 龍馬,紅林 弘太郎,頓宮 裕真,森 友哉,杉本 裕太郎,中川 圭太,大里 昂生,福永 奨
オリックス,5月27日(火),廣岡 大志,西川 龍馬,紅林 弘太郎,頓宮 裕真,森 友哉,杉本 裕太郎,中川 圭太,西野 真弘,若月 健矢
オリックス,5月28日(水),廣岡 大志,西川 龍馬,紅林 弘太郎,頓宮 裕真,森 友哉,杉本 裕太郎,中川 圭太,若月 健矢,西野 真弘
オリックス,5月31日(土),廣岡 大志,西川 龍馬,紅林 弘太郎,頓宮 裕真,森 友哉,杉本 裕太郎,来田 涼斗,若月 健矢,野口 智哉
オリックス,6月1日(日),廣岡 大志,西川 龍馬,紅林 弘太郎,頓宮 裕真,森 友哉,中川 圭太,野口 智哉,福永 奨,麦谷 祐介
オリックス,6月3日(火),廣岡 大志,紅林 弘太郎,西川 龍馬,頓宮 裕真,中川 圭太,杉本 裕太郎,森 友哉,若月 健矢,西野 真弘
オリックス,6月4日(水),廣岡 大志,大城 滉二,頓宮 裕真,杉本 裕太郎,西川 龍馬,森 友哉,紅林 弘太郎,若月 健矢,中川 圭太
オリックス,6月5日(木),廣岡 大志,西川 龍馬,森 友哉,頓宮 裕真,杉本 裕太郎,杉澤 龍,西野 真弘,若月 健矢,野口 智哉
オリックス,6月6日(金),廣岡 大志,西川 龍馬,紅林 弘太郎,頓宮 裕真,杉本 裕太郎,中川 圭太,福永 奨,野口 智哉,東 晃平
オリックス,6月7日(土),廣岡 大志,大城 滉二,森 友哉,頓宮 裕真,西川 龍馬,杉本 裕太郎,紅林 弘太郎,中川 圭太,宮城 大弥
オリックス,6月8日(日),麦谷 祐介,西川 龍馬,廣岡 大志,紅林 弘太郎,杉本 裕太郎,頓宮 裕真,福永 奨,大城 滉二,曽谷 龍平
オリックス,6月10日(火),廣岡 大志,大城 滉二,紅林 弘太郎,西川 龍馬,森 友哉,杉本 裕太郎,頓宮 裕真,中川 圭太,来田 涼斗
オリックス,6月11日(水),西川 龍馬,山中 稜真,森 友哉,紅林 弘太郎,杉本 裕太郎,廣岡 大志,杉澤 龍,野口 智哉,若月 健矢
オリックス,6月12日(木),廣岡 大志,紅林 弘太郎,ディアス,杉本 裕太郎,頓宮 裕真,来田 涼斗,中川 圭太,若月 健矢,大城 滉二
オリックス,6月13日(金),宗 佑磨,中川 圭太,森 友哉,杉本 裕太郎,頓宮 裕真,西川 龍馬,太田 椋,若月 健矢,野口 智哉
オリックス,6月14日(土),宗 佑磨,太田 椋,森 友哉,杉本 裕太郎,頓宮 裕真,西川 龍馬,杉澤 龍,大城 滉二,来田 涼斗
オリックス,6月15日(日),宗 佑磨,太田 椋,森 友哉,杉本 裕太郎,頓宮 裕真,西川 龍馬,紅林 弘太郎,福永 奨,中川 圭太
オリックス,6月17日(火),宗 佑磨,太田 椋,森 友哉,杉本 裕太郎,頓宮 裕真,西川 龍馬,中川 圭太,紅林 弘太郎,東 晃平
オリックス,6月18日(水),宗 佑磨,太田 椋,森 友哉,杉本 裕太郎,頓宮 裕真,西川 龍馬,中川 圭太,紅林 弘太郎,九里 亜蓮
オリックス,6月19日(木),西川 龍馬,宗 佑磨,太田 椋,杉本 裕太郎,頓宮 裕真,紅林 弘太郎,若月 健矢,来田 涼斗,田嶋 大樹
オリックス,6月20日(金),西川 龍馬,宗 佑磨,太田 椋,杉本 裕太郎,頓宮 裕真,紅林 弘太郎,若月 健矢,来田 涼斗,エスピノーザ
オリックス,6月21日(土),西川 龍馬,宗 佑磨,太田 椋,杉本 裕太郎,森 友哉,頓宮 裕真,来田 涼斗,紅林 弘太郎,宮城 大弥
オリックス,6月22日(日),西川 龍馬,宗 佑磨,太田 椋,杉本 裕太郎,頓宮 裕真,中川 圭太,紅林 弘太郎,若月 健矢,曽谷 龍平
オリックス,6月27日(金),西川 龍馬,宗 佑磨,ディアス,杉本 裕太郎,頓宮 裕真,中川 圭太,紅林 弘太郎,若月 健矢,大城 滉二
オリックス,6月28日(土),西川 龍馬,宗 佑磨,中川 圭太,杉本 裕太郎,頓宮 裕真,森 友哉,紅林 弘太郎,若月 健矢,西野 真弘
オリックス,6月29日(日),西川 龍馬,宗 佑磨,中川 圭太,頓宮 裕真,紅林 弘太郎,森 友哉,大城 滉二,来田 涼斗,福永 奨
オリックス,7月1日(火),西川 龍馬,宗 佑磨,森 友哉,頓宮 裕真,西野 真弘,中川 圭太,茶野 篤政,若月 健矢,大城 滉二
オリックス,7月2日(水),来田 涼斗,宗 佑磨,森 友哉,杉本 裕太郎,西野 真弘,頓宮 裕真,中川 圭太,茶野 篤政,紅林 弘太郎
オリックス,7月4日(金),来田 涼斗,宗 佑磨,紅林 弘太郎,杉本 裕太郎,頓宮 裕真,西野 真弘,中川 圭太,ディアス,若月 健矢
オリックス,7月5日(土),来田 涼斗,宗 佑磨,紅林 弘太郎,杉本 裕太郎,頓宮 裕真,森 友哉,太田 椋,ディアス,元 謙太
オリックス,7月6日(日),来田 涼斗,宗 佑磨,頓宮 裕真,杉本 裕太郎,太田 椋,ディアス,若月 健矢,紅林 弘太郎,中川 圭太
オリックス,7月8日(火),来田 涼斗,宗 佑磨,太田 椋,杉本 裕太郎,西野 真弘,頓宮 裕真,紅林 弘太郎,若月 健矢,中川 圭太
オリックス,7月9日(水),福田 周平,宗 佑磨,太田 椋,杉本 裕太郎,ディアス,中川 圭太,頓宮 裕真,紅林 弘太郎,若月 健矢
オリックス,7月10日(木),中川 圭太,宗 佑磨,太田 椋,杉本 裕太郎,西野 真弘,頓宮 裕真,紅林 弘太郎,福永 奨,福田 周平
オリックス,7月11日(金),中川 圭太,宗 佑磨,太田 椋,杉本 裕太郎,西野 真弘,紅林 弘太郎,ディアス,若月 健矢,来田 涼斗
オリックス,7月12日(土),中川 圭太,宗 佑磨,太田 椋,頓宮 裕真,西野 真弘,廣岡 大志,紅林 弘太郎,福田 周平,若月 健矢
オリックス,7月13日(日),廣岡 大志,宗 佑磨,太田 椋,杉本 裕太郎,西野 真弘,頓宮 裕真,来田 涼斗,若月 健矢,紅林 弘太郎
オリックス,7月15日(火),廣岡 大志,宗 佑磨,太田 椋,杉本 裕太郎,西野 真弘,来田 涼斗,頓宮 裕真,若月 健矢,大里 昂生
オリックス,7月16日(水),廣岡 大志,宗 佑磨,太田 椋,杉本 裕太郎,西野 真弘,中川 圭太,頓宮 裕真,紅林 弘太郎,若月 健矢
オリックス,7月18日(金),廣岡 大志,宗 佑磨,太田 椋,杉本 裕太郎,西野 真弘,頓宮 裕真,中川 圭太,若月 健矢,大里 昂生
オリックス,7月19日(土),廣岡 大志,宗 佑磨,太田 椋,杉本 裕太郎,西野 真弘,来田 涼斗,若月 健矢,中川 圭太,大里 昂生
オリックス,7月20日(日),廣岡 大志,宗 佑磨,太田 椋,中川 圭太,西野 真弘,杉本 裕太郎,頓宮 裕真,若月 健矢,大里 昂生
オリックス,7月21日(月),大里 昂生,廣岡 大志,宗 佑磨,太田 椋,中川 圭太,来田 涼斗,ディアス,福永 奨,福田 周平
オリックス,7月26日(土),中川 圭太,宗 佑磨,太田 椋,頓宮 裕真,西野 真弘,若月 健矢,杉本 裕太郎,大里 昂生,廣岡 大志
オリックス,7月27日(日),中川 圭太,大里 昂生,太田 椋,頓宮 裕真,宗 佑磨,ディアス,福田 周平,福永 奨,元 謙太
オリックス,7月29日(火),廣岡 大志,宗 佑磨,太田 椋,頓宮 裕真,中川 圭太,ディアス,杉本 裕太郎,大里 昂生,若月 健矢
オリックス,7月30日(水),麦谷 祐介,宗 佑磨,太田 椋,杉本 裕太郎,来田 涼斗,中川 圭太,ディアス,若月 健矢,大里 昂生
オリックス,7月31日(木),廣岡 大志,宗 佑磨,太田 椋,杉本 裕太郎,西野 真弘,ディアス,福田 周平,福永 奨,大里 昂生
オリックス,8月1日(金),廣岡 大志,宗 佑磨,ディアス,杉本 裕太郎,西野 真弘,頓宮 裕真,中川 圭太,大里 昂生,若月 健矢
オリックス,8月2日(土),廣岡 大志,西野 真弘,ディアス,杉本 裕太郎,頓宮 裕真,中川 圭太,オリバレス,大里 昂生,若月 健矢
オリックス,8月3日(日),廣岡 大志,宗 佑磨,太田 椋,頓宮 裕真,西野 真弘,中川 圭太,オリバレス,福永 奨,大里 昂生
オリックス,8月5日(火),廣岡 大志,宗 佑磨,太田 椋,杉本 裕太郎,中川 圭太,頓宮 裕真,ディアス,若月 健矢,紅林 弘太郎
オリックス,8月6日(水),麦谷 祐介,宗 佑磨,太田 椋,頓宮 裕真,西野 真弘,中川 圭太,若月 健矢,大里 昂生,廣岡 大志
オリックス,8月7日(木),廣岡 大志,太田 椋,頓宮 裕真,杉本 裕太郎,若月 健矢,西野 真弘,紅林 弘太郎,福田 周平,オリバレス
オリックス,8月9日(土),廣岡 大志,宗 佑磨,頓宮 裕真,杉本 裕太郎,中川 圭太,太田 椋,大里 昂生,紅林 弘太郎,若月 健矢
オリックス,8月11日(月),廣岡 大志,宗 佑磨,頓宮 裕真,杉本 裕太郎,西野 真弘,太田 椋,中川 圭太,大里 昂生,若月 健矢
オリックス,8月13日(水),廣岡 大志,宗 佑磨,頓宮 裕真,杉本 裕太郎,太田 椋,ディアス,オリバレス,紅林 弘太郎,若月 健矢
オリックス,8月14日(木),麦谷 祐介,宗 佑磨,中川 圭太,太田 椋,若月 健矢,西野 真弘,頓宮 裕真,大里 昂生,廣岡 大志
オリックス,8月15日(金),廣岡 大志,西野 真弘,太田 椋,杉本 裕太郎,頓宮 裕真,紅林 弘太郎,ディアス,若月 健矢,オリバレス
オリックス,8月16日(土),廣岡 大志,宗 佑磨,太田 椋,杉本 裕太郎,西野 真弘,若月 健矢,頓宮 裕真,大里 昂生,麦谷 祐介
オリックス,8月17日(日),廣岡 大志,宗 佑磨,太田 椋,頓宮 裕真,西野 真弘,杉本 裕太郎,若月 健矢,紅林 弘太郎,中川 圭太
オリックス,8月19日(火),廣岡 大志,西川 龍馬,太田 椋,杉本 裕太郎,中川 圭太,頓宮 裕真,若月 健矢,紅林 弘太郎,宗 佑磨
オリックス,8月20日(水),廣岡 大志,西川 龍馬,太田 椋,頓宮 裕真,中川 圭太,杉本 裕太郎,紅林 弘太郎,福永 奨,宗 佑磨
オリックス,8月21日(木),廣岡 大志,西川 龍馬,太田 椋,杉本 裕太郎,中川 圭太,西野 真弘,紅林 弘太郎,若月 健矢,宗 佑磨
オリックス,8月22日(金),廣岡 大志,西川 龍馬,太田 椋,杉本 裕太郎,中川 圭太,紅林 弘太郎,頓宮 裕真,若月 健矢,宗 佑磨
オリックス,8月23日(土),廣岡 大志,西川 龍馬,太田 椋,中川 圭太,西野 真弘,頓宮 裕真,若月 健矢,麦谷 祐介,大城 滉二
オリックス,8月24日(日),廣岡 大志,西川 龍馬,太田 椋,中川 圭太,頓宮 裕真,若月 健矢,宗 佑磨,紅林 弘太郎,麦谷 祐介
オリックス,8月26日(火),廣岡 大志,西川 龍馬,太田 椋,中川 圭太,宗 佑磨,頓宮 裕真,紅林 弘太郎,若月 健矢,麦谷 祐介
オリックス,8月27日(水),廣岡 大志,西川 龍馬,太田 椋,杉本 裕太郎,西野 真弘,頓宮 裕真,紅林 弘太郎,若月 健矢,麦谷 祐介
オリックス,8月29日(金),廣岡 大志,西川 龍馬,太田 椋,中川 圭太,頓宮 裕真,杉本 裕太郎,宗 佑磨,若月 健矢,大里 昂生
オリックス,8月30日(土),廣岡 大志,西川 龍馬,太田 椋,中川 圭太,西野 真弘,杉本 裕太郎,宗 佑磨,福永 奨,紅林 弘太郎
オリックス,8月31日(日),廣岡 大志,宗 佑磨,西川 龍馬,中川 圭太,西野 真弘,頓宮 裕真,杉本 裕太郎,若月 健矢,紅林 弘太郎
オリックス,9月2日(火),廣岡 大志,西川 龍馬,紅林 弘太郎,中川 圭太,若月 健矢,頓宮 裕真,杉本 裕太郎,大城 滉二,宗 佑磨
オリックス,9月3日(水),廣岡 大志,西川 龍馬,太田 椋,中川 圭太,頓宮 裕真,杉本 裕太郎,宗 佑磨,福永 奨,紅林 弘太郎
オリックス,9月4日(木),廣岡 大志,西川 龍馬,太田 椋,杉本 裕太郎,中川 圭太,頓宮 裕真,宗 佑磨,若月 健矢,紅林 弘太郎
オリックス,9月5日(金),廣岡 大志,西川 龍馬,太田 椋,中川 圭太,西野 真弘,紅林 弘太郎,杉本 裕太郎,若月 健矢,大里 昂生
オリックス,9月6日(土),廣岡 大志,西川 龍馬,太田 椋,頓宮 裕真,宗 佑磨,杉本 裕太郎,若月 健矢,大城 滉二,麦谷 祐介
オリックス,9月7日(日),廣岡 大志,西川 龍馬,太田 椋,頓宮 裕真,中川 圭太,宗 佑磨,紅林 弘太郎,若月 健矢,来田 涼斗
オリックス,9月8日(月),廣岡 大志,西川 龍馬,太田 椋,頓宮 裕真,中川 圭太,森 友哉,杉本 裕太郎,若月 健矢,紅林 弘太郎
オリックス,9月9日(火),麦谷 祐介,来田 涼斗,西川 龍馬,頓宮 裕真,西野 真弘,森 友哉,廣岡 大志,宗 佑磨,紅林 弘太郎
オリックス,9月11日(木),廣岡 大志,西川 龍馬,中川 圭太,頓宮 裕真,西野 真弘,森 友哉,杉本 裕太郎,紅林 弘太郎,宗 佑磨
オリックス,9月13日(土),来田 涼斗,森 友哉,西川 龍馬,頓宮 裕真,西野 真弘,杉本 裕太郎,太田 椋,若月 健矢,紅林 弘太郎
オリックス,9月14日(日),廣岡 大志,西野 真弘,中川 圭太,西川 龍馬,頓宮 裕真,森 友哉,杉本 裕太郎,大城 滉二,宗 佑磨
オリックス,9月15日(月),廣岡 大志,中川 圭太,太田 椋,西川 龍馬,西野 真弘,頓宮 裕真,宗 佑磨,若月 健矢,紅林 弘太郎
オリックス,9月16日(火),廣岡 大志,西川 龍馬,太田 椋,杉本 裕太郎,西野 真弘,中川 圭太,紅林 弘太郎,若月 健矢,麦谷 祐介
オリックス,9月17日(水),来田 涼斗,西川 龍馬,太田 椋,頓宮 裕真,西野 真弘,森 友哉,麦谷 祐介,紅林 弘太郎,廣岡 大志
オリックス,9月18日(木),廣岡 大志,西川 龍馬,太田 椋,杉本 裕太郎,頓宮 裕真,森 友哉,宗 佑磨,若月 健矢,大里 昂生
オリックス,9月20日(土),西川 龍馬,太田 椋,森 友哉,西野 真弘,若月 健矢,中川 圭太,宗 佑磨,大里 昂生,廣岡 大志
オリックス,9月21日(日),麦谷 祐介,森 友哉,廣岡 大志,西野 真弘,若月 健矢,頓宮 裕真,紅林 弘太郎,宗 佑磨,中川 圭太
オリックス,9月22日(月),廣岡 大志,西野 真弘,太田 椋,頓宮 裕真,紅林 弘太郎,森 友哉,杉本 裕太郎,宗 佑磨,中川 圭太
オリックス,9月23日(火),廣岡 大志,西野 真弘,太田 椋,頓宮 裕真,中川 圭太,若月 健矢,杉本 裕太郎,宗 佑磨,紅林 弘太郎
オリックス,9月25日(木),廣岡 大志,太田 椋,西野 真弘,頓宮 裕真,中川 圭太,紅林 弘太郎,杉本 裕太郎,森 友哉,宗 佑磨
オリックス,9月27日(土),中川 圭太,宗 佑磨,太田 椋,頓宮 裕真,若月 健矢,杉本 裕太郎,森 友哉,紅林 弘太郎,廣岡 大志
オリックス,9月28日(日),廣岡 大志,太田 椋,紅林 弘太郎,中川 圭太,若月 健矢,西野 真弘,宗 佑磨,大城 滉二,麦谷 祐介
オリックス,9月29日(月),廣岡 大志,太田 椋,紅林 弘太郎,中川 圭太,頓宮 裕真,若月 健矢,来田 涼斗,大里 昂生,福永 奨
オリックス,10月1日(水),廣岡 大志,太田 椋,紅林 弘太郎,中川 圭太,杉本 裕太郎,西野 真弘,頓宮 裕真,若月 健矢,宗 佑磨
オリックス,10月2日(木),廣岡 大志,宗 佑磨,紅林 弘太郎,頓宮 裕真,来田 涼斗,若月 健矢,麦谷 祐介,渡部 遼人,大里 昂生
オリックス,10月3日(金),森 友哉,宗 佑磨,紅林 弘太郎,太田 椋,杉本 裕太郎,西野 真弘,廣岡 大志,堀 柊那,麦谷 祐介
オリックス,10月5日(日),廣岡 大志,太田 椋,紅林 弘太郎,中川 圭太,西野 真弘,頓宮 裕真,杉本 裕太郎,宗 佑磨,若月 健矢
楽天,3月28日(金),小深田 大翔,宗山 塁,小郷 裕哉,辰己 涼介,浅村 栄斗,村林 一輝,伊藤 裕季也,太田 光,田中 和基
楽天,3月29日(土),小深田 大翔,宗山 塁,小郷 裕哉,辰己 涼介,阿部 寿樹,浅村 栄斗,渡邊 佳明,フランコ,太田 光
楽天,3月30日(日),小郷 裕哉,宗山 塁,鈴木 大地,辰己 涼介,阿部 寿樹,浅村 栄斗,小深田 大翔,フランコ,太田 光
楽天,4月3日(木),宗山 塁,小深田 大翔,小郷 裕哉,辰己 涼介,阿部 寿樹,浅村 栄斗,伊藤 裕季也,フランコ,石原 彪
楽天,4月4日(金),宗山 塁,小深田 大翔,小郷 裕哉,阿部 寿樹,辰己 涼介,浅村 栄斗,村林 一輝,フランコ,太田 光
楽天,4月5日(土),宗山 塁,伊藤 裕季也,小郷 裕哉,阿部 寿樹,辰己 涼介,浅村 栄斗,村林 一輝,フランコ,太田 光
楽天,4月6日(日),宗山 塁,小深田 大翔,辰己 涼介,阿部 寿樹,渡邊 佳明,浅村 栄斗,鈴木 大地,太田 光,武藤 敦貴
楽天,4月8日(火),宗山 塁,小深田 大翔,辰己 涼介,阿部 寿樹,小郷 裕哉,浅村 栄斗,武藤 敦貴,フランコ,太田 光
楽天,4月9日(水),村林 一輝,小深田 大翔,伊藤 裕季也,辰己 涼介,フランコ,浅村 栄斗,小郷 裕哉,太田 光,渡邊 佳明
楽天,4月10日(木),小深田 大翔,小郷 裕哉,宗山 塁,阿部 寿樹,鈴木 大地,浅村 栄斗,辰己 涼介,石原 彪,武藤 敦貴
楽天,4月11日(金),伊藤 裕季也,小深田 大翔,小郷 裕哉,阿部 寿樹,浅村 栄斗,辰己 涼介,宗山 塁,フランコ,太田 光
楽天,4月12日(土),小郷 裕哉,小深田 大翔,辰己 涼介,阿部 寿樹,浅村 栄斗,伊藤 裕季也,中島 大輔,宗山 塁,太田 光
楽天,4月13日(日),伊藤 裕季也,村林 一輝,辰己 涼介,阿部 寿樹,浅村 栄斗,渡邊 佳明,フランコ,太田 光,小深田 大翔
楽天,4月15日(火),小深田 大翔,村林 一輝,浅村 栄斗,阿部 寿樹,辰己 涼介,伊藤 裕季也,小郷 裕哉,宗山 塁,太田 光
楽天,4月16日(水),宗山 塁,小深田 大翔,浅村 栄斗,阿部 寿樹,辰己 涼介,鈴木 大地,フランコ,堀内 謙伍,中島 大輔
楽天,4月17日(木),宗山 塁,小深田 大翔,浅村 栄斗,阿部 寿樹,鈴木 大地,伊藤 裕季也,武藤 敦貴,堀内 謙伍,小森 航大郎
楽天,4月18日(金),宗山 塁,小深田 大翔,浅村 栄斗,鈴木 大地,渡邊 佳明,村林 一輝,中島 大輔,太田 光,武藤 敦貴
楽天,4月19日(土),小森 航大郎,小深田 大翔,浅村 栄斗,フランコ,伊藤 裕季也,宗山 塁,村林 一輝,堀内 謙伍,中島 大輔
楽天,4月20日(日),宗山 塁,小深田 大翔,浅村 栄斗,フランコ,渡邊 佳明,伊藤 裕季也,村林 一輝,堀内 謙伍,中島 大輔
楽天,4月22日(火),小深田 大翔,宗山 塁,浅村 栄斗,フランコ,渡邊 佳明,村林 一輝,伊藤 裕季也,堀内 謙伍,中島 大輔
楽天,4月23日(水),小森 航大郎,小深田 大翔,浅村 栄斗,フランコ,渡邊 佳明,村林 一輝,阿部 寿樹,堀内 謙伍,中島 大輔
楽天,4月25日(金),小深田 大翔,村林 一輝,浅村 栄斗,鈴木 大地,阿部 寿樹,渡邊 佳明,宗山 塁,太田 光,武藤 敦貴
楽天,4月26日(土),小森 航大郎,小深田 大翔,浅村 栄斗,フランコ,阿部 寿樹,村林 一輝,宗山 塁,堀内 謙伍,中島 大輔
楽天,4月27日(日),小森 航大郎,村林 一輝,浅村 栄斗,鈴木 大地,フランコ,阿部 寿樹,宗山 塁,堀内 謙伍,武藤 敦貴
楽天,4月29日(火),小深田 大翔,村林 一輝,浅村 栄斗,鈴木 大地,渡邊 佳明,阿部 寿樹,宗山 塁,堀内 謙伍,中島 大輔
楽天,4月30日(水),小郷 裕哉,小森 航大郎,浅村 栄斗,阿部 寿樹,フランコ,村林 一輝,宗山 塁,太田 光,中島 大輔
楽天,5月1日(木),宗山 塁,小深田 大翔,浅村 栄斗,鈴木 大地,渡邊 佳明,村林 一輝,小郷 裕哉,堀内 謙伍,中島 大輔
楽天,5月3日(土),小森 航大郎,小深田 大翔,浅村 栄斗,フランコ,村林 一輝,宗山 塁,小郷 裕哉,堀内 謙伍,中島 大輔
楽天,5月4日(日),宗山 塁,小深田 大翔,浅村 栄斗,フランコ,鈴木 大地,阿部 寿樹,渡邊 佳明,堀内 謙伍,中島 大輔
楽天,5月5日(月),宗山 塁,小深田 大翔,浅村 栄斗,フランコ,鈴木 大地,阿部 寿樹,渡邊 佳明,堀内 謙伍,中島 大輔
楽天,5月7日(水),宗山 塁,小深田 大翔,浅村 栄斗,フランコ,阿部 寿樹,村林 一輝,伊藤 裕季也,堀内 謙伍,中島 大輔
楽天,5月9日(金),宗山 塁,小深田 大翔,辰己 涼介,フランコ,鈴木 大地,村林 一輝,浅村 栄斗,堀内 謙伍,小郷 裕哉
楽天,5月10日(土),村林 一輝,宗山 塁,辰己 涼介,フランコ,伊藤 裕季也,小郷 裕哉,浅村 栄斗,堀内 謙伍,小深田 大翔
楽天,5月11日(日),村林 一輝,中島 大輔,辰己 涼介,阿部 寿樹,フランコ,宗山 塁,浅村 栄斗,堀内 謙伍,小深田 大翔
楽天,5月13日(火),小森 航大郎,宗山 塁,辰己 涼介,フランコ,阿部 寿樹,村林 一輝,浅村 栄斗,小深田 大翔,太田 光
楽天,5月14日(水),小森 航大郎,中島 大輔,辰己 涼介,鈴木 大地,村林 一輝,宗山 塁,浅村 栄斗,小深田 大翔,太田 光
楽天,5月15日(木),小深田 大翔,小森 航大郎,辰己 涼介,鈴木 大地,村林 一輝,宗山 塁,浅村 栄斗,伊藤 裕季也,太田 光
楽天,5月16日(金),村林 一輝,中島 大輔,辰己 涼介,フランコ,鈴木 大地,浅村 栄斗,宗山 塁,堀内 謙伍,小深田 大翔
楽天,5月17日(土),村林 一輝,小森 航大郎,阿部 寿樹,フランコ,辰己 涼介,浅村 栄斗,堀内 謙伍,中島 大輔,小深田 大翔
楽天,5月18日(日),宗山 塁,中島 大輔,辰己 涼介,鈴木 大地,村林 一輝,浅村 栄斗,小郷 裕哉,小深田 大翔,太田 光
楽天,5月20日(火),中島 大輔,小深田 大翔,辰己 涼介,阿部 寿樹,島内 宏明,村林 一輝,渡邊 佳明,太田 光,宗山 塁
楽天,5月22日(木),中島 大輔,辰己 涼介,村林 一輝,島内 宏明,渡邊 佳明,浅村 栄斗,宗山 塁,太田 光,小深田 大翔
楽天,5月23日(金),辰己 涼介,小深田 大翔,村林 一輝,フランコ,渡邊 佳明,浅村 栄斗,宗山 塁,太田 光,中島 大輔
楽天,5月24日(土),小森 航大郎,小深田 大翔,浅村 栄斗,フランコ,阿部 寿樹,村林 一輝,宗山 塁,太田 光,辰己 涼介
楽天,5月25日(日),小森 航大郎,小深田 大翔,浅村 栄斗,鈴木 大地,阿部 寿樹,村林 一輝,宗山 塁,太田 光,中島 大輔
楽天,5月27日(火),小深田 大翔,中島 大輔,村林 一輝,鈴木 大地,阿部 寿樹,宗山 塁,浅村 栄斗,太田 光,辰己 涼介
楽天,5月28日(水),小深田 大翔,中島 大輔,村林 一輝,浅村 栄斗,渡邊 佳明,宗山 塁,フランコ,太田 光,辰己 涼介
楽天,5月29日(木),小森 航大郎,小深田 大翔,浅村 栄斗,フランコ,村林 一輝,宗山 塁,中島 大輔,太田 光,辰己 涼介
楽天,5月30日(金),小森 航大郎,小深田 大翔,浅村 栄斗,フランコ,村林 一輝,伊藤 裕季也,中島 大輔,太田 光,辰己 涼介
楽天,6月1日(日),小森 航大郎,小深田 大翔,浅村 栄斗,フランコ,村林 一輝,宗山 塁,中島 大輔,太田 光,辰己 涼介
楽天,6月3日(火),小森 航大郎,小深田 大翔,浅村 栄斗,フランコ,村林 一輝,伊藤 裕季也,宗山 塁,太田 光,辰己 涼介
楽天,6月4日(水),中島 大輔,小深田 大翔,村林 一輝,浅村 栄斗,渡邊 佳明,宗山 塁,小森 航大郎,太田 光,小郷 裕哉
楽天,6月5日(木),小森 航大郎,小深田 大翔,浅村 栄斗,フランコ,村林 一輝,渡邊 佳明,中島 大輔,宗山 塁,太田 光
楽天,6月6日(金),中島 大輔,小深田 大翔,辰己 涼介,浅村 栄斗,村林 一輝,小郷 裕哉,宗山 塁,太田 光,ハワード
楽天,6月7日(土),中島 大輔,小深田 大翔,辰己 涼介,浅村 栄斗,村林 一輝,小郷 裕哉,宗山 塁,太田 光,大内 誠弥
楽天,6月8日(日),小深田 大翔,小森 航大郎,浅村 栄斗,フランコ,村林 一輝,辰己 涼介,小郷 裕哉,太田 光,藤井 聖
楽天,6月10日(火),小郷 裕哉,小深田 大翔,村林 一輝,浅村 栄斗,渡邊 佳明,ゴンザレス,宗山 塁,辰己 涼介,太田 光
楽天,6月11日(水),小郷 裕哉,小深田 大翔,渡邊 佳明,浅村 栄斗,村林 一輝,ゴンザレス,宗山 塁,辰己 涼介,太田 光
楽天,6月12日(木),村林 一輝,小深田 大翔,浅村 栄斗,伊藤 裕季也,渡邊 佳明,ゴンザレス,宗山 塁,辰己 涼介,石原 彪
楽天,6月13日(金),村林 一輝,小深田 大翔,浅村 栄斗,ゴンザレス,渡邊 佳明,宗山 塁,辰己 涼介,武藤 敦貴,太田 光
楽天,6月14日(土),村林 一輝,小深田 大翔,浅村 栄斗,伊藤 裕季也,ゴンザレス,宗山 塁,辰己 涼介,中島 大輔,太田 光
楽天,6月15日(日),村林 一輝,小深田 大翔,浅村 栄斗,伊藤 裕季也,ゴンザレス,宗山 塁,辰己 涼介,中島 大輔,太田 光
楽天,6月17日(火),村林 一輝,小深田 大翔,浅村 栄斗,ゴンザレス,宗山 塁,中島 大輔,辰己 涼介,太田 光,ヤフーレ
楽天,6月18日(水),村林 一輝,小深田 大翔,浅村 栄斗,ゴンザレス,黒川 史陽,中島 大輔,辰己 涼介,太田 光,瀧中 瞭太
楽天,6月19日(木),村林 一輝,小深田 大翔,浅村 栄斗,ゴンザレス,黒川 史陽,中島 大輔,武藤 敦貴,石原 彪,岸 孝之
楽天,6月20日(金),村林 一輝,小深田 大翔,中島 大輔,ゴンザレス,黒川 史陽,宗山 塁,辰己 涼介,太田 光,早川 隆久
楽天,6月21日(土),村林 一輝,小深田 大翔,浅村 栄斗,黒川 史陽,伊藤 裕季也,中島 大輔,辰己 涼介,太田 光,内 星龍
楽天,6月22日(日),村林 一輝,中島 大輔,浅村 栄斗,ゴンザレス,黒川 史陽,宗山 塁,辰己 涼介,太田 光,藤井 聖
楽天,6月27日(金),村林 一輝,小深田 大翔,浅村 栄斗,ゴンザレス,黒川 史陽,中島 大輔,辰己 涼介,宗山 塁,太田 光
楽天,6月28日(土),村林 一輝,小深田 大翔,浅村 栄斗,ゴンザレス,伊藤 裕季也,中島 大輔,辰己 涼介,宗山 塁,太田 光
楽天,6月29日(日),辰己 涼介,村林 一輝,黒川 史陽,ゴンザレス,渡邊 佳明,中島 大輔,宗山 塁,小郷 裕哉,太田 光
楽天,7月1日(火),辰己 涼介,村林 一輝,黒川 史陽,ゴンザレス,渡邊 佳明,中島 大輔,宗山 塁,小郷 裕哉,太田 光
楽天,7月2日(水),辰己 涼介,村林 一輝,黒川 史陽,ゴンザレス,渡邊 佳明,ボイト,中島 大輔,宗山 塁,石原 彪
楽天,7月4日(金),辰己 涼介,村林 一輝,浅村 栄斗,ゴンザレス,黒川 史陽,ボイト,中島 大輔,宗山 塁,太田 光
楽天,7月5日(土),中島 大輔,ゴンザレス,村林 一輝,ボイト,伊藤 裕季也,黒川 史陽,辰己 涼介,宗山 塁,太田 光
楽天,7月6日(日),中島 大輔,小深田 大翔,浅村 栄斗,ボイト,村林 一輝,ゴンザレス,黒川 史陽,堀内 謙伍,辰己 涼介
楽天,7月8日(火),中島 大輔,小深田 大翔,黒川 史陽,ボイト,村林 一輝,ゴンザレス,宗山 塁,堀内 謙伍,辰己 涼介
楽天,7月9日(水),中島 大輔,ゴンザレス,黒川 史陽,ボイト,村林 一輝,伊藤 裕季也,堀内 謙伍,入江 大樹,辰己 涼介
楽天,7月10日(木),中島 大輔,小深田 大翔,黒川 史陽,ボイト,村林 一輝,渡邊 佳明,宗山 塁,石原 彪,辰己 涼介
楽天,7月11日(金),中島 大輔,村林 一輝,黒川 史陽,ボイト,ゴンザレス,伊藤 裕季也,入江 大樹,堀内 謙伍,辰己 涼介
楽天,7月12日(土),中島 大輔,村林 一輝,黒川 史陽,ボイト,渡邊 佳明,小郷 裕哉,宗山 塁,堀内 謙伍,辰己 涼介
楽天,7月13日(日),中島 大輔,村林 一輝,黒川 史陽,ゴンザレス,ボイト,伊藤 裕季也,入江 大樹,太田 光,辰己 涼介
楽天,7月15日(火),中島 大輔,小深田 大翔,黒川 史陽,ボイト,村林 一輝,フランコ,小郷 裕哉,堀内 謙伍,辰己 涼介
楽天,7月16日(水),田中 和基,小深田 大翔,黒川 史陽,ボイト,村林 一輝,フランコ,伊藤 裕季也,堀内 謙伍,辰己 涼介
楽天,7月19日(土),中島 大輔,村林 一輝,黒川 史陽,フランコ,渡邊 佳明,小郷 裕哉,宗山 塁,堀内 謙伍,辰己 涼介
楽天,7月20日(日),中島 大輔,村林 一輝,黒川 史陽,フランコ,ボイト,伊藤 裕季也,宗山 塁,堀内 謙伍,辰己 涼介
楽天,7月21日(月),中島 大輔,村林 一輝,黒川 史陽,フランコ,伊藤 裕季也,ボイト,宗山 塁,堀内 謙伍,辰己 涼介
楽天,7月26日(土),中島 大輔,小深田 大翔,村林 一輝,フランコ,黒川 史陽,辰己 涼介,宗山 塁,堀内 謙伍,小郷 裕哉
楽天,7月27日(日),中島 大輔,小深田 大翔,村林 一輝,ボイト,黒川 史陽,辰己 涼介,宗山 塁,堀内 謙伍,小郷 裕哉
楽天,7月29日(火),中島 大輔,小深田 大翔,村林 一輝,ボイト,黒川 史陽,辰己 涼介,宗山 塁,堀内 謙伍,小郷 裕哉
楽天,7月30日(水),中島 大輔,宗山 塁,村林 一輝,ボイト,黒川 史陽,辰己 涼介,ゴンザレス,堀内 謙伍,小郷 裕哉
楽天,7月31日(木),中島 大輔,宗山 塁,村林 一輝,ボイト,黒川 史陽,ゴンザレス,フランコ,堀内 謙伍,辰己 涼介
楽天,8月1日(金),中島 大輔,宗山 塁,村林 一輝,ボイト,黒川 史陽,ゴンザレス,フランコ,堀内 謙伍,辰己 涼介
楽天,8月2日(土),中島 大輔,小郷 裕哉,村林 一輝,ゴンザレス,黒川 史陽,辰己 涼介,フランコ,堀内 謙伍,小深田 大翔
楽天,8月3日(日),中島 大輔,黒川 史陽,村林 一輝,ゴンザレス,フランコ,ボイト,辰己 涼介,太田 光,小深田 大翔
楽天,8月5日(火),中島 大輔,村林 一輝,浅村 栄斗,ゴンザレス,黒川 史陽,フランコ,辰己 涼介,堀内 謙伍,小深田 大翔
楽天,8月6日(水),中島 大輔,宗山 塁,村林 一輝,浅村 栄斗,黒川 史陽,渡邊 佳明,フランコ,堀内 謙伍,辰己 涼介
楽天,8月7日(木),中島 大輔,浅村 栄斗,村林 一輝,ゴンザレス,黒川 史陽,フランコ,堀内 謙伍,ボイト,辰己 涼介
楽天,8月9日(土),中島 大輔,村林 一輝,ゴンザレス,黒川 史陽,フランコ,堀内 謙伍,小郷 裕哉,ボイト,辰己 涼介
楽天,8月10日(日),中島 大輔,村林 一輝,ゴンザレス,黒川 史陽,フランコ,辰己 涼介,ボイト,渡邊 佳明,太田 光
楽天,8月11日(月),中島 大輔,宗山 塁,村林 一輝,黒川 史陽,フランコ,辰己 涼介,ボイト,堀内 謙伍,武藤 敦貴
楽天,8月13日(水),中島 大輔,村林 一輝,ゴンザレス,黒川 史陽,フランコ,ボイト,辰己 涼介,浅村 栄斗,堀内 謙伍
楽天,8月14日(木),中島 大輔,村林 一輝,ゴンザレス,黒川 史陽,フランコ,ボイト,辰己 涼介,太田 光,小深田 大翔
楽天,8月15日(金),中島 大輔,小深田 大翔,村林 一輝,黒川 史陽,フランコ,辰己 涼介,ボイト,武藤 敦貴,太田 光
楽天,8月16日(土),中島 大輔,小深田 大翔,村林 一輝,黒川 史陽,フランコ,ボイト,辰己 涼介,ゴンザレス,太田 光
楽天,8月17日(日),中島 大輔,宗山 塁,村林 一輝,黒川 史陽,フランコ,ボイト,辰己 涼介,堀内 謙伍,小郷 裕哉
楽天,8月19日(火),中島 大輔,村林 一輝,ボイト,黒川 史陽,フランコ,宗山 塁,ゴンザレス,辰己 涼介,太田 光
楽天,8月20日(水),中島 大輔,村林 一輝,ボイト,黒川 史陽,フランコ,宗山 塁,ゴンザレス,辰己 涼介,堀内 謙伍
楽天,8月21日(木),中島 大輔,村林 一輝,ボイト,黒川 史陽,フランコ,ゴンザレス,辰己 涼介,太田 光,武藤 敦貴
楽天,8月22日(金),中島 大輔,村林 一輝,渡邊 佳明,黒川 史陽,宗山 塁,フランコ,辰己 涼介,ボイト,堀内 謙伍
楽天,8月23日(土),中島 大輔,村林 一輝,ボイト,黒川 史陽,フランコ,ゴンザレス,辰己 涼介,太田 光,武藤 敦貴
楽天,8月24日(日),中島 大輔,村林 一輝,ボイト,黒川 史陽,フランコ,ゴンザレス,宗山 塁,堀内 謙伍,辰己 涼介
楽天,8月26日(火),中島 大輔,村林 一輝,ボイト,黒川 史陽,フランコ,宗山 塁,ゴンザレス,辰己 涼介,堀内 謙伍
楽天,8月27日(水),中島 大輔,村林 一輝,ボイト,黒川 史陽,フランコ,宗山 塁,ゴンザレス,辰己 涼介,堀内 謙伍
楽天,8月29日(金),辰己 涼介,村林 一輝,フランコ,黒川 史陽,ボイト,鈴木 大地,ゴンザレス,堀内 謙伍,武藤 敦貴
楽天,8月30日(土),中島 大輔,村林 一輝,ボイト,黒川 史陽,フランコ,宗山 塁,ゴンザレス,辰己 涼介,太田 光
楽天,8月31日(日),中島 大輔,村林 一輝,ボイト,黒川 史陽,フランコ,宗山 塁,ゴンザレス,辰己 涼介,太田 光
楽天,9月2日(火),中島 大輔,村林 一輝,ボイト,黒川 史陽,フランコ,鈴木 大地,辰己 涼介,堀内 謙伍,武藤 敦貴
楽天,9月3日(水),中島 大輔,辰己 涼介,鈴木 大地,黒川 史陽,フランコ,渡邊 佳明,宗山 塁,武藤 敦貴,太田 光
楽天,9月5日(金),中島 大輔,村林 一輝,ボイト,黒川 史陽,フランコ,辰己 涼介,ゴンザレス,宗山 塁,太田 光
楽天,9月6日(土),中島 大輔,ボイト,フランコ,ゴンザレス,黒川 史陽,村林 一輝,辰己 涼介,宗山 塁,堀内 謙伍
楽天,9月7日(日),中島 大輔,村林 一輝,ボイト,黒川 史陽,フランコ,辰己 涼介,ゴンザレス,宗山 塁,太田 光
楽天,9月9日(火),中島 大輔,村林 一輝,黒川 史陽,ボイト,鈴木 大地,辰己 涼介,宗山 塁,堀内 謙伍,小深田 大翔
楽天,9月12日(金),中島 大輔,村林 一輝,黒川 史陽,ボイト,鈴木 大地,浅村 栄斗,宗山 塁,武藤 敦貴,太田 光
楽天,9月13日(土),中島 大輔,村林 一輝,黒川 史陽,ボイト,フランコ,浅村 栄斗,鈴木 大地,太田 光,武藤 敦貴
楽天,9月14日(日),中島 大輔,村林 一輝,黒川 史陽,ボイト,フランコ,浅村 栄斗,鈴木 大地,武藤 敦貴,太田 光
楽天,9月15日(月),中島 大輔,村林 一輝,黒川 史陽,ボイト,フランコ,浅村 栄斗,鈴木 大地,武藤 敦貴,太田 光
楽天,9月17日(水),中島 大輔,村林 一輝,黒川 史陽,ボイト,宗山 塁,浅村 栄斗,小郷 裕哉,太田 光,武藤 敦貴
楽天,9月18日(木),中島 大輔,村林 一輝,黒川 史陽,ボイト,宗山 塁,浅村 栄斗,小郷 裕哉,石原 彪,武藤 敦貴
楽天,9月19日(金),中島 大輔,宗山 塁,黒川 史陽,ボイト,フランコ,浅村 栄斗,鈴木 大地,太田 光,武藤 敦貴
楽天,9月20日(土),中島 大輔,村林 一輝,黒川 史陽,ボイト,宗山 塁,浅村 栄斗,ゴンザレス,武藤 敦貴,太田 光
楽天,9月21日(日),中島 大輔,村林 一輝,黒川 史陽,ボイト,浅村 栄斗,フランコ,鈴木 大地,太田 光,武藤 敦貴
楽天,9月23日(火),中島 大輔,村林 一輝,黒川 史陽,ボイト,浅村 栄斗,宗山 塁,鈴木 大地,太田 光,武藤 敦貴
楽天,9月24日(水),中島 大輔,村林 一輝,黒川 史陽,ボイト,浅村 栄斗,フランコ,鈴木 大地,太田 光,武藤 敦貴
楽天,9月25日(木),中島 大輔,浅村 栄斗,黒川 史陽,ボイト,宗山 塁,フランコ,鈴木 大地,石原 彪,武藤 敦貴
楽天,9月26日(金),中島 大輔,小深田 大翔,黒川 史陽,ボイト,浅村 栄斗,鈴木 大地,宗山 塁,太田 光,小郷 裕哉
楽天,9月27日(土),中島 大輔,小深田 大翔,黒川 史陽,ボイト,浅村 栄斗,鈴木 大地,宗山 塁,太田 光,小郷 裕哉
楽天,9月28日(日),中島 大輔,宗山 塁,黒川 史陽,ボイト,浅村 栄斗,フランコ,伊藤 裕季也,石原 彪,小郷 裕哉
楽天,9月29日(月),中島 大輔,村林 一輝,黒川 史陽,ボイト,浅村 栄斗,宗山 塁,吉野 創士,吉納 翼,太田 光
楽天,9月30日(火),浅村 栄斗,村林 一輝,黒川 史陽,ボイト,フランコ,伊藤 裕季也,吉野 創士,中島 大輔,石原 彪
楽天,10月3日(金),中島 大輔,村林 一輝,黒川 史陽,ボイト,浅村 栄斗,宗山 塁,鈴木 大地,武藤 敦貴,太田 光
楽天,10月4日(土),中島 大輔,村林 一輝,黒川 史陽,ボイト,フランコ,宗山 塁,吉野 創士,武藤 敦貴,太田 光
楽天,10月5日(日),中島 大輔,村林 一輝,黒川 史陽,ボイト,浅村 栄斗,宗山 塁,鈴木 大地,武藤 敦貴,太田 光
西武,3月28日(金),長谷川 信哉,西川 愛也,ネビン,セデーニョ,渡部 聖弥,外崎 修汰,源田 壮亮,古賀 悠斗,元山 飛優
西武,3月29日(土),長谷川 信哉,西川 愛也,ネビン,中村 剛也,渡部 聖弥,外崎 修汰,源田 壮亮,古賀 悠斗,仲田 慶介
西武,3月30日(日),長谷川 信哉,西川 愛也,ネビン,セデーニョ,渡部 聖弥,外崎 修汰,源田 壮亮,古賀 悠斗,滝澤 夏央
西武,4月3日(木),長谷川 信哉,西川 愛也,ネビン,セデーニョ,渡部 聖弥,牧野 翔矢,外崎 修汰,元山 飛優,源田 壮亮
西武,4月4日(金),長谷川 信哉,西川 愛也,ネビン,セデーニョ,渡部 聖弥,野村 大樹,外崎 修汰,古賀 悠斗,源田 壮亮
西武,4月5日(土),長谷川 信哉,西川 愛也,ネビン,セデーニョ,渡部 聖弥,野村 大樹,外崎 修汰,古賀 悠斗,源田 壮亮
西武,4月6日(日),長谷川 信哉,西川 愛也,ネビン,セデーニョ,渡部 聖弥,野村 大樹,外崎 修汰,古賀 悠斗,源田 壮亮
西武,4月8日(火),長谷川 信哉,西川 愛也,ネビン,セデーニョ,渡部 聖弥,源田 壮亮,外崎 修汰,古賀 悠斗,山野辺 翔
西武,4月9日(水),長谷川 信哉,西川 愛也,ネビン,中村 剛也,渡部 聖弥,源田 壮亮,外崎 修汰,炭谷 銀仁朗,元山 飛優
西武,4月11日(金),長谷川 信哉,西川 愛也,ネビン,中村 剛也,渡部 聖弥,源田 壮亮,外崎 修汰,古賀 悠斗,元山 飛優
西武,4月12日(土),長谷川 信哉,西川 愛也,渡部 聖弥,ネビン,外崎 修汰,セデーニョ,野村 大樹,古賀 悠斗,源田 壮亮
西武,4月13日(日),西川 愛也,源田 壮亮,岸 潤一郎,セデーニョ,外崎 修汰,ネビン,平沼 翔太,野村 大樹,古賀 悠斗
西武,4月15日(火),西川 愛也,源田 壮亮,平沼 翔太,セデーニョ,外崎 修汰,ネビン,野村 大樹,古賀 悠斗,松原 聖弥
西武,4月16日(水),西川 愛也,源田 壮亮,ネビン,中村 剛也,外崎 修汰,長谷川 信哉,松原 聖弥,炭谷 銀仁朗,仲田 慶介
西武,4月17日(木),西川 愛也,源田 壮亮,ネビン,中村 剛也,外崎 修汰,牧野 翔矢,松原 聖弥,滝澤 夏央,長谷川 信哉
西武,4月18日(金),西川 愛也,源田 壮亮,平沼 翔太,ネビン,外崎 修汰,松原 聖弥,セデーニョ,古賀 悠斗,滝澤 夏央
西武,4月19日(土),西川 愛也,児玉 亮涼,ネビン,セデーニョ,外崎 修汰,平沼 翔太,古賀 悠斗,長谷川 信哉,滝澤 夏央
西武,4月20日(日),西川 愛也,児玉 亮涼,ネビン,中村 剛也,外崎 修汰,古賀 悠斗,松原 聖弥,長谷川 信哉,滝澤 夏央
西武,4月22日(火),西川 愛也,平沼 翔太,ネビン,セデーニョ,外崎 修汰,野村 大樹,古賀 悠斗,長谷川 信哉,滝澤 夏央
西武,4月23日(水),西川 愛也,長谷川 信哉,ネビン,栗山 巧,外崎 修汰,松原 聖弥,元山 飛優,炭谷 銀仁朗,滝澤 夏央
西武,4月25日(金),西川 愛也,長谷川 信哉,渡部 聖弥,ネビン,外崎 修汰,中村 剛也,古賀 悠斗,児玉 亮涼,滝澤 夏央
西武,4月26日(土),西川 愛也,長谷川 信哉,渡部 聖弥,ネビン,外崎 修汰,中村 剛也,野村 大樹,古賀 悠斗,滝澤 夏央
西武,4月27日(日),西川 愛也,長谷川 信哉,渡部 聖弥,ネビン,栗山 巧,外崎 修汰,元山 飛優,古賀 悠斗,滝澤 夏央
西武,4月29日(火),西川 愛也,長谷川 信哉,渡部 聖弥,ネビン,中村 剛也,外崎 修汰,古賀 悠斗,滝澤 夏央,児玉 亮涼
西武,4月30日(水),西川 愛也,長谷川 信哉,渡部 聖弥,ネビン,栗山 巧,外崎 修汰,炭谷 銀仁朗,滝澤 夏央,児玉 亮涼
西武,5月1日(木),西川 愛也,長谷川 信哉,渡部 聖弥,ネビン,平沼 翔太,外崎 修汰,牧野 翔矢,滝澤 夏央,児玉 亮涼
西武,5月3日(土),西川 愛也,長谷川 信哉,渡部 聖弥,ネビン,平沼 翔太,外崎 修汰,古賀 悠斗,元山 飛優,滝澤 夏央
西武,5月4日(日),西川 愛也,長谷川 信哉,渡部 聖弥,ネビン,中村 剛也,外崎 修汰,元山 飛優,古賀 悠斗,滝澤 夏央
西武,5月5日(月),西川 愛也,滝澤 夏央,渡部 聖弥,ネビン,栗山 巧,長谷川 信哉,野村 大樹,古賀 悠斗,児玉 亮涼
西武,5月6日(火),西川 愛也,滝澤 夏央,渡部 聖弥,ネビン,中村 剛也,外崎 修汰,長谷川 信哉,炭谷 銀仁朗,野村 大樹
西武,5月7日(水),西川 愛也,滝澤 夏央,渡部 聖弥,ネビン,平沼 翔太,外崎 修汰,元山 飛優,古賀 悠斗,モンテル
西武,5月9日(金),西川 愛也,滝澤 夏央,渡部 聖弥,ネビン,平沼 翔太,牧野 翔矢,源田 壮亮,元山 飛優,モンテル
西武,5月10日(土),西川 愛也,滝澤 夏央,渡部 聖弥,ネビン,中村 剛也,外崎 修汰,源田 壮亮,長谷川 信哉,古賀 悠斗
西武,5月11日(日),西川 愛也,滝澤 夏央,渡部 聖弥,ネビン,中村 剛也,外崎 修汰,源田 壮亮,長谷川 信哉,古賀 悠斗
西武,5月13日(火),西川 愛也,滝澤 夏央,渡部 聖弥,ネビン,中村 剛也,外崎 修汰,源田 壮亮,炭谷 銀仁朗,モンテル
西武,5月14日(水),西川 愛也,滝澤 夏央,渡部 聖弥,ネビン,平沼 翔太,源田 壮亮,長谷川 信哉,古賀 悠斗,外崎 修汰
西武,5月15日(木),西川 愛也,滝澤 夏央,渡部 聖弥,ネビン,中村 剛也,源田 壮亮,外崎 修汰,長谷川 信哉,古賀 悠斗
西武,5月16日(金),西川 愛也,滝澤 夏央,渡部 聖弥,ネビン,中村 剛也,外崎 修汰,源田 壮亮,古賀 悠斗,長谷川 信哉
西武,5月17日(土),西川 愛也,滝澤 夏央,渡部 聖弥,ネビン,平沼 翔太,外崎 修汰,蛭間 拓哉,古賀 悠斗,源田 壮亮
西武,5月18日(日),西川 愛也,滝澤 夏央,渡部 聖弥,ネビン,中村 剛也,外崎 修汰,蛭間 拓哉,古賀 悠斗,源田 壮亮
西武,5月20日(火),西川 愛也,滝澤 夏央,渡部 聖弥,ネビン,セデーニョ,源田 壮亮,長谷川 信哉,炭谷 銀仁朗,元山 飛優
西武,5月22日(木),西川 愛也,源田 壮亮,渡部 聖弥,ネビン,セデーニョ,外崎 修汰,長谷川 信哉,古賀 悠斗,児玉 亮涼
西武,5月23日(金),西川 愛也,源田 壮亮,渡部 聖弥,ネビン,中村 剛也,蛭間 拓哉,牧野 翔矢,外崎 修汰,児玉 亮涼
西武,5月24日(土),西川 愛也,源田 壮亮,外崎 修汰,ネビン,セデーニョ,長谷川 信哉,蛭間 拓哉,古賀 悠斗,児玉 亮涼
西武,5月25日(日),西川 愛也,源田 壮亮,平沼 翔太,ネビン,長谷川 信哉,平沢 大河,外崎 修汰,元山 飛優,古賀 悠斗
西武,5月27日(火),西川 愛也,源田 壮亮,外崎 修汰,ネビン,セデーニョ,長谷川 信哉,蛭間 拓哉,元山 飛優,炭谷 銀仁朗
西武,5月28日(水),西川 愛也,平沼 翔太,牧野 翔矢,ネビン,長谷川 信哉,源田 壮亮,外崎 修汰,古賀 悠斗,元山 飛優
西武,5月29日(木),西川 愛也,源田 壮亮,中村 剛也,ネビン,長谷川 信哉,平沢 大河,外崎 修汰,古賀 悠斗,児玉 亮涼
西武,5月31日(土),西川 愛也,源田 壮亮,長谷川 信哉,ネビン,セデーニョ,古賀 悠斗,蛭間 拓哉,児玉 亮涼,仲田 慶介
西武,6月1日(日),西川 愛也,源田 壮亮,中村 剛也,ネビン,長谷川 信哉,平沼 翔太,外崎 修汰,牧野 翔矢,元山 飛優
西武,6月3日(火),西川 愛也,源田 壮亮,セデーニョ,ネビン,長谷川 信哉,山村 崇嘉,蛭間 拓哉,古賀 悠斗,滝澤 夏央
西武,6月4日(水),西川 愛也,源田 壮亮,中村 剛也,ネビン,外崎 修汰,平沼 翔太,長谷川 信哉,古賀 悠斗,元山 飛優
西武,6月5日(木),西川 愛也,源田 壮亮,セデーニョ,ネビン,牧野 翔矢,山村 崇嘉,長谷川 信哉,蛭間 拓哉,元山 飛優
西武,6月6日(金),西川 愛也,滝澤 夏央,外崎 修汰,ネビン,長谷川 信哉,源田 壮亮,平沼 翔太,炭谷 銀仁朗,髙橋 光成
西武,6月7日(土),西川 愛也,源田 壮亮,長谷川 信哉,ネビン,外崎 修汰,古賀 悠斗,蛭間 拓哉,児玉 亮涼,今井 達也
西武,6月8日(日),西川 愛也,滝澤 夏央,源田 壮亮,ネビン,長谷川 信哉,山村 崇嘉,古賀 悠斗,蛭間 拓哉,武内 夏暉
西武,6月10日(火),西川 愛也,滝澤 夏央,牧野 翔矢,ネビン,平沼 翔太,源田 壮亮,山村 崇嘉,長谷川 信哉,古賀 悠斗
西武,6月11日(水),西川 愛也,滝澤 夏央,セデーニョ,ネビン,外崎 修汰,源田 壮亮,長谷川 信哉,蛭間 拓哉,古賀 悠斗
西武,6月12日(木),西川 愛也,滝澤 夏央,牧野 翔矢,ネビン,中村 剛也,山村 崇嘉,源田 壮亮,長谷川 信哉,平沼 翔太
西武,6月13日(金),西川 愛也,滝澤 夏央,外崎 修汰,ネビン,セデーニョ,源田 壮亮,長谷川 信哉,炭谷 銀仁朗,髙松 渡
西武,6月14日(土),西川 愛也,滝澤 夏央,牧野 翔矢,ネビン,山村 崇嘉,源田 壮亮,長谷川 信哉,平沼 翔太,髙松 渡
西武,6月15日(日),西川 愛也,滝澤 夏央,長谷川 信哉,ネビン,セデーニョ,外崎 修汰,炭谷 銀仁朗,髙松 渡,元山 飛優
西武,6月17日(火),西川 愛也,滝澤 夏央,長谷川 信哉,ネビン,外崎 修汰,平沼 翔太,古賀 悠斗,元山 飛優,今井 達也
西武,6月18日(水),西川 愛也,滝澤 夏央,長谷川 信哉,ネビン,山村 崇嘉,源田 壮亮,古賀 悠斗,仲田 慶介,隅田 知一郎
西武,6月19日(木),西川 愛也,滝澤 夏央,長谷川 信哉,ネビン,外崎 修汰,古賀 悠斗,仲田 慶介,髙松 渡,渡邉 勇太朗
西武,6月20日(金),西川 愛也,滝澤 夏央,長谷川 信哉,ネビン,外崎 修汰,源田 壮亮,仲田 慶介,炭谷 銀仁朗,髙橋 光成
西武,6月21日(土),西川 愛也,滝澤 夏央,長谷川 信哉,ネビン,山村 崇嘉,源田 壮亮,牧野 翔矢,仲田 慶介,與座 海人
西武,6月22日(日),西川 愛也,滝澤 夏央,長谷川 信哉,ネビン,山村 崇嘉,源田 壮亮,炭谷 銀仁朗,仲田 慶介,武内 夏暉
西武,6月27日(金),西川 愛也,滝澤 夏央,渡部 聖弥,ネビン,長谷川 信哉,源田 壮亮,山村 崇嘉,仲田 慶介,古賀 悠斗
西武,6月28日(土),西川 愛也,滝澤 夏央,渡部 聖弥,ネビン,長谷川 信哉,岸 潤一郎,源田 壮亮,山村 崇嘉,古賀 悠斗
西武,6月29日(日),西川 愛也,滝澤 夏央,渡部 聖弥,ネビン,長谷川 信哉,外崎 修汰,岸 潤一郎,元山 飛優,古賀 悠斗
西武,7月1日(火),西川 愛也,滝澤 夏央,渡部 聖弥,ネビン,長谷川 信哉,山村 崇嘉,外崎 修汰,牧野 翔矢,源田 壮亮
西武,7月2日(水),西川 愛也,岸 潤一郎,渡部 聖弥,ネビン,長谷川 信哉,外崎 修汰,炭谷 銀仁朗,源田 壮亮,児玉 亮涼
西武,7月4日(金),滝澤 夏央,源田 壮亮,渡部 聖弥,ネビン,山村 崇嘉,長谷川 信哉,岸 潤一郎,炭谷 銀仁朗,西川 愛也
西武,7月5日(土),滝澤 夏央,源田 壮亮,渡部 聖弥,ネビン,山村 崇嘉,西川 愛也,岸 潤一郎,長谷川 信哉,牧野 翔矢
西武,7月6日(日),滝澤 夏央,源田 壮亮,渡部 聖弥,ネビン,山村 崇嘉,外崎 修汰,西川 愛也,炭谷 銀仁朗,長谷川 信哉
西武,7月8日(火),長谷川 信哉,滝澤 夏央,渡部 聖弥,ネビン,山村 崇嘉,西川 愛也,セデーニョ,古賀 悠斗,源田 壮亮
西武,7月9日(水),長谷川 信哉,滝澤 夏央,渡部 聖弥,ネビン,山村 崇嘉,西川 愛也,セデーニョ,炭谷 銀仁朗,源田 壮亮
西武,7月10日(木),西川 愛也,滝澤 夏央,長谷川 信哉,ネビン,外崎 修汰,渡部 聖弥,セデーニョ,古賀 悠斗,仲田 慶介
西武,7月11日(金),西川 愛也,滝澤 夏央,長谷川 信哉,ネビン,外崎 修汰,渡部 聖弥,セデーニョ,炭谷 銀仁朗,仲田 慶介
西武,7月12日(土),西川 愛也,仲田 慶介,仲三河 優太,ネビン,山村 崇嘉,渡部 聖弥,長谷川 信哉,古賀 悠斗,源田 壮亮
西武,7月13日(日),西川 愛也,滝澤 夏央,長谷川 信哉,ネビン,山村 崇嘉,渡部 聖弥,セデーニョ,炭谷 銀仁朗,源田 壮亮
西武,7月14日(月),西川 愛也,仲田 慶介,仲三河 優太,ネビン,山村 崇嘉,外崎 修汰,渡部 聖弥,長谷川 信哉,古賀 悠斗
西武,7月16日(水),西川 愛也,平沢 大河,渡部 聖弥,ネビン,山村 崇嘉,村田 怜音,長谷川 信哉,古賀 悠斗,滝澤 夏央
西武,7月17日(木),西川 愛也,外崎 修汰,渡部 聖弥,ネビン,村田 怜音,山村 崇嘉,長谷川 信哉,古賀 悠斗,滝澤 夏央
西武,7月19日(土),西川 愛也,滝澤 夏央,渡部 聖弥,ネビン,デービス,山村 崇嘉,長谷川 信哉,源田 壮亮,古賀 悠斗
西武,7月20日(日),西川 愛也,山村 崇嘉,渡部 聖弥,ネビン,デービス,村田 怜音,炭谷 銀仁朗,長谷川 信哉,源田 壮亮
西武,7月21日(月),西川 愛也,渡部 聖弥,デービス,ネビン,山村 崇嘉,外崎 修汰,滝澤 夏央,仲田 慶介,古賀 悠斗
西武,7月26日(土),西川 愛也,滝澤 夏央,渡部 聖弥,ネビン,村田 怜音,デービス,長谷川 信哉,柘植 世那,佐藤 太陽
西武,7月27日(日),西川 愛也,長谷川 信哉,渡部 聖弥,ネビン,村田 怜音,デービス,源田 壮亮,古賀 悠斗,佐藤 太陽
西武,7月29日(火),西川 愛也,長谷川 信哉,渡部 聖弥,ネビン,外崎 修汰,デービス,佐藤 太陽,古賀 悠斗,滝澤 夏央
西武,7月30日(水),西川 愛也,長谷川 信哉,渡部 聖弥,ネビン,外崎 修汰,デービス,炭谷 銀仁朗,源田 壮亮,滝澤 夏央
西武,7月31日(木),西川 愛也,長谷川 信哉,渡部 聖弥,ネビン,村田 怜音,デービス,佐藤 太陽,古賀 悠斗,滝澤 夏央
西武,8月1日(金),西川 愛也,長谷川 信哉,渡部 聖弥,ネビン,村田 怜音,デービス,源田 壮亮,柘植 世那,滝澤 夏央
西武,8月2日(土),西川 愛也,長谷川 信哉,渡部 聖弥,ネビン,外崎 修汰,デービス,源田 壮亮,古賀 悠斗,滝澤 夏央
西武,8月3日(日),西川 愛也,長谷川 信哉,渡部 聖弥,ネビン,村田 怜音,デービス,仲田 慶介,古賀 悠斗,滝澤 夏央
西武,8月5日(火),西川 愛也,長谷川 信哉,渡部 聖弥,ネビン,村田 怜音,デービス,佐藤 太陽,炭谷 銀仁朗,滝澤 夏央
西武,8月6日(水),西川 愛也,仲田 慶介,長谷川 信哉,ネビン,村田 怜音,デービス,渡部 聖弥,柘植 世那,源田 壮亮
西武,8月7日(木),渡部 聖弥,長谷川 信哉,岸 潤一郎,ネビン,村田 怜音,デービス,佐藤 太陽,古賀 悠斗,源田 壮亮
西武,8月9日(土),仲田 慶介,滝澤 夏央,岸 潤一郎,ネビン,村田 怜音,デービス,渡部 聖弥,古賀 悠斗,源田 壮亮
西武,8月10日(日),仲田 慶介,滝澤 夏央,渡部 聖弥,ネビン,村田 怜音,デービス,長谷川 信哉,炭谷 銀仁朗,源田 壮亮
西武,8月11日(月),長谷川 信哉,滝澤 夏央,渡部 聖弥,ネビン,村田 怜音,デービス,外崎 修汰,柘植 世那,源田 壮亮
西武,8月13日(水),外崎 修汰,滝澤 夏央,渡部 聖弥,ネビン,村田 怜音,デービス,山村 崇嘉,長谷川 信哉,柘植 世那
西武,8月14日(木),渡部 聖弥,滝澤 夏央,外崎 修汰,ネビン,村田 怜音,デービス,長谷川 信哉,古賀 悠斗,佐藤 太陽
西武,8月15日(金),渡部 聖弥,滝澤 夏央,外崎 修汰,ネビン,村田 怜音,デービス,古賀 悠斗,源田 壮亮,モンテル
西武,8月16日(土),渡部 聖弥,滝澤 夏央,山村 崇嘉,ネビン,外崎 修汰,デービス,古賀 悠斗,源田 壮亮,長谷川 信哉
西武,8月17日(日),平沼 翔太,滝澤 夏央,外崎 修汰,ネビン,村田 怜音,デービス,源田 壮亮,古賀 悠斗,長谷川 信哉
西武,8月19日(火),渡部 聖弥,滝澤 夏央,外崎 修汰,ネビン,村田 怜音,デービス,源田 壮亮,古賀 悠斗,長谷川 信哉
西武,8月20日(水),源田 壮亮,髙松 渡,渡部 聖弥,ネビン,山村 崇嘉,デービス,外崎 修汰,炭谷 銀仁朗,滝澤 夏央
西武,8月22日(金),渡部 聖弥,源田 壮亮,外崎 修汰,ネビン,山村 崇嘉,デービス,古賀 悠斗,元山 飛優,モンテル
西武,8月23日(土),渡部 聖弥,源田 壮亮,外崎 修汰,ネビン,村田 怜音,デービス,古賀 悠斗,滝澤 夏央,長谷川 信哉
西武,8月24日(日),渡部 聖弥,源田 壮亮,外崎 修汰,ネビン,村田 怜音,デービス,古賀 悠斗,滝澤 夏央,長谷川 信哉
西武,8月26日(火),渡部 聖弥,源田 壮亮,山村 崇嘉,ネビン,外崎 修汰,デービス,古賀 悠斗,セデーニョ,長谷川 信哉
西武,8月27日(水),平沼 翔太,デービス,外崎 修汰,ネビン,セデーニョ,長谷川 信哉,古賀 悠斗,滝澤 夏央,渡部 聖弥
西武,8月29日(金),滝澤 夏央,デービス,山村 崇嘉,ネビン,外崎 修汰,セデーニョ,渡部 聖弥,長谷川 信哉,古賀 悠斗
西武,8月30日(土),平沼 翔太,山村 崇嘉,外崎 修汰,ネビン,セデーニョ,渡部 聖弥,長谷川 信哉,炭谷 銀仁朗,滝澤 夏央
西武,8月31日(日),平沼 翔太,山村 崇嘉,外崎 修汰,ネビン,渡部 聖弥,古賀 悠斗,セデーニョ,長谷川 信哉,滝澤 夏央
西武,9月2日(火),西川 愛也,平沼 翔太,外崎 修汰,ネビン,渡部 聖弥,山村 崇嘉,古賀 悠斗,セデーニョ,源田 壮亮
西武,9月3日(水),西川 愛也,平沼 翔太,外崎 修汰,ネビン,渡部 聖弥,山村 崇嘉,古賀 悠斗,セデーニョ,源田 壮亮
西武,9月5日(金),西川 愛也,平沼 翔太,外崎 修汰,ネビン,渡部 聖弥,山村 崇嘉,古賀 悠斗,セデーニョ,滝澤 夏央
西武,9月6日(土),西川 愛也,平沼 翔太,外崎 修汰,ネビン,渡部 聖弥,山村 崇嘉,古賀 悠斗,セデーニョ,滝澤 夏央
西武,9月7日(日),西川 愛也,平沼 翔太,外崎 修汰,ネビン,渡部 聖弥,山村 崇嘉,古市 尊,セデーニョ,滝澤 夏央
西武,9月9日(火),西川 愛也,平沼 翔太,外崎 修汰,ネビン,渡部 聖弥,山村 崇嘉,古賀 悠斗,セデーニョ,滝澤 夏央
西武,9月12日(金),西川 愛也,滝澤 夏央,外崎 修汰,ネビン,渡部 聖弥,山村 崇嘉,セデーニョ,炭谷 銀仁朗,源田 壮亮
西武,9月13日(土),西川 愛也,滝澤 夏央,外崎 修汰,ネビン,渡部 聖弥,平沼 翔太,セデーニョ,古賀 悠斗,源田 壮亮
西武,9月14日(日),西川 愛也,滝澤 夏央,外崎 修汰,ネビン,渡部 聖弥,山村 崇嘉,セデーニョ,古賀 悠斗,仲田 慶介
西武,9月15日(月),西川 愛也,滝澤 夏央,外崎 修汰,ネビン,渡部 聖弥,山村 崇嘉,セデーニョ,古賀 悠斗,源田 壮亮
西武,9月17日(水),西川 愛也,滝澤 夏央,外崎 修汰,ネビン,渡部 聖弥,山村 崇嘉,セデーニョ,源田 壮亮,炭谷 銀仁朗
西武,9月18日(木),西川 愛也,平沼 翔太,外崎 修汰,ネビン,渡部 聖弥,山村 崇嘉,元山 飛優,古賀 悠斗,滝澤 夏央
西武,9月19日(金),西川 愛也,滝澤 夏央,外崎 修汰,ネビン,渡部 聖弥,平沼 翔太,セデーニョ,源田 壮亮,古賀 悠斗
西武,9月20日(土),西川 愛也,滝澤 夏央,外崎 修汰,セデーニョ,渡部 聖弥,山村 崇嘉,平沼 翔太,元山 飛優,古賀 悠斗
西武,9月21日(日),西川 愛也,滝澤 夏央,外崎 修汰,セデーニョ,渡部 聖弥,山村 崇嘉,長谷川 信哉,源田 壮亮,古賀 悠斗
西武,9月23日(火),西川 愛也,滝澤 夏央,渡部 聖弥,ネビン,山村 崇嘉,セデーニョ,長谷川 信哉,源田 壮亮,古賀 悠斗
西武,9月24日(水),西川 愛也,滝澤 夏央,渡部 聖弥,ネビン,山村 崇嘉,セデーニョ,元山 飛優,古市 尊,仲田 慶介
西武,9月25日(木),西川 愛也,滝澤 夏央,渡部 聖弥,ネビン,山村 崇嘉,平沼 翔太,セデーニョ,元山 飛優,古賀 悠斗
西武,9月26日(金),西川 愛也,滝澤 夏央,渡部 聖弥,ネビン,山村 崇嘉,セデーニョ,古賀 悠斗,源田 壮亮,長谷川 信哉
西武,9月27日(土),西川 愛也,滝澤 夏央,渡部 聖弥,ネビン,山村 崇嘉,セデーニョ,デービス,古賀 悠斗,古川 雄大
西武,9月28日(日),齋藤 大翔,滝澤 夏央,西川 愛也,ネビン,渡部 聖弥,セデーニョ,デービス,古賀 悠斗,古川 雄大
西武,9月29日(月),西川 愛也,滝澤 夏央,渡部 聖弥,ネビン,山村 崇嘉,平沼 翔太,セデーニョ,古賀 悠斗,長谷川 信哉
西武,10月1日(水),西川 愛也,滝澤 夏央,渡部 聖弥,セデーニョ,山村 崇嘉,デービス,佐藤 太陽,古賀 悠斗,古川 雄大
西武,10月2日(木),西川 愛也,滝澤 夏央,渡部 聖弥,セデーニョ,山村 崇嘉,デービス,仲田 慶介,古賀 悠斗,齋藤 大翔
西武,10月3日(金),西川 愛也,滝澤 夏央,渡部 聖弥,セデーニョ,山村 崇嘉,デービス,佐藤 太陽,古市 尊,古川 雄大
西武,10月4日(土),西川 愛也,滝澤 夏央,渡部 聖弥,セデーニョ,山村 崇嘉,仲田 慶介,齋藤 大翔,柘植 世那,古川 雄大
ロッテ,3月28日(金),西川 史礁,藤岡 裕大,藤原 恭大,ポランコ,佐藤 都志也,ソト,髙部 瑛斗,上田 希由翔,小川 龍成
ロッテ,3月29日(土),岡 大海,西川 史礁,藤岡 裕大,ソト,佐藤 都志也,ポランコ,中村 奨吾,田村 龍弘,友杉 篤輝
ロッテ,3月30日(日),髙部 瑛斗,西川 史礁,藤岡 裕大,ソト,佐藤 都志也,ポランコ,藤原 恭大,上田 希由翔,小川 龍成
ロッテ,4月2日(水),岡 大海,西川 史礁,髙部 瑛斗,ソト,ポランコ,中村 奨吾,石垣 雅海,田村 龍弘,友杉 篤輝
ロッテ,4月3日(木),髙部 瑛斗,西川 史礁,藤岡 裕大,ソト,ポランコ,佐藤 都志也,藤原 恭大,上田 希由翔,小川 龍成
ロッテ,4月4日(金),岡 大海,西川 史礁,髙部 瑛斗,ソト,ポランコ,中村 奨吾,石垣 雅海,寺地 隆成,友杉 篤輝
ロッテ,4月5日(土),岡 大海,角中 勝也,髙部 瑛斗,ソト,ポランコ,佐藤 都志也,藤岡 裕大,上田 希由翔,小川 龍成
ロッテ,4月6日(日),岡 大海,藤岡 裕大,髙部 瑛斗,ソト,ポランコ,西川 史礁,中村 奨吾,佐藤 都志也,小川 龍成
ロッテ,4月8日(火),藤岡 裕大,角中 勝也,藤原 恭大,ソト,ポランコ,髙部 瑛斗,上田 希由翔,佐藤 都志也,小川 龍成
ロッテ,4月9日(水),岡 大海,藤岡 裕大,ソト,ポランコ,髙部 瑛斗,中村 奨吾,西川 史礁,田村 龍弘,友杉 篤輝
ロッテ,4月11日(金),藤原 恭大,藤岡 裕大,髙部 瑛斗,ポランコ,佐藤 都志也,ソト,上田 希由翔,西川 史礁,小川 龍成
ロッテ,4月12日(土),岡 大海,藤岡 裕大,藤原 恭大,ソト,ポランコ,山本 大斗,上田 希由翔,佐藤 都志也,小川 龍成
ロッテ,4月15日(火),藤原 恭大,藤岡 裕大,ポランコ,ソト,髙部 瑛斗,山本 大斗,上田 希由翔,佐藤 都志也,小川 龍成
ロッテ,4月16日(水),藤原 恭大,藤岡 裕大,ポランコ,ソト,髙部 瑛斗,山本 大斗,中村 奨吾,友杉 篤輝,寺地 隆成
ロッテ,4月18日(金),岡 大海,藤岡 裕大,ポランコ,ソト,髙部 瑛斗,山本 大斗,中村 奨吾,茶谷 健太,寺地 隆成
ロッテ,4月19日(土),岡 大海,藤岡 裕大,ポランコ,ソト,角中 勝也,髙部 瑛斗,上田 希由翔,佐藤 都志也,小川 龍成
ロッテ,4月20日(日),岡 大海,藤岡 裕大,中村 奨吾,ソト,ポランコ,山本 大斗,髙部 瑛斗,田村 龍弘,茶谷 健太
ロッテ,4月22日(火),藤原 恭大,藤岡 裕大,髙部 瑛斗,ソト,角中 勝也,ポランコ,上田 希由翔,佐藤 都志也,小川 龍成
ロッテ,4月23日(水),岡 大海,藤岡 裕大,藤原 恭大,ソト,中村 奨吾,ポランコ,寺地 隆成,山本 大斗,小川 龍成
ロッテ,4月25日(金),藤原 恭大,藤岡 裕大,中村 奨吾,ソト,角中 勝也,ポランコ,髙部 瑛斗,寺地 隆成,小川 龍成
ロッテ,4月26日(土),岡 大海,藤岡 裕大,中村 奨吾,ポランコ,寺地 隆成,池田 来翔,山本 大斗,友杉 篤輝,髙部 瑛斗
ロッテ,4月27日(日),岡 大海,藤岡 裕大,藤原 恭大,ソト,角中 勝也,ポランコ,中村 奨吾,寺地 隆成,小川 龍成
ロッテ,4月29日(火),岡 大海,藤岡 裕大,中村 奨吾,ソト,西川 史礁,池田 来翔,山本 大斗,田村 龍弘,茶谷 健太
ロッテ,4月30日(水),岡 大海,藤岡 裕大,藤原 恭大,ソト,西川 史礁,ポランコ,寺地 隆成,中村 奨吾,茶谷 健太
ロッテ,5月2日(金),藤原 恭大,藤岡 裕大,髙部 瑛斗,ポランコ,西川 史礁,寺地 隆成,中村 奨吾,池田 来翔,小川 龍成
ロッテ,5月3日(土),岡 大海,藤岡 裕大,西川 史礁,ソト,ポランコ,髙部 瑛斗,池田 来翔,佐藤 都志也,友杉 篤輝
ロッテ,5月4日(日),藤原 恭大,藤岡 裕大,ソト,ポランコ,佐藤 都志也,西川 史礁,髙部 瑛斗,池田 来翔,友杉 篤輝
ロッテ,5月5日(月),藤原 恭大,藤岡 裕大,ソト,角中 勝也,髙部 瑛斗,池田 来翔,ポランコ,寺地 隆成,小川 龍成
ロッテ,5月7日(水),髙部 瑛斗,藤岡 裕大,ソト,石川 慎吾,岡 大海,西川 史礁,池田 来翔,寺地 隆成,友杉 篤輝
ロッテ,5月9日(金),髙部 瑛斗,藤岡 裕大,藤原 恭大,角中 勝也,岡 大海,寺地 隆成,立松 由宇,池田 来翔,小川 龍成
ロッテ,5月10日(土),藤原 恭大,藤岡 裕大,佐藤 都志也,ソト,角中 勝也,池田 来翔,山本 大斗,田村 龍弘,小川 龍成
ロッテ,5月11日(日),山本 大斗,藤岡 裕大,藤原 恭大,ソト,石川 慎吾,池田 来翔,西川 史礁,佐藤 都志也,友杉 篤輝
ロッテ,5月13日(火),髙部 瑛斗,藤岡 裕大,藤原 恭大,ソト,角中 勝也,寺地 隆成,山本 大斗,宮崎 竜成,友杉 篤輝
ロッテ,5月14日(水),岡 大海,藤岡 裕大,藤原 恭大,ソト,寺地 隆成,山本 大斗,髙部 瑛斗,宮崎 竜成,友杉 篤輝
ロッテ,5月15日(木),山本 大斗,藤岡 裕大,藤原 恭大,ソト,石川 慎吾,寺地 隆成,山口 航輝,池田 来翔,友杉 篤輝
ロッテ,5月16日(金),山本 大斗,藤岡 裕大,藤原 恭大,ソト,ポランコ,安田 尚憲,西川 史礁,寺地 隆成,友杉 篤輝
ロッテ,5月18日(日),山本 大斗,藤岡 裕大,藤原 恭大,ソト,安田 尚憲,ポランコ,髙部 瑛斗,寺地 隆成,友杉 篤輝
ロッテ,5月20日(火),藤原 恭大,藤岡 裕大,安田 尚憲,ソト,ポランコ,山本 大斗,西川 史礁,佐藤 都志也,友杉 篤輝
ロッテ,5月21日(水),岡 大海,藤岡 裕大,藤原 恭大,ソト,山本 大斗,石川 慎吾,池田 来翔,寺地 隆成,茶谷 健太
ロッテ,5月22日(木),藤原 恭大,藤岡 裕大,安田 尚憲,石川 慎吾,山本 大斗,池田 来翔,山口 航輝,寺地 隆成,茶谷 健太
ロッテ,5月23日(金),藤原 恭大,藤岡 裕大,池田 来翔,安田 尚憲,寺地 隆成,ポランコ,髙部 瑛斗,山本 大斗,友杉 篤輝
ロッテ,5月24日(土),藤原 恭大,藤岡 裕大,池田 来翔,安田 尚憲,ソト,山本 大斗,髙部 瑛斗,佐藤 都志也,友杉 篤輝
ロッテ,5月25日(日),藤原 恭大,藤岡 裕大,池田 来翔,安田 尚憲,山本 大斗,寺地 隆成,ポランコ,髙部 瑛斗,友杉 篤輝
ロッテ,5月27日(火),藤原 恭大,藤岡 裕大,池田 来翔,安田 尚憲,山本 大斗,寺地 隆成,ポランコ,髙部 瑛斗,友杉 篤輝
ロッテ,5月28日(水),藤原 恭大,藤岡 裕大,ポランコ,安田 尚憲,寺地 隆成,ソト,髙部 瑛斗,山本 大斗,友杉 篤輝
ロッテ,5月30日(金),藤原 恭大,藤岡 裕大,安田 尚憲,ソト,寺地 隆成,ポランコ,愛斗,山本 大斗,友杉 篤輝
ロッテ,5月31日(土),岡 大海,寺地 隆成,山本 大斗,安田 尚憲,石川 慎吾,池田 来翔,山口 航輝,茶谷 健太,小川 龍成
ロッテ,6月1日(日),岡 大海,藤原 恭大,山本 大斗,安田 尚憲,寺地 隆成,池田 来翔,藤岡 裕大,山口 航輝,友杉 篤輝
ロッテ,6月4日(水),藤原 恭大,寺地 隆成,池田 来翔,山本 大斗,岡 大海,藤岡 裕大,安田 尚憲,佐藤 都志也,友杉 篤輝
ロッテ,6月5日(木),藤原 恭大,寺地 隆成,池田 来翔,山本 大斗,ソト,藤岡 裕大,安田 尚憲,友杉 篤輝,髙部 瑛斗
ロッテ,6月6日(金),藤原 恭大,寺地 隆成,池田 来翔,山本 大斗,ソト,藤岡 裕大,岡 大海,友杉 篤輝,小島 和哉
ロッテ,6月7日(土),藤原 恭大,寺地 隆成,池田 来翔,山本 大斗,ソト,藤岡 裕大,岡 大海,友杉 篤輝,田中 晴也
ロッテ,6月8日(日),藤原 恭大,寺地 隆成,池田 来翔,山本 大斗,藤岡 裕大,安田 尚憲,茶谷 健太,髙部 瑛斗,ボス
ロッテ,6月10日(火),藤原 恭大,寺地 隆成,池田 来翔,山本 大斗,藤岡 裕大,安田 尚憲,佐藤 都志也,友杉 篤輝,髙部 瑛斗
ロッテ,6月11日(水),藤原 恭大,寺地 隆成,池田 来翔,山本 大斗,藤岡 裕大,安田 尚憲,佐藤 都志也,友杉 篤輝,髙部 瑛斗
ロッテ,6月12日(木),藤原 恭大,寺地 隆成,池田 来翔,山本 大斗,ソト,安田 尚憲,石垣 雅海,友杉 篤輝,髙部 瑛斗
ロッテ,6月13日(金),藤原 恭大,寺地 隆成,池田 来翔,山本 大斗,安田 尚憲,茶谷 健太,佐藤 都志也,友杉 篤輝,髙部 瑛斗
ロッテ,6月14日(土),藤原 恭大,寺地 隆成,池田 来翔,山本 大斗,安田 尚憲,ソト,藤岡 裕大,西川 史礁,友杉 篤輝
ロッテ,6月15日(日),藤原 恭大,寺地 隆成,池田 来翔,山本 大斗,安田 尚憲,岡 大海,藤岡 裕大,愛斗,友杉 篤輝
ロッテ,6月17日(火),藤原 恭大,寺地 隆成,池田 来翔,山本 大斗,安田 尚憲,藤岡 裕大,友杉 篤輝,髙部 瑛斗,木村 優人
ロッテ,6月18日(水),藤原 恭大,寺地 隆成,池田 来翔,山本 大斗,安田 尚憲,藤岡 裕大,西川 史礁,友杉 篤輝,田中 晴也
ロッテ,6月19日(木),藤原 恭大,寺地 隆成,池田 来翔,山本 大斗,安田 尚憲,岡 大海,藤岡 裕大,友杉 篤輝,種市 篤暉
ロッテ,6月20日(金),藤原 恭大,寺地 隆成,池田 来翔,山本 大斗,安田 尚憲,藤岡 裕大,西川 史礁,友杉 篤輝,石川 柊太
ロッテ,6月21日(土),藤原 恭大,寺地 隆成,池田 来翔,山本 大斗,西川 史礁,安田 尚憲,友杉 篤輝,小川 龍成,廣池 康志郎
ロッテ,6月22日(日),藤原 恭大,寺地 隆成,安田 尚憲,山本 大斗,西川 史礁,ソト,友杉 篤輝,小川 龍成,ボス
ロッテ,6月24日(火),藤原 恭大,寺地 隆成,安田 尚憲,山本 大斗,西川 史礁,池田 来翔,岡 大海,友杉 篤輝,小川 龍成
ロッテ,6月27日(金),藤原 恭大,寺地 隆成,池田 来翔,山本 大斗,西川 史礁,安田 尚憲,岡 大海,友杉 篤輝,小川 龍成
ロッテ,6月28日(土),藤原 恭大,寺地 隆成,安田 尚憲,山本 大斗,西川 史礁,ポランコ,ソト,友杉 篤輝,小川 龍成
ロッテ,6月29日(日),藤原 恭大,寺地 隆成,安田 尚憲,山本 大斗,西川 史礁,ポランコ,ソト,友杉 篤輝,小川 龍成
ロッテ,7月1日(火),藤原 恭大,寺地 隆成,安田 尚憲,山本 大斗,西川 史礁,石川 慎吾,ソト,池田 来翔,友杉 篤輝
ロッテ,7月2日(水),藤原 恭大,寺地 隆成,安田 尚憲,山本 大斗,西川 史礁,ソト,藤岡 裕大,友杉 篤輝,髙部 瑛斗
ロッテ,7月4日(金),藤原 恭大,寺地 隆成,安田 尚憲,山本 大斗,西川 史礁,ソト,藤岡 裕大,石川 慎吾,友杉 篤輝
ロッテ,7月5日(土),藤原 恭大,寺地 隆成,安田 尚憲,山本 大斗,西川 史礁,ソト,藤岡 裕大,池田 来翔,友杉 篤輝
ロッテ,7月6日(日),藤原 恭大,寺地 隆成,安田 尚憲,山本 大斗,西川 史礁,ソト,藤岡 裕大,友杉 篤輝,髙部 瑛斗
ロッテ,7月8日(火),藤原 恭大,寺地 隆成,安田 尚憲,山本 大斗,西川 史礁,ソト,池田 来翔,宮崎 竜成,友杉 篤輝
ロッテ,7月9日(水),藤原 恭大,寺地 隆成,安田 尚憲,山本 大斗,西川 史礁,岡 大海,石川 慎吾,宮崎 竜成,友杉 篤輝
ロッテ,7月11日(金),藤原 恭大,寺地 隆成,安田 尚憲,山本 大斗,西川 史礁,岡 大海,ソト,藤岡 裕大,友杉 篤輝
ロッテ,7月12日(土),藤原 恭大,寺地 隆成,安田 尚憲,山本 大斗,西川 史礁,池田 来翔,宮崎 竜成,田村 龍弘,友杉 篤輝
ロッテ,7月13日(日),藤原 恭大,寺地 隆成,安田 尚憲,山本 大斗,西川 史礁,岡 大海,ソト,藤岡 裕大,友杉 篤輝
ロッテ,7月15日(火),藤原 恭大,寺地 隆成,安田 尚憲,山本 大斗,西川 史礁,藤岡 裕大,宮崎 竜成,上田 希由翔,小川 龍成
ロッテ,7月16日(水),藤原 恭大,寺地 隆成,安田 尚憲,山本 大斗,西川 史礁,ソト,池田 来翔,宮崎 竜成,友杉 篤輝
ロッテ,7月17日(木),西川 史礁,山本 大斗,安田 尚憲,寺地 隆成,ソト,藤岡 裕大,愛斗,上田 希由翔,友杉 篤輝
ロッテ,7月18日(金),西川 史礁,山本 大斗,藤原 恭大,寺地 隆成,安田 尚憲,髙部 瑛斗,上田 希由翔,宮崎 竜成,友杉 篤輝
ロッテ,7月19日(土),藤原 恭大,寺地 隆成,安田 尚憲,山本 大斗,西川 史礁,髙部 瑛斗,上田 希由翔,宮崎 竜成,小川 龍成
ロッテ,7月20日(日),藤原 恭大,寺地 隆成,安田 尚憲,山本 大斗,西川 史礁,髙部 瑛斗,上田 希由翔,友杉 篤輝,小川 龍成
ロッテ,7月21日(月),藤原 恭大,西川 史礁,安田 尚憲,山本 大斗,ソト,上田 希由翔,宮崎 竜成,田村 龍弘,小川 龍成
ロッテ,7月26日(土),藤原 恭大,寺地 隆成,安田 尚憲,山本 大斗,西川 史礁,上田 希由翔,髙部 瑛斗,友杉 篤輝,宮崎 竜成
ロッテ,7月27日(日),藤原 恭大,寺地 隆成,安田 尚憲,山本 大斗,西川 史礁,ソト,藤岡 裕大,髙部 瑛斗,小川 龍成
ロッテ,7月29日(火),藤原 恭大,寺地 隆成,安田 尚憲,山本 大斗,西川 史礁,ソト,宮崎 竜成,髙部 瑛斗,友杉 篤輝
ロッテ,7月30日(水),藤原 恭大,寺地 隆成,安田 尚憲,西川 史礁,ソト,髙部 瑛斗,小川 龍成,友杉 篤輝,田村 龍弘
ロッテ,7月31日(木),藤原 恭大,寺地 隆成,ソト,西川 史礁,山本 大斗,安田 尚憲,佐藤 都志也,宮崎 竜成,友杉 篤輝
ロッテ,8月1日(金),藤原 恭大,寺地 隆成,安田 尚憲,西川 史礁,山本 大斗,ソト,藤岡 裕大,上田 希由翔,友杉 篤輝
ロッテ,8月2日(土),藤原 恭大,寺地 隆成,安田 尚憲,西川 史礁,山本 大斗,宮崎 竜成,上田 希由翔,佐藤 都志也,小川 龍成
ロッテ,8月3日(日),藤原 恭大,寺地 隆成,安田 尚憲,西川 史礁,ソト,山本 大斗,上田 希由翔,宮崎 竜成,友杉 篤輝
ロッテ,8月5日(火),藤原 恭大,寺地 隆成,安田 尚憲,西川 史礁,ソト,池田 来翔,山口 航輝,宮崎 竜成,友杉 篤輝
ロッテ,8月6日(水),藤原 恭大,寺地 隆成,安田 尚憲,西川 史礁,ソト,佐藤 都志也,山口 航輝,宮崎 竜成,友杉 篤輝
ロッテ,8月7日(木),藤原 恭大,寺地 隆成,池田 来翔,西川 史礁,ソト,安田 尚憲,山本 大斗,山口 航輝,友杉 篤輝
ロッテ,8月9日(土),藤原 恭大,西川 史礁,寺地 隆成,山本 大斗,ソト,安田 尚憲,藤岡 裕大,上田 希由翔,友杉 篤輝
ロッテ,8月11日(月),藤原 恭大,西川 史礁,髙部 瑛斗,ソト,池田 来翔,安田 尚憲,佐藤 都志也,宮崎 竜成,小川 龍成
ロッテ,8月13日(水),藤原 恭大,西川 史礁,髙部 瑛斗,ソト,寺地 隆成,安田 尚憲,山口 航輝,藤岡 裕大,友杉 篤輝
ロッテ,8月14日(木),藤原 恭大,西川 史礁,髙部 瑛斗,ソト,寺地 隆成,池田 来翔,山本 大斗,宮崎 竜成,友杉 篤輝
ロッテ,8月15日(金),藤原 恭大,西川 史礁,髙部 瑛斗,ソト,寺地 隆成,池田 来翔,山口 航輝,宮崎 竜成,友杉 篤輝
ロッテ,8月16日(土),藤原 恭大,西川 史礁,髙部 瑛斗,寺地 隆成,安田 尚憲,上田 希由翔,佐藤 都志也,宮崎 竜成,小川 龍成
ロッテ,8月17日(日),藤原 恭大,西川 史礁,池田 来翔,山本 大斗,寺地 隆成,上田 希由翔,安田 尚憲,佐藤 都志也,友杉 篤輝
ロッテ,8月19日(火),藤原 恭大,西川 史礁,髙部 瑛斗,ソト,寺地 隆成,安田 尚憲,山口 航輝,宮崎 竜成,小川 龍成
ロッテ,8月20日(水),藤原 恭大,西川 史礁,寺地 隆成,山口 航輝,安田 尚憲,池田 来翔,山本 大斗,宮崎 竜成,友杉 篤輝
ロッテ,8月21日(木),藤原 恭大,西川 史礁,髙部 瑛斗,山口 航輝,ソト,藤岡 裕大,安田 尚憲,佐藤 都志也,友杉 篤輝
ロッテ,8月22日(金),藤原 恭大,西川 史礁,髙部 瑛斗,山口 航輝,ソト,寺地 隆成,藤岡 裕大,安田 尚憲,小川 龍成
ロッテ,8月23日(土),藤原 恭大,西川 史礁,髙部 瑛斗,山口 航輝,池田 来翔,安田 尚憲,佐藤 都志也,宮崎 竜成,友杉 篤輝
ロッテ,8月24日(日),藤原 恭大,西川 史礁,山本 大斗,山口 航輝,上田 希由翔,藤岡 裕大,佐藤 都志也,髙部 瑛斗,友杉 篤輝
ロッテ,8月26日(火),藤原 恭大,西川 史礁,山本 大斗,山口 航輝,安田 尚憲,上田 希由翔,宮崎 竜成,田村 龍弘,友杉 篤輝
ロッテ,8月27日(水),藤原 恭大,西川 史礁,髙部 瑛斗,山口 航輝,寺地 隆成,安田 尚憲,上田 希由翔,友杉 篤輝,小川 龍成
ロッテ,8月29日(金),藤原 恭大,西川 史礁,髙部 瑛斗,山口 航輝,ソト,安田 尚憲,佐藤 都志也,小川 龍成,友杉 篤輝
ロッテ,8月30日(土),藤原 恭大,西川 史礁,髙部 瑛斗,上田 希由翔,佐藤 都志也,藤岡 裕大,安田 尚憲,宮崎 竜成,小川 龍成
ロッテ,8月31日(日),髙部 瑛斗,西川 史礁,上田 希由翔,寺地 隆成,佐藤 都志也,山本 大斗,池田 来翔,宮崎 竜成,友杉 篤輝
ロッテ,9月2日(火),髙部 瑛斗,西川 史礁,ソト,寺地 隆成,藤岡 裕大,山本 大斗,安田 尚憲,田村 龍弘,友杉 篤輝
ロッテ,9月3日(水),髙部 瑛斗,西川 史礁,上田 希由翔,山口 航輝,藤岡 裕大,佐藤 都志也,山本 大斗,アセベド,小川 龍成
ロッテ,9月4日(木),髙部 瑛斗,西川 史礁,ソト,寺地 隆成,藤岡 裕大,佐藤 都志也,山本 大斗,安田 尚憲,友杉 篤輝
ロッテ,9月5日(金),髙部 瑛斗,西川 史礁,上田 希由翔,山口 航輝,藤岡 裕大,安田 尚憲,山本 大斗,松川 虎生,小川 龍成
ロッテ,9月6日(土),髙部 瑛斗,西川 史礁,上田 希由翔,ソト,藤岡 裕大,佐藤 都志也,アセベド,山本 大斗,小川 龍成
ロッテ,9月7日(日),髙部 瑛斗,西川 史礁,寺地 隆成,山口 航輝,藤岡 裕大,佐藤 都志也,安田 尚憲,山本 大斗,小川 龍成
ロッテ,9月8日(月),髙部 瑛斗,西川 史礁,上田 希由翔,アセベド,藤岡 裕大,佐藤 都志也,安田 尚憲,山本 大斗,小川 龍成
ロッテ,9月9日(火),髙部 瑛斗,西川 史礁,佐藤 都志也,上田 希由翔,藤岡 裕大,池田 来翔,山本 大斗,田村 龍弘,友杉 篤輝
ロッテ,9月11日(木),髙部 瑛斗,西川 史礁,岡 大海,ソト,佐藤 都志也,池田 来翔,茶谷 健太,山本 大斗,友杉 篤輝
ロッテ,9月12日(金),髙部 瑛斗,西川 史礁,寺地 隆成,山口 航輝,藤岡 裕大,山本 大斗,佐藤 都志也,茶谷 健太,友杉 篤輝
ロッテ,9月13日(土),髙部 瑛斗,西川 史礁,岡 大海,ソト,藤岡 裕大,山本 大斗,佐藤 都志也,安田 尚憲,小川 龍成
ロッテ,9月14日(日),髙部 瑛斗,西川 史礁,岡 大海,山本 大斗,藤岡 裕大,山口 航輝,佐藤 都志也,安田 尚憲,友杉 篤輝
ロッテ,9月15日(月),髙部 瑛斗,西川 史礁,ソト,山本 大斗,山口 航輝,上田 希由翔,佐藤 都志也,小川 龍成,友杉 篤輝
ロッテ,9月16日(火),髙部 瑛斗,西川 史礁,寺地 隆成,山本 大斗,池田 来翔,安田 尚憲,松川 虎生,小川 龍成,友杉 篤輝
ロッテ,9月17日(水),西川 史礁,髙部 瑛斗,岡 大海,山本 大斗,寺地 隆成,茶谷 健太,佐藤 都志也,上田 希由翔,小川 龍成
ロッテ,9月18日(木),西川 史礁,岡 大海,髙部 瑛斗,山本 大斗,寺地 隆成,藤岡 裕大,安田 尚憲,佐藤 都志也,小川 龍成
ロッテ,9月20日(土),西川 史礁,髙部 瑛斗,ソト,山本 大斗,寺地 隆成,上田 希由翔,佐藤 都志也,友杉 篤輝,小川 龍成
ロッテ,9月21日(日),西川 史礁,山本 大斗,髙部 瑛斗,寺地 隆成,上田 希由翔,藤岡 裕大,池田 来翔,佐藤 都志也,小川 龍成
ロッテ,9月22日(月),西川 史礁,山本 大斗,髙部 瑛斗,寺地 隆成,ソト,藤岡 裕大,安田 尚憲,佐藤 都志也,小川 龍成
ロッテ,9月23日(火),西川 史礁,寺地 隆成,髙部 瑛斗,上田 希由翔,池田 来翔,安田 尚憲,山本 大斗,植田 将太,友杉 篤輝
ロッテ,9月24日(水),西川 史礁,寺地 隆成,岡 大海,山口 航輝,池田 来翔,佐藤 都志也,山本 大斗,宮崎 竜成,友杉 篤輝
ロッテ,9月25日(木),西川 史礁,寺地 隆成,岡 大海,ソト,藤岡 裕大,池田 来翔,佐藤 都志也,髙部 瑛斗,友杉 篤輝
ロッテ,9月27日(土),西川 史礁,寺地 隆成,岡 大海,ソト,上田 希由翔,佐藤 都志也,髙部 瑛斗,友杉 篤輝,小川 龍成
ロッテ,9月28日(日),西川 史礁,寺地 隆成,藤岡 裕大,ソト,上田 希由翔,髙部 瑛斗,山口 航輝,佐藤 都志也,小川 龍成
ロッテ,9月29日(月),西川 史礁,寺地 隆成,髙部 瑛斗,上田 希由翔,山口 航輝,安田 尚憲,佐藤 都志也,宮崎 竜成,小川 龍成
ロッテ,9月30日(火),西川 史礁,寺地 隆成,髙部 瑛斗,ソト,池田 来翔,安田 尚憲,友杉 篤輝,植田 将太,和田 康士朗
ロッテ,10月4日(土),西川 史礁,藤原 恭大,髙部 瑛斗,ソト,藤岡 裕大,上田 希由翔,佐藤 都志也,山本 大斗,小川 龍成
ロッテ,10月5日(日),西川 史礁,髙部 瑛斗,藤原 恭大,寺地 隆成,藤岡 裕大,上田 希由翔,佐藤 都志也,安田 尚憲,小川 龍成
