球団,日付,1番,2番,3番,4番,5番,6番,7番,8番,9番
阪神,3月29日(金),近本 光司,中野 拓夢,森下 翔太,大山 悠輔,佐藤 輝明,前川 右京,坂本 誠志郎,木浪 聖也,青柳 晃洋
阪神,3月30日(土),近本 光司,中野 拓夢,森下 翔太,大山 悠輔,佐藤 輝明,ノイジー,坂本 誠志郎,木浪 聖也,大竹 耕太郎
阪神,3月31日(日),近本 光司,中野 拓夢,森下 翔太,大山 悠輔,佐藤 輝明,前川 右京,梅野 隆太郎,木浪 聖也,才木 浩人
阪神,4月2日(火),近本 光司,中野 拓夢,森下 翔太,大山 悠輔,佐藤 輝明,ノイジー,坂本 誠志郎,木浪 聖也,村上 頌樹
阪神,4月3日(水),近本 光司,中野 拓夢,森下 翔太,大山 悠輔,佐藤 輝明,ノイジー,梅野 隆太郎,木浪 聖也,伊藤 将司
阪神,4月4日(木),近本 光司,中野 拓夢,森下 翔太,大山 悠輔,前川 右京,佐藤 輝明,梅野 隆太郎,木浪 聖也,西 勇輝
阪神,4月5日(金),近本 光司,中野 拓夢,森下 翔太,大山 悠輔,ノイジー,佐藤 輝明,坂本 誠志郎,木浪 聖也,青柳 晃洋
阪神,4月6日(土),近本 光司,中野 拓夢,森下 翔太,大山 悠輔,前川 右京,佐藤 輝明,坂本 誠志郎,小幡 竜平,大竹 耕太郎
阪神,4月7日(日),近本 光司,中野 拓夢,前川 右京,大山 悠輔,ノイジー,佐藤 輝明,梅野 隆太郎,木浪 聖也,才木 浩人
阪神,4月9日(火),近本 光司,中野 拓夢,森下 翔太,大山 悠輔,ノイジー,佐藤 輝明,坂本 誠志郎,木浪 聖也,村上 頌樹
阪神,4月10日(水),近本 光司,中野 拓夢,前川 右京,大山 悠輔,佐藤 輝明,森下 翔太,梅野 隆太郎,木浪 聖也,伊藤 将司
阪神,4月11日(木),近本 光司,中野 拓夢,ノイジー,大山 悠輔,佐藤 輝明,森下 翔太,梅野 隆太郎,木浪 聖也,西 勇輝
阪神,4月12日(金),近本 光司,中野 拓夢,森下 翔太,大山 悠輔,佐藤 輝明,前川 右京,坂本 誠志郎,木浪 聖也,青柳 晃洋
阪神,4月13日(土),近本 光司,中野 拓夢,森下 翔太,大山 悠輔,佐藤 輝明,ノイジー,坂本 誠志郎,木浪 聖也,大竹 耕太郎
阪神,4月14日(日),木浪 聖也,梅野 隆太郎,近本 光司,佐藤 輝明,大山 悠輔,前川 右京,森下 翔太,中野 拓夢,才木 浩人
阪神,4月16日(火),近本 光司,中野 拓夢,森下 翔太,大山 悠輔,佐藤 輝明,ノイジー,坂本 誠志郎,木浪 聖也,村上 頌樹
阪神,4月17日(水),近本 光司,中野 拓夢,森下 翔太,大山 悠輔,佐藤 輝明,前川 右京,梅野 隆太郎,木浪 聖也,伊藤 将司
阪神,4月18日(木),近本 光司,中野 拓夢,森下 翔太,大山 悠輔,佐藤 輝明,ノイジー,梅野 隆太郎,木浪 聖也,西 勇輝
阪神,4月19日(金),近本 光司,中野 拓夢,森下 翔太,大山 悠輔,佐藤 輝明,ノイジー,坂本 誠志郎,木浪 聖也,青柳 晃洋
阪神,4月20日(土),近本 光司,中野 拓夢,森下 翔太,大山 悠輔,佐藤 輝明,ノイジー,坂本 誠志郎,木浪 聖也,大竹 耕太郎
阪神,4月21日(日),近本 光司,中野 拓夢,森下 翔太,大山 悠輔,佐藤 輝明,ノイジー,梅野 隆太郎,木浪 聖也,才木 浩人
阪神,4月23日(火),近本 光司,中野 拓夢,森下 翔太,大山 悠輔,佐藤 輝明,前川 右京,坂本 誠志郎,木浪 聖也,村上 頌樹
阪神,4月24日(水),近本 光司,中野 拓夢,森下 翔太,大山 悠輔,ノイジー,佐藤 輝明,梅野 隆太郎,木浪 聖也,伊藤 将司
阪神,4月26日(金),近本 光司,中野 拓夢,森下 翔太,大山 悠輔,ノイジー,佐藤 輝明,坂本 誠志郎,木浪 聖也,青柳 晃洋
阪神,4月27日(土),近本 光司,中野 拓夢,森下 翔太,大山 悠輔,ノイジー,佐藤 輝明,坂本 誠志郎,小幡 竜平,大竹 耕太郎
阪神,4月28日(日),近本 光司,中野 拓夢,森下 翔太,大山 悠輔,ノイジー,糸原 健斗,梅野 隆太郎,小幡 竜平,才木 浩人
阪神,4月30日(火),近本 光司,中野 拓夢,森下 翔太,大山 悠輔,ノイジー,佐藤 輝明,坂本 誠志郎,木浪 聖也,村上 頌樹
阪神,5月1日(水),近本 光司,中野 拓夢,森下 翔太,大山 悠輔,ノイジー,佐藤 輝明,梅野 隆太郎,木浪 聖也,伊藤 将司
阪神,5月3日(金),近本 光司,中野 拓夢,森下 翔太,大山 悠輔,ノイジー,佐藤 輝明,梅野 隆太郎,木浪 聖也,門別 啓人
阪神,5月4日(土),近本 光司,中野 拓夢,森下 翔太,大山 悠輔,糸原 健斗,ノイジー,坂本 誠志郎,小幡 竜平,西 勇輝
阪神,5月5日(日),近本 光司,中野 拓夢,佐藤 輝明,大山 悠輔,前川 右京,森下 翔太,梅野 隆太郎,木浪 聖也,才木 浩人
阪神,5月7日(火),近本 光司,中野 拓夢,ノイジー,大山 悠輔,佐藤 輝明,森下 翔太,坂本 誠志郎,木浪 聖也,村上 頌樹
阪神,5月8日(水),近本 光司,中野 拓夢,ノイジー,大山 悠輔,佐藤 輝明,森下 翔太,坂本 誠志郎,木浪 聖也,大竹 耕太郎
阪神,5月10日(金),近本 光司,中野 拓夢,森下 翔太,大山 悠輔,井上 広大,佐藤 輝明,坂本 誠志郎,木浪 聖也,青柳 晃洋
阪神,5月11日(土),近本 光司,中野 拓夢,前川 右京,大山 悠輔,佐藤 輝明,井上 広大,梅野 隆太郎,木浪 聖也,伊藤 将司
阪神,5月12日(日),井上 広大,中野 拓夢,近本 光司,大山 悠輔,ノイジー,糸原 健斗,梅野 隆太郎,木浪 聖也,才木 浩人
阪神,5月14日(火),森下 翔太,中野 拓夢,近本 光司,大山 悠輔,佐藤 輝明,前川 右京,坂本 誠志郎,木浪 聖也,村上 頌樹
阪神,5月15日(水),森下 翔太,中野 拓夢,近本 光司,大山 悠輔,ノイジー,渡邉 諒,坂本 誠志郎,木浪 聖也,大竹 耕太郎
阪神,5月16日(木),井上 広大,中野 拓夢,近本 光司,原口 文仁,糸原 健斗,前川 右京,梅野 隆太郎,小幡 竜平,西 勇輝
阪神,5月17日(金),森下 翔太,中野 拓夢,近本 光司,大山 悠輔,糸原 健斗,ノイジー,坂本 誠志郎,小幡 竜平,青柳 晃洋
阪神,5月18日(土),井上 広大,中野 拓夢,近本 光司,大山 悠輔,渡邉 諒,前川 右京,梅野 隆太郎,木浪 聖也,ビーズリー
阪神,5月19日(日),近本 光司,中野 拓夢,森下 翔太,大山 悠輔,渡邉 諒,ノイジー,梅野 隆太郎,木浪 聖也,才木 浩人
阪神,5月21日(火),近本 光司,中野 拓夢,森下 翔太,大山 悠輔,ノイジー,渡邉 諒,坂本 誠志郎,木浪 聖也,村上 頌樹
阪神,5月22日(水),近本 光司,中野 拓夢,森下 翔太,大山 悠輔,糸原 健斗,前川 右京,坂本 誠志郎,木浪 聖也,大竹 耕太郎
阪神,5月23日(木),近本 光司,中野 拓夢,森下 翔太,大山 悠輔,ノイジー,渡邉 諒,梅野 隆太郎,木浪 聖也,西 勇輝
阪神,5月24日(金),近本 光司,中野 拓夢,森下 翔太,大山 悠輔,糸原 健斗,前川 右京,坂本 誠志郎,木浪 聖也,及川 雅貴
阪神,5月25日(土),近本 光司,中野 拓夢,森下 翔太,大山 悠輔,渡邉 諒,ノイジー,梅野 隆太郎,木浪 聖也,ビーズリー
阪神,5月26日(日),近本 光司,中野 拓夢,森下 翔太,大山 悠輔,渡邉 諒,ノイジー,梅野 隆太郎,木浪 聖也,才木 浩人
阪神,5月29日(水),近本 光司,中野 拓夢,森下 翔太,大山 悠輔,渡邉 諒,前川 右京,坂本 誠志郎,木浪 聖也,大竹 耕太郎
阪神,5月30日(木),近本 光司,中野 拓夢,小野寺 暖,大山 悠輔,渡邉 諒,森下 翔太,梅野 隆太郎,木浪 聖也,西 勇輝
阪神,5月31日(金),近本 光司,中野 拓夢,森下 翔太,大山 悠輔,糸原 健斗,前川 右京,木浪 聖也,島田 海吏,坂本 誠志郎
阪神,6月1日(土),中野 拓夢,植田 海,糸原 健斗,近本 光司,前川 右京,渡邉 諒,大山 悠輔,木浪 聖也,梅野 隆太郎
阪神,6月2日(日),森下 翔太,中野 拓夢,渡邉 諒,近本 光司,原口 文仁,大山 悠輔,ミエセス,小幡 竜平,梅野 隆太郎
阪神,6月4日(火),中野 拓夢,小幡 竜平,森下 翔太,近本 光司,糸原 健斗,前川 右京,渡邉 諒,梅野 隆太郎,村上 頌樹
阪神,6月5日(水),中野 拓夢,前川 右京,森下 翔太,近本 光司,糸原 健斗,渡邉 諒,木浪 聖也,坂本 誠志郎,大竹 耕太郎
阪神,6月6日(木),中野 拓夢,前川 右京,森下 翔太,近本 光司,原口 文仁,渡邉 諒,梅野 隆太郎,木浪 聖也,西 勇輝
阪神,6月7日(金),中野 拓夢,前川 右京,森下 翔太,近本 光司,佐藤 輝明,渡邉 諒,坂本 誠志郎,木浪 聖也,伊藤 将司
阪神,6月8日(土),中野 拓夢,前川 右京,森下 翔太,近本 光司,佐藤 輝明,渡邉 諒,梅野 隆太郎,木浪 聖也,ビーズリー
阪神,6月9日(日),中野 拓夢,前川 右京,森下 翔太,近本 光司,佐藤 輝明,渡邉 諒,梅野 隆太郎,木浪 聖也,才木 浩人
阪神,6月11日(火),中野 拓夢,前川 右京,森下 翔太,近本 光司,渡邉 諒,佐藤 輝明,ミエセス,木浪 聖也,梅野 隆太郎
阪神,6月12日(水),中野 拓夢,前川 右京,森下 翔太,近本 光司,糸原 健斗,渡邉 諒,佐藤 輝明,木浪 聖也,坂本 誠志郎
阪神,6月13日(木),森下 翔太,中野 拓夢,渡邉 諒,近本 光司,原口 文仁,ミエセス,豊田 寛,梅野 隆太郎,木浪 聖也
阪神,6月14日(金),森下 翔太,中野 拓夢,ノイジー,近本 光司,原口 文仁,渡邉 諒,豊田 寛,坂本 誠志郎,木浪 聖也
阪神,6月15日(土),近本 光司,中野 拓夢,森下 翔太,佐藤 輝明,前川 右京,糸原 健斗,ノイジー,木浪 聖也,梅野 隆太郎
阪神,6月16日(日),近本 光司,中野 拓夢,渡邉 諒,佐藤 輝明,前川 右京,糸原 健斗,森下 翔太,小幡 竜平,梅野 隆太郎
阪神,6月18日(火),近本 光司,中野 拓夢,渡邉 諒,佐藤 輝明,前川 右京,森下 翔太,梅野 隆太郎,小幡 竜平,村上 頌樹
阪神,6月21日(金),近本 光司,中野 拓夢,森下 翔太,大山 悠輔,前川 右京,佐藤 輝明,梅野 隆太郎,小幡 竜平,西 勇輝
阪神,6月22日(土),近本 光司,中野 拓夢,ノイジー,大山 悠輔,渡邉 諒,豊田 寛,坂本 誠志郎,小幡 竜平,伊藤 将司
阪神,6月25日(火),近本 光司,中野 拓夢,森下 翔太,大山 悠輔,前川 右京,佐藤 輝明,梅野 隆太郎,小幡 竜平,才木 浩人
阪神,6月26日(水),近本 光司,中野 拓夢,森下 翔太,大山 悠輔,前川 右京,佐藤 輝明,坂本 誠志郎,小幡 竜平,大竹 耕太郎
阪神,6月27日(木),島田 海吏,中野 拓夢,森下 翔太,大山 悠輔,前川 右京,佐藤 輝明,梅野 隆太郎,小幡 竜平,村上 頌樹
阪神,6月29日(土),島田 海吏,中野 拓夢,森下 翔太,大山 悠輔,前川 右京,佐藤 輝明,坂本 誠志郎,小幡 竜平,伊藤 将司
阪神,6月30日(日),近本 光司,中野 拓夢,島田 海吏,大山 悠輔,前川 右京,佐藤 輝明,梅野 隆太郎,小幡 竜平,西 勇輝
阪神,7月2日(火),近本 光司,中野 拓夢,森下 翔太,大山 悠輔,前川 右京,佐藤 輝明,梅野 隆太郎,小幡 竜平,才木 浩人
阪神,7月3日(水),近本 光司,中野 拓夢,前川 右京,大山 悠輔,佐藤 輝明,島田 海吏,坂本 誠志郎,小幡 竜平,大竹 耕太郎
阪神,7月4日(木),近本 光司,中野 拓夢,前川 右京,大山 悠輔,佐藤 輝明,島田 海吏,梅野 隆太郎,小幡 竜平,村上 頌樹
阪神,7月5日(金),近本 光司,中野 拓夢,前川 右京,大山 悠輔,佐藤 輝明,島田 海吏,梅野 隆太郎,小幡 竜平,ビーズリー
阪神,7月6日(土),近本 光司,中野 拓夢,前川 右京,大山 悠輔,佐藤 輝明,島田 海吏,坂本 誠志郎,小幡 竜平,伊藤 将司
阪神,7月7日(日),近本 光司,中野 拓夢,豊田 寛,大山 悠輔,佐藤 輝明,前川 右京,梅野 隆太郎,小幡 竜平,西 勇輝
阪神,7月9日(火),近本 光司,中野 拓夢,前川 右京,大山 悠輔,佐藤 輝明,島田 海吏,梅野 隆太郎,小幡 竜平,才木 浩人
阪神,7月10日(水),近本 光司,中野 拓夢,前川 右京,大山 悠輔,佐藤 輝明,野口 恭佑,坂本 誠志郎,小幡 竜平,大竹 耕太郎
阪神,7月12日(金),近本 光司,中野 拓夢,前川 右京,大山 悠輔,佐藤 輝明,野口 恭佑,梅野 隆太郎,小幡 竜平,村上 頌樹
阪神,7月13日(土),島田 海吏,中野 拓夢,近本 光司,佐藤 輝明,前川 右京,大山 悠輔,坂本 誠志郎,小幡 竜平,伊藤 将司
阪神,7月14日(日),近本 光司,中野 拓夢,野口 恭佑,佐藤 輝明,大山 悠輔,前川 右京,梅野 隆太郎,小幡 竜平,西 勇輝
阪神,7月15日(月),近本 光司,中野 拓夢,野口 恭佑,佐藤 輝明,大山 悠輔,前川 右京,梅野 隆太郎,小幡 竜平,ビーズリー
阪神,7月16日(火),近本 光司,中野 拓夢,野口 恭佑,佐藤 輝明,大山 悠輔,前川 右京,梅野 隆太郎,小幡 竜平,才木 浩人
阪神,7月17日(水),野口 恭佑,植田 海,渡邉 諒,佐藤 輝明,大山 悠輔,豊田 寛,坂本 誠志郎,小幡 竜平,大竹 耕太郎
阪神,7月19日(金),近本 光司,中野 拓夢,森下 翔太,佐藤 輝明,大山 悠輔,野口 恭佑,坂本 誠志郎,木浪 聖也,村上 頌樹
阪神,7月20日(土),近本 光司,中野 拓夢,森下 翔太,佐藤 輝明,大山 悠輔,前川 右京,梅野 隆太郎,木浪 聖也,及川 雅貴
阪神,7月21日(日),近本 光司,中野 拓夢,森下 翔太,佐藤 輝明,大山 悠輔,前川 右京,木浪 聖也,梅野 隆太郎,西 勇輝
阪神,7月26日(金),近本 光司,中野 拓夢,森下 翔太,佐藤 輝明,大山 悠輔,野口 恭佑,木浪 聖也,坂本 誠志郎,村上 頌樹
阪神,7月27日(土),近本 光司,中野 拓夢,森下 翔太,佐藤 輝明,大山 悠輔,前川 右京,木浪 聖也,坂本 誠志郎,大竹 耕太郎
阪神,7月28日(日),近本 光司,中野 拓夢,森下 翔太,佐藤 輝明,大山 悠輔,野口 恭佑,木浪 聖也,梅野 隆太郎,西 勇輝
阪神,7月30日(火),近本 光司,中野 拓夢,森下 翔太,佐藤 輝明,大山 悠輔,前川 右京,木浪 聖也,梅野 隆太郎,才木 浩人
阪神,7月31日(水),近本 光司,中野 拓夢,森下 翔太,佐藤 輝明,大山 悠輔,野口 恭佑,木浪 聖也,坂本 誠志郎,及川 雅貴
阪神,8月1日(木),近本 光司,中野 拓夢,森下 翔太,佐藤 輝明,大山 悠輔,前川 右京,木浪 聖也,梅野 隆太郎,ビーズリー
阪神,8月2日(金),近本 光司,中野 拓夢,森下 翔太,佐藤 輝明,大山 悠輔,前川 右京,木浪 聖也,坂本 誠志郎,村上 頌樹
阪神,8月3日(土),近本 光司,中野 拓夢,森下 翔太,佐藤 輝明,大山 悠輔,前川 右京,木浪 聖也,坂本 誠志郎,大竹 耕太郎
阪神,8月4日(日),近本 光司,中野 拓夢,森下 翔太,佐藤 輝明,大山 悠輔,野口 恭佑,梅野 隆太郎,木浪 聖也,西 勇輝
阪神,8月6日(火),近本 光司,中野 拓夢,森下 翔太,佐藤 輝明,大山 悠輔,前川 右京,木浪 聖也,梅野 隆太郎,才木 浩人
阪神,8月7日(水),近本 光司,中野 拓夢,森下 翔太,佐藤 輝明,大山 悠輔,前川 右京,木浪 聖也,坂本 誠志郎,及川 雅貴
阪神,8月8日(木),近本 光司,中野 拓夢,森下 翔太,佐藤 輝明,大山 悠輔,前川 右京,木浪 聖也,梅野 隆太郎,ビーズリー
阪神,8月9日(金),近本 光司,中野 拓夢,森下 翔太,佐藤 輝明,大山 悠輔,野口 恭佑,坂本 誠志郎,木浪 聖也,村上 頌樹
阪神,8月10日(土),近本 光司,中野 拓夢,森下 翔太,佐藤 輝明,大山 悠輔,前川 右京,木浪 聖也,坂本 誠志郎,大竹 耕太郎
阪神,8月11日(日),近本 光司,中野 拓夢,森下 翔太,佐藤 輝明,大山 悠輔,前川 右京,木浪 聖也,梅野 隆太郎,髙橋 遥人
阪神,8月12日(月),近本 光司,中野 拓夢,森下 翔太,佐藤 輝明,大山 悠輔,前川 右京,木浪 聖也,梅野 隆太郎,西 勇輝
阪神,8月13日(火),近本 光司,中野 拓夢,渡邉 諒,森下 翔太,大山 悠輔,野口 恭佑,梅野 隆太郎,木浪 聖也,才木 浩人
阪神,8月14日(水),近本 光司,中野 拓夢,森下 翔太,佐藤 輝明,大山 悠輔,前川 右京,木浪 聖也,梅野 隆太郎,及川 雅貴
阪神,8月16日(金),近本 光司,中野 拓夢,森下 翔太,佐藤 輝明,大山 悠輔,野口 恭佑,梅野 隆太郎,木浪 聖也,ビーズリー
阪神,8月17日(土),近本 光司,中野 拓夢,森下 翔太,佐藤 輝明,大山 悠輔,前川 右京,木浪 聖也,梅野 隆太郎,村上 頌樹
阪神,8月18日(日),近本 光司,中野 拓夢,森下 翔太,佐藤 輝明,大山 悠輔,前川 右京,梅野 隆太郎,木浪 聖也,大竹 耕太郎
阪神,8月20日(火),近本 光司,中野 拓夢,森下 翔太,佐藤 輝明,大山 悠輔,前川 右京,木浪 聖也,梅野 隆太郎,才木 浩人
阪神,8月21日(水),近本 光司,中野 拓夢,森下 翔太,佐藤 輝明,大山 悠輔,前川 右京,木浪 聖也,梅野 隆太郎,西 勇輝
阪神,8月22日(木),近本 光司,中野 拓夢,森下 翔太,佐藤 輝明,大山 悠輔,島田 海吏,木浪 聖也,坂本 誠志郎,青柳 晃洋
阪神,8月23日(金),近本 光司,中野 拓夢,森下 翔太,佐藤 輝明,大山 悠輔,小野寺 暖,梅野 隆太郎,木浪 聖也,髙橋 遥人
阪神,8月24日(土),近本 光司,中野 拓夢,森下 翔太,佐藤 輝明,大山 悠輔,前川 右京,木浪 聖也,坂本 誠志郎,門別 啓人
阪神,8月25日(日),近本 光司,中野 拓夢,森下 翔太,佐藤 輝明,大山 悠輔,小野寺 暖,坂本 誠志郎,木浪 聖也,大竹 耕太郎
阪神,8月27日(火),近本 光司,中野 拓夢,森下 翔太,佐藤 輝明,大山 悠輔,島田 海吏,木浪 聖也,梅野 隆太郎,伊藤 将司
阪神,8月28日(水),近本 光司,中野 拓夢,森下 翔太,大山 悠輔,井上 広大,佐藤 輝明,坂本 誠志郎,木浪 聖也,村上 頌樹
阪神,8月31日(土),近本 光司,中野 拓夢,森下 翔太,大山 悠輔,佐藤 輝明,前川 右京,梅野 隆太郎,木浪 聖也,才木 浩人
阪神,9月1日(日),近本 光司,中野 拓夢,森下 翔太,大山 悠輔,佐藤 輝明,前川 右京,梅野 隆太郎,木浪 聖也,西 勇輝
阪神,9月3日(火),近本 光司,中野 拓夢,森下 翔太,大山 悠輔,佐藤 輝明,前川 右京,梅野 隆太郎,木浪 聖也,髙橋 遥人
阪神,9月4日(水),近本 光司,中野 拓夢,森下 翔太,大山 悠輔,佐藤 輝明,井上 広大,坂本 誠志郎,木浪 聖也,村上 頌樹
阪神,9月5日(木),近本 光司,中野 拓夢,森下 翔太,大山 悠輔,佐藤 輝明,井上 広大,坂本 誠志郎,木浪 聖也,大竹 耕太郎
阪神,9月6日(金),近本 光司,中野 拓夢,森下 翔太,大山 悠輔,佐藤 輝明,前川 右京,梅野 隆太郎,木浪 聖也,ビーズリー
阪神,9月7日(土),近本 光司,中野 拓夢,森下 翔太,大山 悠輔,佐藤 輝明,井上 広大,梅野 隆太郎,木浪 聖也,才木 浩人
阪神,9月8日(日),近本 光司,中野 拓夢,森下 翔太,大山 悠輔,佐藤 輝明,前川 右京,坂本 誠志郎,木浪 聖也,西 勇輝
阪神,9月10日(火),近本 光司,中野 拓夢,森下 翔太,大山 悠輔,佐藤 輝明,井上 広大,梅野 隆太郎,木浪 聖也,青柳 晃洋
阪神,9月11日(水),近本 光司,中野 拓夢,森下 翔太,大山 悠輔,佐藤 輝明,島田 海吏,坂本 誠志郎,木浪 聖也,村上 頌樹
阪神,9月13日(金),近本 光司,中野 拓夢,森下 翔太,大山 悠輔,佐藤 輝明,前川 右京,梅野 隆太郎,木浪 聖也,髙橋 遥人
阪神,9月14日(土),近本 光司,中野 拓夢,森下 翔太,大山 悠輔,佐藤 輝明,井上 広大,梅野 隆太郎,木浪 聖也,才木 浩人
阪神,9月15日(日),近本 光司,中野 拓夢,森下 翔太,大山 悠輔,佐藤 輝明,前川 右京,梅野 隆太郎,木浪 聖也,ビーズリー
阪神,9月16日(月),近本 光司,中野 拓夢,森下 翔太,大山 悠輔,佐藤 輝明,前川 右京,坂本 誠志郎,木浪 聖也,大竹 耕太郎
阪神,9月18日(水),近本 光司,中野 拓夢,森下 翔太,大山 悠輔,佐藤 輝明,前川 右京,坂本 誠志郎,木浪 聖也,村上 頌樹
阪神,9月20日(金),近本 光司,中野 拓夢,森下 翔太,大山 悠輔,佐藤 輝明,前川 右京,梅野 隆太郎,木浪 聖也,西 勇輝
阪神,9月21日(土),近本 光司,中野 拓夢,森下 翔太,大山 悠輔,佐藤 輝明,井上 広大,坂本 誠志郎,木浪 聖也,青柳 晃洋
阪神,9月22日(日),近本 光司,中野 拓夢,森下 翔太,大山 悠輔,佐藤 輝明,前川 右京,梅野 隆太郎,木浪 聖也,才木 浩人
阪神,9月23日(月),近本 光司,中野 拓夢,森下 翔太,大山 悠輔,佐藤 輝明,井上 広大,梅野 隆太郎,木浪 聖也,髙橋 遥人
阪神,9月27日(金),近本 光司,中野 拓夢,森下 翔太,大山 悠輔,佐藤 輝明,前川 右京,坂本 誠志郎,木浪 聖也,大竹 耕太郎
阪神,9月28日(土),近本 光司,中野 拓夢,森下 翔太,大山 悠輔,佐藤 輝明,井上 広大,梅野 隆太郎,木浪 聖也,ビーズリー
阪神,9月29日(日),近本 光司,中野 拓夢,森下 翔太,大山 悠輔,佐藤 輝明,井上 広大,梅野 隆太郎,木浪 聖也,才木 浩人
阪神,9月30日(月),近本 光司,中野 拓夢,森下 翔太,大山 悠輔,佐藤 輝明,前川 右京,坂本 誠志郎,木浪 聖也,青柳 晃洋
阪神,10月3日(木),近本 光司,中野 拓夢,森下 翔太,大山 悠輔,佐藤 輝明,前川 右京,坂本 誠志郎,木浪 聖也,大竹 耕太郎
DeNA,3月29日(金),度会 隆輝,オースティン,佐野 恵太,牧 秀悟,宮﨑 敏郎,梶原 昂希,山本 祐大,石上 泰輝,東 克樹
DeNA,3月30日(土),度会 隆輝,オースティン,佐野 恵太,牧 秀悟,宮﨑 敏郎,桑原 将志,山本 祐大,石上 泰輝,平良 拳太郎
DeNA,3月31日(日),度会 隆輝,オースティン,佐野 恵太,牧 秀悟,宮﨑 敏郎,梶原 昂希,伊藤 光,石上 泰輝,大貫 晋一
DeNA,4月2日(火),度会 隆輝,オースティン,佐野 恵太,牧 秀悟,宮﨑 敏郎,関根 大気,山本 祐大,石上 泰輝,ジャクソン
DeNA,4月3日(水),度会 隆輝,オースティン,佐野 恵太,牧 秀悟,宮﨑 敏郎,関根 大気,山本 祐大,石上 泰輝,濵口 遥大
DeNA,4月4日(木),度会 隆輝,オースティン,佐野 恵太,牧 秀悟,宮﨑 敏郎,関根 大気,松尾 汐恩,石上 泰輝,中川 颯
DeNA,4月5日(金),度会 隆輝,桑原 将志,佐野 恵太,牧 秀悟,宮﨑 敏郎,関根 大気,山本 祐大,林 琢真,東 克樹
DeNA,4月6日(土),度会 隆輝,オースティン,佐野 恵太,牧 秀悟,宮﨑 敏郎,関根 大気,山本 祐大,石上 泰輝,ケイ
DeNA,4月7日(日),度会 隆輝,オースティン,佐野 恵太,牧 秀悟,石上 泰輝,関根 大気,伊藤 光,林 琢真,大貫 晋一
DeNA,4月9日(火),度会 隆輝,オースティン,佐野 恵太,牧 秀悟,宮﨑 敏郎,関根 大気,大和,山本 祐大,ジャクソン
DeNA,4月10日(水),度会 隆輝,オースティン,佐野 恵太,牧 秀悟,宮﨑 敏郎,大和,松尾 汐恩,桑原 将志,小園 健太
DeNA,4月12日(金),度会 隆輝,石上 泰輝,佐野 恵太,牧 秀悟,宮﨑 敏郎,関根 大気,山本 祐大,桑原 将志,東 克樹
DeNA,4月13日(土),度会 隆輝,山本 祐大,佐野 恵太,牧 秀悟,宮﨑 敏郎,石上 泰輝,桑原 将志,梶原 昂希,ケイ
DeNA,4月14日(日),度会 隆輝,石上 泰輝,佐野 恵太,牧 秀悟,宮﨑 敏郎,関根 大気,伊藤 光,井上 絢登,大貫 晋一
DeNA,4月16日(火),度会 隆輝,石上 泰輝,佐野 恵太,牧 秀悟,宮﨑 敏郎,山本 祐大,関根 大気,井上 絢登,ジャクソン
DeNA,4月17日(水),度会 隆輝,関根 大気,佐野 恵太,牧 秀悟,宮﨑 敏郎,石上 泰輝,山本 祐大,桑原 将志,濵口 遥大
DeNA,4月19日(金),度会 隆輝,関根 大気,佐野 恵太,牧 秀悟,宮﨑 敏郎,楠本 泰史,山本 祐大,石上 泰輝,東 克樹
DeNA,4月20日(土),度会 隆輝,関根 大気,佐野 恵太,牧 秀悟,宮﨑 敏郎,楠本 泰史,山本 祐大,京田 陽太,ケイ
DeNA,4月21日(日),度会 隆輝,関根 大気,佐野 恵太,牧 秀悟,宮﨑 敏郎,楠本 泰史,伊藤 光,京田 陽太,大貫 晋一
DeNA,4月23日(火),度会 隆輝,関根 大気,佐野 恵太,牧 秀悟,宮﨑 敏郎,楠本 泰史,山本 祐大,京田 陽太,ジャクソン
DeNA,4月24日(水),度会 隆輝,関根 大気,佐野 恵太,牧 秀悟,宮﨑 敏郎,楠本 泰史,山本 祐大,石上 泰輝,濵口 遥大
DeNA,4月26日(金),桑原 将志,石上 泰輝,佐野 恵太,牧 秀悟,宮﨑 敏郎,関根 大気,山本 祐大,度会 隆輝,東 克樹
DeNA,4月27日(土),桑原 将志,石上 泰輝,佐野 恵太,牧 秀悟,宮﨑 敏郎,関根 大気,山本 祐大,度会 隆輝,ケイ
DeNA,4月28日(日),度会 隆輝,石上 泰輝,佐野 恵太,牧 秀悟,宮﨑 敏郎,楠本 泰史,関根 大気,伊藤 光,大貫 晋一
DeNA,4月29日(月),度会 隆輝,桑原 将志,佐野 恵太,牧 秀悟,宮﨑 敏郎,関根 大気,山本 祐大,石上 泰輝,ジャクソン
DeNA,4月30日(火),桑原 将志,蝦名 達夫,佐野 恵太,牧 秀悟,大和,度会 隆輝,山本 祐大,石上 泰輝,中川 颯
DeNA,5月1日(水),桑原 将志,蝦名 達夫,佐野 恵太,牧 秀悟,宮﨑 敏郎,京田 陽太,戸柱 恭孝,関根 大気,石田 健大
DeNA,5月3日(金),桑原 将志,蝦名 達夫,佐野 恵太,牧 秀悟,宮﨑 敏郎,京田 陽太,山本 祐大,関根 大気,東 克樹
DeNA,5月4日(土),桑原 将志,蝦名 達夫,佐野 恵太,牧 秀悟,宮﨑 敏郎,大和,山本 祐大,京田 陽太,ケイ
DeNA,5月5日(日),桑原 将志,蝦名 達夫,佐野 恵太,牧 秀悟,宮﨑 敏郎,度会 隆輝,山本 祐大,石上 泰輝,大貫 晋一
DeNA,5月6日(月),桑原 将志,蝦名 達夫,佐野 恵太,牧 秀悟,宮﨑 敏郎,筒香 嘉智,伊藤 光,京田 陽太,ジャクソン
DeNA,5月8日(水),度会 隆輝,蝦名 達夫,佐野 恵太,牧 秀悟,宮﨑 敏郎,筒香 嘉智,戸柱 恭孝,京田 陽太,石田 健大
DeNA,5月10日(金),神里 和毅,関根 大気,佐野 恵太,牧 秀悟,宮﨑 敏郎,筒香 嘉智,山本 祐大,京田 陽太,東 克樹
DeNA,5月11日(土),蝦名 達夫,関根 大気,筒香 嘉智,牧 秀悟,佐野 恵太,山本 祐大,京田 陽太,森 敬斗,中川 颯
DeNA,5月12日(日),蝦名 達夫,佐野 恵太,宮﨑 敏郎,牧 秀悟,筒香 嘉智,桑原 将志,山本 祐大,京田 陽太,大貫 晋一
DeNA,5月14日(火),蝦名 達夫,関根 大気,宮﨑 敏郎,牧 秀悟,筒香 嘉智,佐野 恵太,山本 祐大,森 敬斗,ケイ
DeNA,5月15日(水),蝦名 達夫,関根 大気,宮﨑 敏郎,牧 秀悟,筒香 嘉智,佐野 恵太,戸柱 恭孝,森 敬斗,石田 健大
DeNA,5月17日(金),蝦名 達夫,オースティン,筒香 嘉智,牧 秀悟,宮﨑 敏郎,佐野 恵太,山本 祐大,京田 陽太,東 克樹
DeNA,5月18日(土),蝦名 達夫,オースティン,筒香 嘉智,牧 秀悟,宮﨑 敏郎,佐野 恵太,山本 祐大,京田 陽太,中川 颯
DeNA,5月19日(日),蝦名 達夫,オースティン,佐野 恵太,筒香 嘉智,宮﨑 敏郎,京田 陽太,山本 祐大,森 敬斗,大貫 晋一
DeNA,5月21日(火),蝦名 達夫,オースティン,佐野 恵太,筒香 嘉智,宮﨑 敏郎,山本 祐大,森 敬斗,林 琢真,ケイ
DeNA,5月22日(水),蝦名 達夫,オースティン,佐野 恵太,筒香 嘉智,宮﨑 敏郎,戸柱 恭孝,森 敬斗,林 琢真,ジャクソン
DeNA,5月23日(木),蝦名 達夫,桑原 将志,佐野 恵太,オースティン,宮﨑 敏郎,山本 祐大,大和,知野 直人,石田 健大
DeNA,5月24日(金),蝦名 達夫,オースティン,佐野 恵太,筒香 嘉智,山本 祐大,森 敬斗,林 琢真,柴田 竜拓,東 克樹
DeNA,5月25日(土),蝦名 達夫,オースティン,佐野 恵太,筒香 嘉智,宮﨑 敏郎,大和,伊藤 光,知野 直人,中川 颯
DeNA,5月26日(日),蝦名 達夫,桑原 将志,佐野 恵太,筒香 嘉智,宮﨑 敏郎,山本 祐大,森 敬斗,林 琢真,大貫 晋一
DeNA,5月28日(火),蝦名 達夫,森 敬斗,オースティン,筒香 嘉智,宮﨑 敏郎,佐野 恵太,山本 祐大,西浦 直亨,ケイ
DeNA,5月29日(水),蝦名 達夫,森 敬斗,オースティン,筒香 嘉智,宮﨑 敏郎,佐野 恵太,戸柱 恭孝,西浦 直亨,ジャクソン
DeNA,5月30日(木),蝦名 達夫,森 敬斗,オースティン,筒香 嘉智,宮﨑 敏郎,佐野 恵太,山本 祐大,大和,石田 健大
DeNA,5月31日(金),蝦名 達夫,森 敬斗,オースティン,筒香 嘉智,宮﨑 敏郎,佐野 恵太,山本 祐大,梶原 昂希,林 琢真
DeNA,6月1日(土),蝦名 達夫,森 敬斗,オースティン,筒香 嘉智,宮﨑 敏郎,牧 秀悟,大和,伊藤 光,梶原 昂希
DeNA,6月2日(日),蝦名 達夫,森 敬斗,オースティン,牧 秀悟,宮﨑 敏郎,佐野 恵太,山本 祐大,京田 陽太,梶原 昂希
DeNA,6月4日(火),蝦名 達夫,オースティン,牧 秀悟,筒香 嘉智,宮﨑 敏郎,佐野 恵太,山本 祐大,森 敬斗,ケイ
DeNA,6月5日(水),蝦名 達夫,梶原 昂希,佐野 恵太,オースティン,宮﨑 敏郎,山本 祐大,大和,森 敬斗,ジャクソン
DeNA,6月6日(木),蝦名 達夫,オースティン,牧 秀悟,筒香 嘉智,佐野 恵太,戸柱 恭孝,森 敬斗,京田 陽太,石田 健大
DeNA,6月7日(金),蝦名 達夫,桑原 将志,オースティン,筒香 嘉智,牧 秀悟,伊藤 光,大和,森 敬斗,森 唯斗
DeNA,6月8日(土),蝦名 達夫,井上 絢登,オースティン,筒香 嘉智,牧 秀悟,佐野 恵太,山本 祐大,森 敬斗,東 克樹
DeNA,6月9日(日),蝦名 達夫,梶原 昂希,オースティン,牧 秀悟,筒香 嘉智,山本 祐大,大和,井上 絢登,石田 裕太郎
DeNA,6月11日(火),蝦名 達夫,梶原 昂希,オースティン,牧 秀悟,筒香 嘉智,伊藤 光,大和,井上 絢登,度会 隆輝
DeNA,6月12日(水),梶原 昂希,井上 絢登,オースティン,牧 秀悟,筒香 嘉智,山本 祐大,佐野 恵太,度会 隆輝,森 敬斗
DeNA,6月13日(木),梶原 昂希,度会 隆輝,オースティン,牧 秀悟,筒香 嘉智,山本 祐大,佐野 恵太,京田 陽太,森 敬斗
DeNA,6月14日(金),梶原 昂希,度会 隆輝,オースティン,牧 秀悟,筒香 嘉智,佐野 恵太,戸柱 恭孝,京田 陽太,井上 絢登
DeNA,6月15日(土),蝦名 達夫,度会 隆輝,オースティン,牧 秀悟,筒香 嘉智,山本 祐大,佐野 恵太,京田 陽太,森 敬斗
DeNA,6月16日(日),桑原 将志,度会 隆輝,オースティン,牧 秀悟,筒香 嘉智,山本 祐大,佐野 恵太,京田 陽太,森 敬斗
DeNA,6月21日(金),桑原 将志,度会 隆輝,オースティン,牧 秀悟,宮﨑 敏郎,筒香 嘉智,山本 祐大,森 敬斗,ジャクソン
DeNA,6月22日(土),関根 大気,度会 隆輝,オースティン,牧 秀悟,宮﨑 敏郎,佐野 恵太,山本 祐大,森 敬斗,東 克樹
DeNA,6月25日(火),関根 大気,度会 隆輝,オースティン,牧 秀悟,筒香 嘉智,宮﨑 敏郎,戸柱 恭孝,森 敬斗,濵口 遥大
DeNA,6月27日(木),桑原 将志,度会 隆輝,オースティン,牧 秀悟,宮﨑 敏郎,佐野 恵太,山本 祐大,大和,平良 拳太郎
DeNA,6月28日(金),桑原 将志,度会 隆輝,佐野 恵太,牧 秀悟,宮﨑 敏郎,山本 祐大,関根 大気,京田 陽太,ジャクソン
DeNA,6月29日(土),桑原 将志,度会 隆輝,オースティン,牧 秀悟,宮﨑 敏郎,佐野 恵太,山本 祐大,大和,東 克樹
DeNA,6月30日(日),桑原 将志,度会 隆輝,オースティン,牧 秀悟,宮﨑 敏郎,佐野 恵太,山本 祐大,大和,ケイ
DeNA,7月2日(火),桑原 将志,度会 隆輝,オースティン,牧 秀悟,宮﨑 敏郎,佐野 恵太,山本 祐大,京田 陽太,石田 裕太郎
DeNA,7月3日(水),桑原 将志,度会 隆輝,オースティン,牧 秀悟,宮﨑 敏郎,佐野 恵太,伊藤 光,大和,濵口 遥大
DeNA,7月4日(木),梶原 昂希,度会 隆輝,佐野 恵太,牧 秀悟,宮﨑 敏郎,山本 祐大,京田 陽太,関根 大気,平良 拳太郎
DeNA,7月5日(金),梶原 昂希,度会 隆輝,オースティン,牧 秀悟,佐野 恵太,戸柱 恭孝,井上 絢登,森 敬斗,ジャクソン
DeNA,7月6日(土),梶原 昂希,度会 隆輝,オースティン,牧 秀悟,宮﨑 敏郎,佐野 恵太,山本 祐大,森 敬斗,森 唯斗
DeNA,7月7日(日),桑原 将志,度会 隆輝,オースティン,牧 秀悟,宮﨑 敏郎,佐野 恵太,山本 祐大,京田 陽太,ケイ
DeNA,7月9日(火),桑原 将志,度会 隆輝,オースティン,牧 秀悟,宮﨑 敏郎,佐野 恵太,山本 祐大,大和,石田 裕太郎
DeNA,7月10日(水),桑原 将志,度会 隆輝,オースティン,牧 秀悟,宮﨑 敏郎,佐野 恵太,山本 祐大,京田 陽太,東 克樹
DeNA,7月11日(木),梶原 昂希,度会 隆輝,オースティン,牧 秀悟,宮﨑 敏郎,佐野 恵太,山本 祐大,京田 陽太,平良 拳太郎
DeNA,7月12日(金),梶原 昂希,関根 大気,オースティン,牧 秀悟,佐野 恵太,山本 祐大,京田 陽太,井上 絢登,ジャクソン
DeNA,7月13日(土),桑原 将志,梶原 昂希,オースティン,牧 秀悟,宮﨑 敏郎,佐野 恵太,伊藤 光,京田 陽太,吉野 光樹
DeNA,7月14日(日),梶原 昂希,オースティン,佐野 恵太,牧 秀悟,宮﨑 敏郎,山本 祐大,桑原 将志,森 敬斗,ケイ
DeNA,7月15日(月),梶原 昂希,度会 隆輝,佐野 恵太,牧 秀悟,宮﨑 敏郎,山本 祐大,京田 陽太,森 敬斗,濵口 遥大
DeNA,7月17日(水),梶原 昂希,オースティン,佐野 恵太,牧 秀悟,宮﨑 敏郎,山本 祐大,度会 隆輝,大和,東 克樹
DeNA,7月19日(金),梶原 昂希,オースティン,佐野 恵太,牧 秀悟,宮﨑 敏郎,山本 祐大,京田 陽太,度会 隆輝,ジャクソン
DeNA,7月20日(土),梶原 昂希,オースティン,佐野 恵太,牧 秀悟,山本 祐大,度会 隆輝,井上 絢登,森 敬斗,石田 裕太郎
DeNA,7月21日(日),梶原 昂希,オースティン,佐野 恵太,牧 秀悟,宮﨑 敏郎,山本 祐大,度会 隆輝,京田 陽太,ケイ
DeNA,7月26日(金),梶原 昂希,度会 隆輝,佐野 恵太,牧 秀悟,宮﨑 敏郎,山本 祐大,フォード,森 敬斗,ジャクソン
DeNA,7月27日(土),梶原 昂希,桑原 将志,佐野 恵太,牧 秀悟,宮﨑 敏郎,山本 祐大,フォード,大和,山﨑 康晃
DeNA,7月28日(日),梶原 昂希,フォード,佐野 恵太,牧 秀悟,宮﨑 敏郎,桑原 将志,山本 祐大,京田 陽太,ケイ
DeNA,7月30日(火),梶原 昂希,蝦名 達夫,佐野 恵太,牧 秀悟,宮﨑 敏郎,フォード,山本 祐大,京田 陽太,濵口 遥大
DeNA,7月31日(水),度会 隆輝,桑原 将志,佐野 恵太,牧 秀悟,宮﨑 敏郎,山本 祐大,フォード,森 敬斗,東 克樹
DeNA,8月1日(木),梶原 昂希,蝦名 達夫,佐野 恵太,牧 秀悟,宮﨑 敏郎,山本 祐大,フォード,森 敬斗,石田 裕太郎
DeNA,8月2日(金),桑原 将志,梶原 昂希,牧 秀悟,オースティン,佐野 恵太,京田 陽太,戸柱 恭孝,林 琢真,ジャクソン
DeNA,8月3日(土),梶原 昂希,牧 秀悟,佐野 恵太,オースティン,宮﨑 敏郎,蝦名 達夫,山本 祐大,林 琢真,吉野 光樹
DeNA,8月4日(日),梶原 昂希,牧 秀悟,佐野 恵太,オースティン,宮﨑 敏郎,度会 隆輝,山本 祐大,林 琢真,ケイ
DeNA,8月6日(火),梶原 昂希,牧 秀悟,佐野 恵太,オースティン,宮﨑 敏郎,山本 祐大,京田 陽太,桑原 将志,濵口 遥大
DeNA,8月7日(水),梶原 昂希,牧 秀悟,佐野 恵太,オースティン,宮﨑 敏郎,山本 祐大,桑原 将志,林 琢真,東 克樹
DeNA,8月8日(木),蝦名 達夫,牧 秀悟,佐野 恵太,オースティン,宮﨑 敏郎,山本 祐大,桑原 将志,京田 陽太,ジャクソン
DeNA,8月9日(金),桑原 将志,梶原 昂希,佐野 恵太,オースティン,牧 秀悟,山本 祐大,京田 陽太,林 琢真,石田 裕太郎
DeNA,8月10日(土),桑原 将志,梶原 昂希,佐野 恵太,オースティン,宮﨑 敏郎,牧 秀悟,松尾 汐恩,西浦 直亨,大貫 晋一
DeNA,8月11日(日),桑原 将志,梶原 昂希,佐野 恵太,オースティン,宮﨑 敏郎,牧 秀悟,山本 祐大,林 琢真,ケイ
DeNA,8月12日(月),桑原 将志,梶原 昂希,佐野 恵太,オースティン,宮﨑 敏郎,牧 秀悟,山本 祐大,西浦 直亨,森 唯斗
DeNA,8月13日(火),梶原 昂希,桑原 将志,佐野 恵太,オースティン,牧 秀悟,山本 祐大,京田 陽太,林 琢真,東 克樹
DeNA,8月14日(水),梶原 昂希,桑原 将志,佐野 恵太,オースティン,牧 秀悟,山本 祐大,京田 陽太,林 琢真,ジャクソン
DeNA,8月17日(土),梶原 昂希,桑原 将志,佐野 恵太,オースティン,牧 秀悟,山本 祐大,京田 陽太,林 琢真,石田 裕太郎
DeNA,8月18日(日),梶原 昂希,桑原 将志,佐野 恵太,オースティン,牧 秀悟,山本 祐大,京田 陽太,林 琢真,ケイ
DeNA,8月20日(火),梶原 昂希,桑原 将志,佐野 恵太,オースティン,牧 秀悟,戸柱 恭孝,京田 陽太,林 琢真,大貫 晋一
DeNA,8月21日(水),梶原 昂希,蝦名 達夫,佐野 恵太,オースティン,牧 秀悟,宮﨑 敏郎,山本 祐大,京田 陽太,東 克樹
DeNA,8月22日(木),梶原 昂希,蝦名 達夫,佐野 恵太,オースティン,牧 秀悟,宮﨑 敏郎,山本 祐大,京田 陽太,ジャクソン
DeNA,8月23日(金),梶原 昂希,桑原 将志,佐野 恵太,オースティン,牧 秀悟,宮﨑 敏郎,山本 祐大,林 琢真,吉野 光樹
DeNA,8月24日(土),梶原 昂希,桑原 将志,佐野 恵太,オースティン,牧 秀悟,宮﨑 敏郎,伊藤 光,西浦 直亨,石田 裕太郎
DeNA,8月25日(日),梶原 昂希,蝦名 達夫,佐野 恵太,オースティン,牧 秀悟,宮﨑 敏郎,山本 祐大,林 琢真,ケイ
DeNA,8月27日(火),梶原 昂希,蝦名 達夫,佐野 恵太,オースティン,牧 秀悟,宮﨑 敏郎,山本 祐大,林 琢真,大貫 晋一
DeNA,8月28日(水),梶原 昂希,蝦名 達夫,佐野 恵太,オースティン,牧 秀悟,宮﨑 敏郎,山本 祐大,林 琢真,東 克樹
DeNA,9月3日(火),梶原 昂希,蝦名 達夫,佐野 恵太,オースティン,牧 秀悟,宮﨑 敏郎,山本 祐大,林 琢真,東 克樹
DeNA,9月4日(水),梶原 昂希,蝦名 達夫,佐野 恵太,オースティン,牧 秀悟,宮﨑 敏郎,山本 祐大,林 琢真,ジャクソン
DeNA,9月5日(木),梶原 昂希,蝦名 達夫,佐野 恵太,オースティン,牧 秀悟,宮﨑 敏郎,山本 祐大,京田 陽太,ケイ
DeNA,9月7日(土),梶原 昂希,桑原 将志,佐野 恵太,オースティン,牧 秀悟,宮﨑 敏郎,山本 祐大,京田 陽太,石田 裕太郎
DeNA,9月8日(日),梶原 昂希,蝦名 達夫,佐野 恵太,オースティン,牧 秀悟,宮﨑 敏郎,山本 祐大,京田 陽太,吉野 光樹
DeNA,9月10日(火),神里 和毅,京田 陽太,佐野 恵太,オースティン,牧 秀悟,宮﨑 敏郎,山本 祐大,蝦名 達夫,東 克樹
DeNA,9月11日(水),桑原 将志,牧 秀悟,佐野 恵太,オースティン,宮﨑 敏郎,筒香 嘉智,山本 祐大,京田 陽太,ジャクソン
DeNA,9月13日(金),梶原 昂希,牧 秀悟,佐野 恵太,オースティン,宮﨑 敏郎,山本 祐大,桑原 将志,京田 陽太,ケイ
DeNA,9月14日(土),梶原 昂希,牧 秀悟,佐野 恵太,オースティン,宮﨑 敏郎,山本 祐大,桑原 将志,京田 陽太,石田 裕太郎
DeNA,9月15日(日),梶原 昂希,牧 秀悟,佐野 恵太,オースティン,宮﨑 敏郎,山本 祐大,桑原 将志,森 敬斗,吉野 光樹
DeNA,9月16日(月),梶原 昂希,牧 秀悟,佐野 恵太,オースティン,宮﨑 敏郎,桑原 将志,伊藤 光,森 敬斗,東 克樹
DeNA,9月18日(水),梶原 昂希,牧 秀悟,佐野 恵太,オースティン,宮﨑 敏郎,桑原 将志,戸柱 恭孝,森 敬斗,ジャクソン
DeNA,9月19日(木),梶原 昂希,牧 秀悟,佐野 恵太,オースティン,宮﨑 敏郎,桑原 将志,伊藤 光,森 敬斗,ケイ
DeNA,9月20日(金),梶原 昂希,牧 秀悟,佐野 恵太,オースティン,宮﨑 敏郎,筒香 嘉智,伊藤 光,森 敬斗,森 唯斗
DeNA,9月21日(土),梶原 昂希,牧 秀悟,佐野 恵太,オースティン,戸柱 恭孝,神里 和毅,京田 陽太,森 敬斗,濵口 遥大
DeNA,9月22日(日),梶原 昂希,牧 秀悟,佐野 恵太,オースティン,宮﨑 敏郎,桑原 将志,戸柱 恭孝,森 敬斗,吉野 光樹
DeNA,9月23日(月),梶原 昂希,牧 秀悟,佐野 恵太,オースティン,宮﨑 敏郎,桑原 将志,伊藤 光,森 敬斗,東 克樹
DeNA,9月25日(水),梶原 昂希,牧 秀悟,佐野 恵太,オースティン,宮﨑 敏郎,桑原 将志,戸柱 恭孝,森 敬斗,ジャクソン
DeNA,9月26日(木),梶原 昂希,牧 秀悟,佐野 恵太,オースティン,宮﨑 敏郎,桑原 将志,伊藤 光,森 敬斗,ケイ
DeNA,9月29日(日),梶原 昂希,桑原 将志,佐野 恵太,牧 秀悟,宮﨑 敏郎,筒香 嘉智,伊藤 光,森 敬斗,東 克樹
DeNA,9月30日(月),梶原 昂希,牧 秀悟,佐野 恵太,オースティン,戸柱 恭孝,神里 和毅,京田 陽太,森 敬斗,吉野 光樹
DeNA,10月1日(火),梶原 昂希,牧 秀悟,佐野 恵太,オースティン,宮﨑 敏郎,桑原 将志,戸柱 恭孝,森 敬斗,ジャクソン
DeNA,10月2日(水),梶原 昂希,牧 秀悟,佐野 恵太,オースティン,宮﨑 敏郎,桑原 将志,戸柱 恭孝,森 敬斗,石田 裕太郎
DeNA,10月3日(木),梶原 昂希,牧 秀悟,佐野 恵太,オースティン,宮﨑 敏郎,桑原 将志,森 敬斗,伊藤 光,ケイ
DeNA,10月4日(金),梶原 昂希,桑原 将志,蝦名 達夫,オースティン,戸柱 恭孝,柴田 竜拓,森 敬斗,林 琢真,濵口 遥大
DeNA,10月5日(土),梶原 昂希,牧 秀悟,佐野 恵太,オースティン,松尾 汐恩,蝦名 達夫,知野 直人,森 敬斗,松本 隆之介
DeNA,10月6日(日),梶原 昂希,蝦名 達夫,佐野 恵太,牧 秀悟,宮﨑 敏郎,京田 陽太,伊藤 光,森 敬斗,大貫 晋一
巨人,3月29日(金),佐々木 俊輔,門脇 誠,梶谷 隆幸,岡本 和真,坂本 勇人,大城 卓三,丸 佳浩,吉川 尚輝,戸郷 翔征
巨人,3月30日(土),佐々木 俊輔,門脇 誠,梶谷 隆幸,岡本 和真,坂本 勇人,大城 卓三,丸 佳浩,吉川 尚輝,グリフィン
巨人,3月31日(日),佐々木 俊輔,門脇 誠,長野 久義,岡本 和真,坂本 勇人,大城 卓三,丸 佳浩,吉川 尚輝,高橋 礼
巨人,4月2日(火),萩尾 匡也,門脇 誠,浅野 翔吾,岡本 和真,坂本 勇人,大城 卓三,丸 佳浩,吉川 尚輝,山﨑 伊織
巨人,4月3日(水),萩尾 匡也,門脇 誠,丸 佳浩,岡本 和真,坂本 勇人,大城 卓三,オコエ 瑠偉,吉川 尚輝,メンデス
巨人,4月4日(木),萩尾 匡也,門脇 誠,丸 佳浩,岡本 和真,坂本 勇人,オコエ 瑠偉,小林 誠司,吉川 尚輝,菅野 智之
巨人,4月5日(金),萩尾 匡也,門脇 誠,丸 佳浩,岡本 和真,坂本 勇人,オコエ 瑠偉,大城 卓三,吉川 尚輝,戸郷 翔征
巨人,4月6日(土),浅野 翔吾,門脇 誠,丸 佳浩,岡本 和真,坂本 勇人,長野 久義,大城 卓三,吉川 尚輝,グリフィン
巨人,4月7日(日),吉川 尚輝,門脇 誠,丸 佳浩,岡本 和真,坂本 勇人,大城 卓三,佐々木 俊輔,萩尾 匡也,高橋 礼
巨人,4月9日(火),重信 慎之介,吉川 尚輝,門脇 誠,岡本 和真,坂本 勇人,大城 卓三,佐々木 俊輔,萩尾 匡也,山﨑 伊織
巨人,4月11日(木),萩尾 匡也,吉川 尚輝,門脇 誠,岡本 和真,坂本 勇人,佐々木 俊輔,小林 誠司,松原 聖弥,菅野 智之
巨人,4月12日(金),萩尾 匡也,佐々木 俊輔,門脇 誠,岡本 和真,坂本 勇人,大城 卓三,オコエ 瑠偉,吉川 尚輝,戸郷 翔征
巨人,4月13日(土),萩尾 匡也,佐々木 俊輔,門脇 誠,岡本 和真,坂本 勇人,オコエ 瑠偉,岸田 行倫,吉川 尚輝,堀田 賢慎
巨人,4月14日(日),萩尾 匡也,佐々木 俊輔,門脇 誠,岡本 和真,丸 佳浩,泉口 友汰,小林 誠司,吉川 尚輝,高橋 礼
巨人,4月16日(火),萩尾 匡也,佐々木 俊輔,門脇 誠,岡本 和真,坂本 勇人,オコエ 瑠偉,岸田 行倫,吉川 尚輝,山﨑 伊織
巨人,4月17日(水),萩尾 匡也,佐々木 俊輔,門脇 誠,岡本 和真,坂本 勇人,丸 佳浩,岸田 行倫,吉川 尚輝,赤星 優志
巨人,4月18日(木),オコエ 瑠偉,佐々木 俊輔,門脇 誠,岡本 和真,丸 佳浩,泉口 友汰,小林 誠司,吉川 尚輝,菅野 智之
巨人,4月19日(金),佐々木 俊輔,坂本 勇人,門脇 誠,岡本 和真,丸 佳浩,萩尾 匡也,小林 誠司,吉川 尚輝,戸郷 翔征
巨人,4月20日(土),門脇 誠,オコエ 瑠偉,坂本 勇人,岡本 和真,丸 佳浩,長野 久義,大城 卓三,吉川 尚輝,井上 温大
巨人,4月21日(日),門脇 誠,オコエ 瑠偉,坂本 勇人,岡本 和真,丸 佳浩,佐々木 俊輔,小林 誠司,吉川 尚輝,高橋 礼
巨人,4月23日(火),門脇 誠,オコエ 瑠偉,坂本 勇人,岡本 和真,丸 佳浩,萩尾 匡也,岸田 行倫,吉川 尚輝,山﨑 伊織
巨人,4月24日(水),門脇 誠,オコエ 瑠偉,坂本 勇人,岡本 和真,丸 佳浩,萩尾 匡也,岸田 行倫,吉川 尚輝,赤星 優志
巨人,4月25日(木),門脇 誠,佐々木 俊輔,坂本 勇人,岡本 和真,丸 佳浩,萩尾 匡也,小林 誠司,吉川 尚輝,菅野 智之
巨人,4月26日(金),門脇 誠,佐々木 俊輔,坂本 勇人,岡本 和真,丸 佳浩,大城 卓三,萩尾 匡也,吉川 尚輝,戸郷 翔征
巨人,4月27日(土),長野 久義,門脇 誠,坂本 勇人,岡本 和真,萩尾 匡也,オコエ 瑠偉,大城 卓三,吉川 尚輝,横川 凱
巨人,4月28日(日),丸 佳浩,佐々木 俊輔,吉川 尚輝,岡本 和真,萩尾 匡也,中山 礼都,小林 誠司,門脇 誠,高橋 礼
巨人,4月29日(月),丸 佳浩,佐々木 俊輔,吉川 尚輝,岡本 和真,坂本 勇人,萩尾 匡也,大城 卓三,門脇 誠,グリフィン
巨人,4月30日(火),丸 佳浩,佐々木 俊輔,吉川 尚輝,岡本 和真,坂本 勇人,萩尾 匡也,岸田 行倫,門脇 誠,山﨑 伊織
巨人,5月1日(水),丸 佳浩,佐々木 俊輔,吉川 尚輝,岡本 和真,坂本 勇人,萩尾 匡也,岸田 行倫,門脇 誠,赤星 優志
巨人,5月3日(金),丸 佳浩,増田 大輝,吉川 尚輝,岡本 和真,坂本 勇人,長野 久義,小林 誠司,門脇 誠,戸郷 翔征
巨人,5月4日(土),丸 佳浩,佐々木 俊輔,吉川 尚輝,岡本 和真,坂本 勇人,梶谷 隆幸,小林 誠司,門脇 誠,菅野 智之
巨人,5月5日(日),丸 佳浩,佐々木 俊輔,吉川 尚輝,岡本 和真,坂本 勇人,梶谷 隆幸,小林 誠司,門脇 誠,高橋 礼
巨人,5月6日(月),丸 佳浩,佐々木 俊輔,吉川 尚輝,岡本 和真,萩尾 匡也,門脇 誠,小林 誠司,中山 礼都,横川 凱
巨人,5月7日(火),丸 佳浩,佐々木 俊輔,吉川 尚輝,岡本 和真,坂本 勇人,萩尾 匡也,岸田 行倫,門脇 誠,山﨑 伊織
巨人,5月8日(水),丸 佳浩,萩尾 匡也,吉川 尚輝,岡本 和真,坂本 勇人,長野 久義,岸田 行倫,門脇 誠,堀田 賢慎
巨人,5月10日(金),丸 佳浩,佐々木 俊輔,吉川 尚輝,岡本 和真,坂本 勇人,秋広 優人,小林 誠司,門脇 誠,戸郷 翔征
巨人,5月11日(土),丸 佳浩,佐々木 俊輔,吉川 尚輝,岡本 和真,坂本 勇人,秋広 優人,小林 誠司,門脇 誠,菅野 智之
巨人,5月12日(日),丸 佳浩,佐々木 俊輔,吉川 尚輝,岡本 和真,坂本 勇人,秋広 優人,小林 誠司,門脇 誠,高橋 礼
巨人,5月14日(火),丸 佳浩,オコエ 瑠偉,吉川 尚輝,岡本 和真,坂本 勇人,長野 久義,岸田 行倫,門脇 誠,山﨑 伊織
巨人,5月15日(水),萩尾 匡也,オコエ 瑠偉,吉川 尚輝,岡本 和真,坂本 勇人,長野 久義,岸田 行倫,門脇 誠,堀田 賢慎
巨人,5月17日(金),丸 佳浩,佐々木 俊輔,吉川 尚輝,岡本 和真,坂本 勇人,萩尾 匡也,小林 誠司,門脇 誠,戸郷 翔征
巨人,5月18日(土),丸 佳浩,オコエ 瑠偉,吉川 尚輝,岡本 和真,坂本 勇人,秋広 優人,岸田 行倫,泉口 友汰,赤星 優志
巨人,5月19日(日),丸 佳浩,泉口 友汰,吉川 尚輝,岡本 和真,坂本 勇人,萩尾 匡也,小林 誠司,佐々木 俊輔,高橋 礼
巨人,5月21日(火),丸 佳浩,立岡 宗一郎,吉川 尚輝,岡本 和真,坂本 勇人,岸田 行倫,萩尾 匡也,門脇 誠,山﨑 伊織
巨人,5月22日(水),丸 佳浩,坂本 勇人,吉川 尚輝,岡本 和真,岸田 行倫,長野 久義,萩尾 匡也,泉口 友汰,堀田 賢慎
巨人,5月24日(金),丸 佳浩,坂本 勇人,吉川 尚輝,岡本 和真,長野 久義,岸田 行倫,オコエ 瑠偉,泉口 友汰,戸郷 翔征
巨人,5月25日(土),丸 佳浩,坂本 勇人,吉川 尚輝,岡本 和真,立岡 宗一郎,岸田 行倫,オコエ 瑠偉,泉口 友汰,赤星 優志
巨人,5月26日(日),丸 佳浩,坂本 勇人,吉川 尚輝,岡本 和真,長野 久義,泉口 友汰,小林 誠司,萩尾 匡也,菅野 智之
巨人,5月28日(火),丸 佳浩,オコエ 瑠偉,吉川 尚輝,岡本 和真,坂本 勇人,岸田 行倫,ヘルナンデス,泉口 友汰,山﨑 伊織
巨人,5月29日(水),丸 佳浩,ヘルナンデス,吉川 尚輝,岡本 和真,坂本 勇人,岸田 行倫,長野 久義,泉口 友汰,堀田 賢慎
巨人,5月30日(木),丸 佳浩,ヘルナンデス,吉川 尚輝,岡本 和真,坂本 勇人,泉口 友汰,岸田 行倫,立岡 宗一郎,高橋 礼
巨人,5月31日(金),丸 佳浩,ヘルナンデス,吉川 尚輝,岡本 和真,坂本 勇人,大城 卓三,泉口 友汰,岸田 行倫,立岡 宗一郎
巨人,6月1日(土),丸 佳浩,ヘルナンデス,吉川 尚輝,岡本 和真,大城 卓三,泉口 友汰,ウレーニャ,小林 誠司,立岡 宗一郎
巨人,6月2日(日),丸 佳浩,ヘルナンデス,吉川 尚輝,岡本 和真,大城 卓三,泉口 友汰,秋広 優人,小林 誠司,立岡 宗一郎
巨人,6月4日(火),丸 佳浩,ヘルナンデス,吉川 尚輝,岡本 和真,坂本 勇人,立岡 宗一郎,岸田 行倫,泉口 友汰,山﨑 伊織
巨人,6月5日(水),丸 佳浩,ヘルナンデス,吉川 尚輝,岡本 和真,坂本 勇人,立岡 宗一郎,岸田 行倫,泉口 友汰,堀田 賢慎
巨人,6月6日(木),丸 佳浩,ヘルナンデス,吉川 尚輝,岡本 和真,坂本 勇人,立岡 宗一郎,大城 卓三,門脇 誠,井上 温大
巨人,6月7日(金),丸 佳浩,ヘルナンデス,吉川 尚輝,岡本 和真,秋広 優人,立岡 宗一郎,岸田 行倫,泉口 友汰,戸郷 翔征
巨人,6月8日(土),丸 佳浩,ヘルナンデス,吉川 尚輝,岡本 和真,坂本 勇人,立岡 宗一郎,大城 卓三,泉口 友汰,グリフィン
巨人,6月9日(日),丸 佳浩,ヘルナンデス,吉川 尚輝,岡本 和真,坂本 勇人,長野 久義,小林 誠司,泉口 友汰,菅野 智之
巨人,6月11日(火),丸 佳浩,ヘルナンデス,吉川 尚輝,岡本 和真,坂本 勇人,大城 卓三,立岡 宗一郎,岸田 行倫,泉口 友汰
巨人,6月12日(水),丸 佳浩,坂本 勇人,吉川 尚輝,岡本 和真,ヘルナンデス,大城 卓三,立岡 宗一郎,岸田 行倫,泉口 友汰
巨人,6月13日(木),丸 佳浩,ヘルナンデス,吉川 尚輝,岡本 和真,岸田 行倫,長野 久義,泉口 友汰,萩尾 匡也,増田 陸
巨人,6月14日(金),丸 佳浩,増田 大輝,ヘルナンデス,岡本 和真,萩尾 匡也,吉川 尚輝,坂本 勇人,岸田 行倫,泉口 友汰
巨人,6月15日(土),丸 佳浩,門脇 誠,ヘルナンデス,岡本 和真,萩尾 匡也,吉川 尚輝,坂本 勇人,岸田 行倫,泉口 友汰
巨人,6月16日(日),丸 佳浩,岸田 行倫,ヘルナンデス,岡本 和真,萩尾 匡也,吉川 尚輝,坂本 勇人,小林 誠司,泉口 友汰
巨人,6月21日(金),丸 佳浩,立岡 宗一郎,ヘルナンデス,岡本 和真,吉川 尚輝,坂本 勇人,岸田 行倫,泉口 友汰,戸郷 翔征
巨人,6月22日(土),丸 佳浩,門脇 誠,ヘルナンデス,岡本 和真,岸田 行倫,吉川 尚輝,坂本 勇人,萩尾 匡也,グリフィン
巨人,6月23日(日),丸 佳浩,佐々木 俊輔,ヘルナンデス,岡本 和真,大城 卓三,吉川 尚輝,岸田 行倫,泉口 友汰,又木 鉄平
巨人,6月25日(火),丸 佳浩,佐々木 俊輔,ヘルナンデス,岡本 和真,大城 卓三,吉川 尚輝,岸田 行倫,門脇 誠,山﨑 伊織
巨人,6月27日(木),丸 佳浩,吉川 尚輝,ヘルナンデス,岡本 和真,大城 卓三,岸田 行倫,立岡 宗一郎,門脇 誠,井上 温大
巨人,6月28日(金),丸 佳浩,吉川 尚輝,ヘルナンデス,岡本 和真,大城 卓三,岸田 行倫,立岡 宗一郎,門脇 誠,戸郷 翔征
巨人,6月29日(土),丸 佳浩,吉川 尚輝,ヘルナンデス,岡本 和真,大城 卓三,岸田 行倫,佐々木 俊輔,門脇 誠,グリフィン
巨人,6月30日(日),丸 佳浩,吉川 尚輝,ヘルナンデス,岡本 和真,大城 卓三,若林 楽人,小林 誠司,門脇 誠,菅野 智之
巨人,7月2日(火),丸 佳浩,吉川 尚輝,ヘルナンデス,岡本 和真,大城 卓三,岸田 行倫,若林 楽人,門脇 誠,山﨑 伊織
巨人,7月3日(水),丸 佳浩,吉川 尚輝,ヘルナンデス,岡本 和真,大城 卓三,岸田 行倫,若林 楽人,泉口 友汰,井上 温大
巨人,7月5日(金),丸 佳浩,吉川 尚輝,ヘルナンデス,岡本 和真,大城 卓三,立岡 宗一郎,岸田 行倫,泉口 友汰,戸郷 翔征
巨人,7月6日(土),丸 佳浩,吉川 尚輝,ヘルナンデス,岡本 和真,大城 卓三,岸田 行倫,萩尾 匡也,泉口 友汰,グリフィン
巨人,7月7日(日),丸 佳浩,吉川 尚輝,ヘルナンデス,岡本 和真,大城 卓三,泉口 友汰,小林 誠司,佐々木 俊輔,菅野 智之
巨人,7月9日(火),丸 佳浩,吉川 尚輝,ヘルナンデス,岡本 和真,大城 卓三,岸田 行倫,泉口 友汰,佐々木 俊輔,山﨑 伊織
巨人,7月12日(金),丸 佳浩,吉川 尚輝,ヘルナンデス,岡本 和真,大城 卓三,坂本 勇人,若林 楽人,門脇 誠,戸郷 翔征
巨人,7月13日(土),丸 佳浩,吉川 尚輝,ヘルナンデス,岡本 和真,大城 卓三,岸田 行倫,若林 楽人,門脇 誠,グリフィン
巨人,7月14日(日),丸 佳浩,吉川 尚輝,ヘルナンデス,岡本 和真,大城 卓三,若林 楽人,小林 誠司,門脇 誠,菅野 智之
巨人,7月15日(月),丸 佳浩,吉川 尚輝,ヘルナンデス,岡本 和真,大城 卓三,岸田 行倫,門脇 誠,佐々木 俊輔,赤星 優志
巨人,7月16日(火),丸 佳浩,吉川 尚輝,ヘルナンデス,岡本 和真,大城 卓三,岸田 行倫,岡田 悠希,門脇 誠,山﨑 伊織
巨人,7月17日(水),丸 佳浩,吉川 尚輝,ヘルナンデス,岡本 和真,大城 卓三,坂本 勇人,岸田 行倫,門脇 誠,井上 温大
巨人,7月19日(金),丸 佳浩,吉川 尚輝,ヘルナンデス,岡本 和真,大城 卓三,坂本 勇人,岡田 悠希,泉口 友汰,戸郷 翔征
巨人,7月20日(土),丸 佳浩,吉川 尚輝,ヘルナンデス,岡本 和真,大城 卓三,坂本 勇人,岸田 行倫,泉口 友汰,グリフィン
巨人,7月21日(日),丸 佳浩,吉川 尚輝,ヘルナンデス,岡本 和真,大城 卓三,若林 楽人,泉口 友汰,小林 誠司,菅野 智之
巨人,7月26日(金),丸 佳浩,吉川 尚輝,ヘルナンデス,岡本 和真,大城 卓三,坂本 勇人,岸田 行倫,泉口 友汰,赤星 優志
巨人,7月27日(土),丸 佳浩,吉川 尚輝,ヘルナンデス,岡本 和真,大城 卓三,モンテス,岸田 行倫,泉口 友汰,井上 温大
巨人,7月28日(日),丸 佳浩,吉川 尚輝,ヘルナンデス,岡本 和真,モンテス,若林 楽人,坂本 勇人,小林 誠司,菅野 智之
巨人,7月30日(火),丸 佳浩,吉川 尚輝,ヘルナンデス,岡本 和真,大城 卓三,モンテス,岸田 行倫,泉口 友汰,山﨑 伊織
巨人,7月31日(水),丸 佳浩,吉川 尚輝,ヘルナンデス,岡本 和真,モンテス,泉口 友汰,岸田 行倫,オコエ 瑠偉,グリフィン
巨人,8月1日(木),丸 佳浩,吉川 尚輝,ヘルナンデス,岡本 和真,大城 卓三,泉口 友汰,岸田 行倫,門脇 誠,戸郷 翔征
巨人,8月2日(金),丸 佳浩,吉川 尚輝,ヘルナンデス,岡本 和真,モンテス,オコエ 瑠偉,岸田 行倫,泉口 友汰,赤星 優志
巨人,8月3日(土),丸 佳浩,吉川 尚輝,ヘルナンデス,岡本 和真,大城 卓三,坂本 勇人,岸田 行倫,泉口 友汰,井上 温大
巨人,8月4日(日),丸 佳浩,吉川 尚輝,ヘルナンデス,岡本 和真,大城 卓三,坂本 勇人,泉口 友汰,小林 誠司,菅野 智之
巨人,8月6日(火),丸 佳浩,吉川 尚輝,ヘルナンデス,岡本 和真,大城 卓三,坂本 勇人,岸田 行倫,泉口 友汰,山﨑 伊織
巨人,8月7日(水),丸 佳浩,吉川 尚輝,ヘルナンデス,岡本 和真,大城 卓三,坂本 勇人,岸田 行倫,モンテス,グリフィン
巨人,8月8日(木),丸 佳浩,吉川 尚輝,ヘルナンデス,岡本 和真,大城 卓三,坂本 勇人,モンテス,立岡 宗一郎,戸郷 翔征
巨人,8月9日(金),丸 佳浩,吉川 尚輝,ヘルナンデス,岡本 和真,大城 卓三,坂本 勇人,モンテス,岸田 行倫,又木 鉄平
巨人,8月10日(土),丸 佳浩,吉川 尚輝,ヘルナンデス,岡本 和真,大城 卓三,岸田 行倫,中山 礼都,門脇 誠,井上 温大
巨人,8月11日(日),丸 佳浩,吉川 尚輝,ヘルナンデス,岡本 和真,大城 卓三,坂本 勇人,門脇 誠,小林 誠司,菅野 智之
巨人,8月12日(月),丸 佳浩,吉川 尚輝,坂本 勇人,岡本 和真,大城 卓三,オコエ 瑠偉,岸田 行倫,門脇 誠,山﨑 伊織
巨人,8月13日(火),丸 佳浩,吉川 尚輝,坂本 勇人,岡本 和真,大城 卓三,長野 久義,岸田 行倫,門脇 誠,グリフィン
巨人,8月14日(水),丸 佳浩,吉川 尚輝,坂本 勇人,岡本 和真,大城 卓三,モンテス,門脇 誠,浅野 翔吾,戸郷 翔征
巨人,8月17日(土),丸 佳浩,吉川 尚輝,モンテス,岡本 和真,大城 卓三,坂本 勇人,門脇 誠,浅野 翔吾,井上 温大
巨人,8月18日(日),丸 佳浩,吉川 尚輝,モンテス,岡本 和真,坂本 勇人,門脇 誠,浅野 翔吾,小林 誠司,菅野 智之
巨人,8月20日(火),丸 佳浩,吉川 尚輝,モンテス,岡本 和真,大城 卓三,坂本 勇人,門脇 誠,浅野 翔吾,山﨑 伊織
巨人,8月21日(水),丸 佳浩,吉川 尚輝,モンテス,岡本 和真,坂本 勇人,門脇 誠,岸田 行倫,浅野 翔吾,グリフィン
巨人,8月22日(木),丸 佳浩,吉川 尚輝,モンテス,岡本 和真,大城 卓三,坂本 勇人,門脇 誠,浅野 翔吾,戸郷 翔征
巨人,8月23日(金),丸 佳浩,吉川 尚輝,モンテス,岡本 和真,大城 卓三,浅野 翔吾,岸田 行倫,門脇 誠,西舘 勇陽
巨人,8月24日(土),丸 佳浩,浅野 翔吾,モンテス,岡本 和真,坂本 勇人,吉川 尚輝,岸田 行倫,門脇 誠,井上 温大
巨人,8月25日(日),丸 佳浩,浅野 翔吾,モンテス,岡本 和真,坂本 勇人,吉川 尚輝,門脇 誠,小林 誠司,菅野 智之
巨人,8月27日(火),丸 佳浩,浅野 翔吾,モンテス,岡本 和真,坂本 勇人,吉川 尚輝,岸田 行倫,門脇 誠,山﨑 伊織
巨人,8月28日(水),丸 佳浩,浅野 翔吾,モンテス,岡本 和真,坂本 勇人,吉川 尚輝,岸田 行倫,門脇 誠,グリフィン
巨人,8月31日(土),丸 佳浩,浅野 翔吾,モンテス,岡本 和真,大城 卓三,吉川 尚輝,泉口 友汰,門脇 誠,戸郷 翔征
巨人,9月1日(日),丸 佳浩,浅野 翔吾,モンテス,岡本 和真,大城 卓三,吉川 尚輝,門脇 誠,小林 誠司,菅野 智之
巨人,9月3日(火),丸 佳浩,浅野 翔吾,モンテス,岡本 和真,大城 卓三,吉川 尚輝,岸田 行倫,門脇 誠,山﨑 伊織
巨人,9月4日(水),丸 佳浩,浅野 翔吾,モンテス,岡本 和真,大城 卓三,吉川 尚輝,岸田 行倫,門脇 誠,グリフィン
巨人,9月5日(木),丸 佳浩,吉川 尚輝,モンテス,岡本 和真,大城 卓三,坂本 勇人,浅野 翔吾,門脇 誠,戸郷 翔征
巨人,9月7日(土),丸 佳浩,吉川 尚輝,モンテス,岡本 和真,大城 卓三,坂本 勇人,浅野 翔吾,門脇 誠,井上 温大
巨人,9月8日(日),丸 佳浩,吉川 尚輝,モンテス,岡本 和真,大城 卓三,秋広 優人,中山 礼都,浅野 翔吾,メンデス
巨人,9月10日(火),丸 佳浩,坂本 勇人,吉川 尚輝,岡本 和真,モンテス,浅野 翔吾,門脇 誠,小林 誠司,菅野 智之
巨人,9月11日(水),丸 佳浩,坂本 勇人,吉川 尚輝,岡本 和真,モンテス,門脇 誠,浅野 翔吾,岸田 行倫,グリフィン
巨人,9月12日(木),オコエ 瑠偉,坂本 勇人,吉川 尚輝,岡本 和真,モンテス,大城 卓三,浅野 翔吾,門脇 誠,戸郷 翔征
巨人,9月13日(金),丸 佳浩,坂本 勇人,吉川 尚輝,岡本 和真,モンテス,浅野 翔吾,門脇 誠,岸田 行倫,山﨑 伊織
巨人,9月14日(土),丸 佳浩,坂本 勇人,吉川 尚輝,岡本 和真,モンテス,大城 卓三,浅野 翔吾,門脇 誠,井上 温大
巨人,9月15日(日),丸 佳浩,モンテス,吉川 尚輝,岡本 和真,大城 卓三,浅野 翔吾,門脇 誠,小林 誠司,菅野 智之
巨人,9月16日(月),丸 佳浩,坂本 勇人,吉川 尚輝,岡本 和真,浅野 翔吾,秋広 優人,門脇 誠,岸田 行倫,赤星 優志
巨人,9月18日(水),丸 佳浩,坂本 勇人,吉川 尚輝,岡本 和真,浅野 翔吾,モンテス,岸田 行倫,門脇 誠,グリフィン
巨人,9月19日(木),丸 佳浩,浅野 翔吾,吉川 尚輝,岡本 和真,大城 卓三,モンテス,坂本 勇人,門脇 誠,戸郷 翔征
巨人,9月20日(金),丸 佳浩,浅野 翔吾,吉川 尚輝,岡本 和真,大城 卓三,坂本 勇人,モンテス,門脇 誠,井上 温大
巨人,9月21日(土),丸 佳浩,浅野 翔吾,吉川 尚輝,岡本 和真,坂本 勇人,岸田 行倫,オコエ 瑠偉,門脇 誠,横川 凱
巨人,9月22日(日),丸 佳浩,浅野 翔吾,吉川 尚輝,岡本 和真,長野 久義,坂本 勇人,門脇 誠,小林 誠司,菅野 智之
巨人,9月23日(月),丸 佳浩,浅野 翔吾,吉川 尚輝,岡本 和真,大城 卓三,モンテス,岸田 行倫,門脇 誠,グリフィン
巨人,9月25日(水),丸 佳浩,浅野 翔吾,吉川 尚輝,岡本 和真,大城 卓三,坂本 勇人,モンテス,門脇 誠,戸郷 翔征
巨人,9月26日(木),丸 佳浩,オコエ 瑠偉,吉川 尚輝,岡本 和真,長野 久義,坂本 勇人,岸田 行倫,門脇 誠,山﨑 伊織
巨人,9月27日(金),丸 佳浩,オコエ 瑠偉,吉川 尚輝,岡本 和真,大城 卓三,中山 礼都,浅野 翔吾,門脇 誠,井上 温大
巨人,9月28日(土),丸 佳浩,オコエ 瑠偉,吉川 尚輝,岡本 和真,坂本 勇人,浅野 翔吾,門脇 誠,小林 誠司,菅野 智之
巨人,9月29日(日),門脇 誠,オコエ 瑠偉,モンテス,岡本 和真,浅野 翔吾,萩尾 匡也,山瀬 慎之助,吉川 尚輝,グリフィン
巨人,10月2日(水),佐々木 俊輔,オコエ 瑠偉,吉川 尚輝,岡本 和真,大城 卓三,モンテス,浅野 翔吾,門脇 誠,山﨑 伊織
中日,3月29日(金),三好 大倫,田中 幹也,高橋 周平,中田 翔,細川 成也,木下 拓哉,ディカーソン,ロドリゲス,柳 裕也
中日,3月30日(土),大島 洋平,田中 幹也,高橋 周平,中田 翔,細川 成也,三好 大倫,木下 拓哉,ロドリゲス,涌井 秀章
中日,3月31日(日),カリステ,上林 誠知,細川 成也,中田 翔,高橋 周平,田中 幹也,宇佐見 真吾,ロドリゲス,メヒア
中日,4月2日(火),三好 大倫,田中 幹也,高橋 周平,中田 翔,細川 成也,上林 誠知,木下 拓哉,村松 開人,小笠原 慎之介
中日,4月3日(水),三好 大倫,田中 幹也,高橋 周平,中田 翔,細川 成也,上林 誠知,木下 拓哉,村松 開人,大野 雄大
中日,4月4日(木),三好 大倫,田中 幹也,高橋 周平,中田 翔,細川 成也,上林 誠知,木下 拓哉,村松 開人,梅津 晃大
中日,4月5日(金),三好 大倫,大島 洋平,高橋 周平,中田 翔,細川 成也,村松 開人,加藤 匠馬,ロドリゲス,柳 裕也
中日,4月6日(土),三好 大倫,田中 幹也,高橋 周平,中田 翔,細川 成也,上林 誠知,加藤 匠馬,ロドリゲス,涌井 秀章
中日,4月7日(日),三好 大倫,田中 幹也,高橋 周平,細川 成也,カリステ,上林 誠知,宇佐見 真吾,ロドリゲス,メヒア
中日,4月9日(火),三好 大倫,田中 幹也,高橋 周平,中田 翔,細川 成也,上林 誠知,木下 拓哉,村松 開人,小笠原 慎之介
中日,4月10日(水),三好 大倫,田中 幹也,高橋 周平,中田 翔,細川 成也,上林 誠知,木下 拓哉,村松 開人,松葉 貴大
中日,4月12日(金),三好 大倫,田中 幹也,高橋 周平,中田 翔,細川 成也,大島 洋平,加藤 匠馬,村松 開人,柳 裕也
中日,4月13日(土),三好 大倫,田中 幹也,高橋 周平,中田 翔,細川 成也,上林 誠知,宇佐見 真吾,山本 泰寛,メヒア
中日,4月14日(日),大島 洋平,田中 幹也,高橋 周平,中田 翔,細川 成也,上林 誠知,木下 拓哉,山本 泰寛,梅津 晃大
中日,4月16日(火),三好 大倫,田中 幹也,高橋 周平,中田 翔,細川 成也,カリステ,木下 拓哉,山本 泰寛,小笠原 慎之介
中日,4月17日(水),三好 大倫,田中 幹也,上林 誠知,中田 翔,細川 成也,カリステ,村松 開人,加藤 匠馬,涌井 秀章
中日,4月18日(木),三好 大倫,田中 幹也,カリステ,中田 翔,細川 成也,上林 誠知,山本 泰寛,加藤 匠馬,柳 裕也
中日,4月19日(金),岡林 勇希,山本 泰寛,上林 誠知,細川 成也,宇佐見 真吾,カリステ,村松 開人,ロドリゲス,メヒア
中日,4月20日(土),岡林 勇希,田中 幹也,カリステ,中田 翔,細川 成也,山本 泰寛,上林 誠知,加藤 匠馬,大野 雄大
中日,4月21日(日),岡林 勇希,田中 幹也,カリステ,中田 翔,細川 成也,上林 誠知,木下 拓哉,山本 泰寛,松葉 貴大
中日,4月23日(火),三好 大倫,田中 幹也,カリステ,中田 翔,細川 成也,岡林 勇希,木下 拓哉,山本 泰寛,小笠原 慎之介
中日,4月24日(水),三好 大倫,田中 幹也,カリステ,中田 翔,細川 成也,岡林 勇希,木下 拓哉,山本 泰寛,涌井 秀章
中日,4月25日(木),岡林 勇希,田中 幹也,カリステ,中田 翔,細川 成也,上林 誠知,加藤 匠馬,村松 開人,柳 裕也
中日,4月27日(土),岡林 勇希,田中 幹也,カリステ,中田 翔,細川 成也,上林 誠知,木下 拓哉,村松 開人,梅津 晃大
中日,4月28日(日),岡林 勇希,田中 幹也,カリステ,中田 翔,細川 成也,上林 誠知,木下 拓哉,村松 開人,髙橋 宏斗
中日,4月29日(月),岡林 勇希,山本 泰寛,カリステ,中田 翔,細川 成也,上林 誠知,木下 拓哉,村松 開人,松葉 貴大
中日,4月30日(火),岡林 勇希,山本 泰寛,カリステ,中田 翔,細川 成也,上林 誠知,木下 拓哉,村松 開人,小笠原 慎之介
中日,5月1日(水),田中 幹也,山本 泰寛,カリステ,細川 成也,石川 昂弥,福永 裕基,上林 誠知,木下 拓哉,涌井 秀章
中日,5月3日(金),大島 洋平,田中 幹也,カリステ,中田 翔,細川 成也,三好 大倫,宇佐見 真吾,村松 開人,メヒア
中日,5月4日(土),大島 洋平,村松 開人,細川 成也,中田 翔,石川 昂弥,山本 泰寛,岡林 勇希,木下 拓哉,柳 裕也
中日,5月5日(日),大島 洋平,村松 開人,カリステ,細川 成也,石川 昂弥,板山 祐太郎,宇佐見 真吾,岡林 勇希,髙橋 宏斗
中日,5月6日(月),福永 裕基,村松 開人,石川 昂弥,細川 成也,中田 翔,山本 泰寛,宇佐見 真吾,尾田 剛樹,梅津 晃大
中日,5月7日(火),大島 洋平,村松 開人,石川 昂弥,細川 成也,中田 翔,岡林 勇希,木下 拓哉,田中 幹也,涌井 秀章
中日,5月8日(水),大島 洋平,田中 幹也,福永 裕基,細川 成也,中田 翔,石川 昂弥,宇佐見 真吾,村松 開人,小笠原 慎之介
中日,5月10日(金),岡林 勇希,村松 開人,カリステ,細川 成也,中田 翔,石川 昂弥,山本 泰寛,木下 拓哉,松葉 貴大
中日,5月11日(土),岡林 勇希,大島 洋平,カリステ,細川 成也,中田 翔,村松 開人,山本 泰寛,柳 裕也,加藤 匠馬
中日,5月14日(火),岡林 勇希,田中 幹也,カリステ,細川 成也,中田 翔,石川 昂弥,村松 開人,加藤 匠馬,髙橋 宏斗
中日,5月15日(水),岡林 勇希,田中 幹也,カリステ,細川 成也,中田 翔,石川 昂弥,山本 泰寛,加藤 匠馬,小笠原 慎之介
中日,5月16日(木),岡林 勇希,田中 幹也,大島 洋平,細川 成也,石川 昂弥,ビシエド,村松 開人,木下 拓哉,梅津 晃大
中日,5月17日(金),岡林 勇希,山本 泰寛,カリステ,細川 成也,石川 昂弥,ビシエド,村松 開人,木下 拓哉,涌井 秀章
中日,5月18日(土),岡林 勇希,三好 大倫,福永 裕基,細川 成也,板山 祐太郎,ビシエド,村松 開人,石橋 康太,松葉 貴大
中日,5月19日(日),村松 開人,山本 泰寛,福永 裕基,細川 成也,板山 祐太郎,カリステ,岡林 勇希,柳 裕也,加藤 匠馬
中日,5月21日(火),村松 開人,福永 裕基,上林 誠知,細川 成也,ビシエド,岡林 勇希,田中 幹也,木下 拓哉,髙橋 宏斗
中日,5月22日(水),村松 開人,田中 幹也,福永 裕基,細川 成也,カリステ,ビシエド,岡林 勇希,加藤 匠馬,小笠原 慎之介
中日,5月24日(金),村松 開人,田中 幹也,福永 裕基,細川 成也,カリステ,ディカーソン,岡林 勇希,木下 拓哉,涌井 秀章
中日,5月25日(土),村松 開人,田中 幹也,福永 裕基,細川 成也,ディカーソン,カリステ,岡林 勇希,木下 拓哉,メヒア
中日,5月26日(日),村松 開人,田中 幹也,石川 昂弥,細川 成也,ディカーソン,ビシエド,岡林 勇希,石橋 康太,仲地 礼亜
中日,5月28日(火),村松 開人,田中 幹也,石川 昂弥,細川 成也,ディカーソン,中田 翔,木下 拓哉,岡林 勇希,髙橋 宏斗
中日,5月29日(水),村松 開人,田中 幹也,ディカーソン,細川 成也,中田 翔,石川 昂弥,木下 拓哉,岡林 勇希,小笠原 慎之介
中日,5月30日(木),岡林 勇希,福永 裕基,ディカーソン,細川 成也,中田 翔,村松 開人,田中 幹也,柳 裕也,加藤 匠馬
中日,5月31日(金),村松 開人,大島 洋平,福永 裕基,細川 成也,ディカーソン,カリステ,岡林 勇希,木下 拓哉,田中 幹也
中日,6月1日(土),村松 開人,田中 幹也,福永 裕基,細川 成也,ディカーソン,ビシエド,石川 昂弥,石橋 康太,岡林 勇希
中日,6月2日(日),村松 開人,田中 幹也,福永 裕基,細川 成也,中田 翔,ビシエド,ディカーソン,石橋 康太,岡林 勇希
中日,6月4日(火),村松 開人,岡林 勇希,福永 裕基,細川 成也,中田 翔,ディカーソン,山本 泰寛,加藤 匠馬,髙橋 宏斗
中日,6月5日(水),福永 裕基,村松 開人,ディカーソン,細川 成也,中田 翔,山本 泰寛,宇佐見 真吾,岡林 勇希,小笠原 慎之介
中日,6月6日(木),村松 開人,岡林 勇希,福永 裕基,細川 成也,ディカーソン,ビシエド,宇佐見 真吾,田中 幹也,柳 裕也
中日,6月7日(金),村松 開人,岡林 勇希,福永 裕基,細川 成也,カリステ,ビシエド,田中 幹也,加藤 匠馬,涌井 秀章
中日,6月8日(土),村松 開人,山本 泰寛,福永 裕基,細川 成也,カリステ,ディカーソン,宇佐見 真吾,岡林 勇希,メヒア
中日,6月9日(日),カリステ,岡林 勇希,福永 裕基,細川 成也,ディカーソン,板山 祐太郎,宇佐見 真吾,村松 開人,松葉 貴大
中日,6月11日(火),カリステ,岡林 勇希,福永 裕基,細川 成也,中田 翔,ブライト 健太,宇佐見 真吾,田中 幹也,村松 開人
中日,6月12日(水),カリステ,岡林 勇希,福永 裕基,細川 成也,中田 翔,村松 開人,ブライト 健太,田中 幹也,加藤 匠馬
中日,6月13日(木),カリステ,板山 祐太郎,高橋 周平,細川 成也,ディカーソン,中田 翔,宇佐見 真吾,山本 泰寛,岡林 勇希
中日,6月14日(金),カリステ,福永 裕基,高橋 周平,細川 成也,板山 祐太郎,中田 翔,村松 開人,宇佐見 真吾,岡林 勇希
中日,6月15日(土),カリステ,ディカーソン,高橋 周平,細川 成也,板山 祐太郎,中田 翔,村松 開人,宇佐見 真吾,岡林 勇希
中日,6月16日(日),大島 洋平,田中 幹也,カリステ,細川 成也,高橋 周平,板山 祐太郎,山本 泰寛,宇佐見 真吾,岡林 勇希
中日,6月21日(金),カリステ,田中 幹也,高橋 周平,細川 成也,中田 翔,ディカーソン,宇佐見 真吾,村松 開人,髙橋 宏斗
中日,6月22日(土),カリステ,田中 幹也,高橋 周平,細川 成也,中田 翔,ディカーソン,宇佐見 真吾,村松 開人,メヒア
中日,6月23日(日),カリステ,板山 祐太郎,高橋 周平,細川 成也,ディカーソン,福永 裕基,宇佐見 真吾,村松 開人,松葉 貴大
中日,6月25日(火),カリステ,田中 幹也,板山 祐太郎,細川 成也,ディカーソン,福永 裕基,加藤 匠馬,龍空,小笠原 慎之介
中日,6月26日(水),カリステ,田中 幹也,板山 祐太郎,細川 成也,石川 昂弥,福永 裕基,宇佐見 真吾,山本 泰寛,涌井 秀章
中日,6月27日(木),カリステ,田中 幹也,板山 祐太郎,細川 成也,石川 昂弥,福永 裕基,宇佐見 真吾,龍空,梅津 晃大
中日,6月28日(金),福永 裕基,田中 幹也,細川 成也,カリステ,板山 祐太郎,ディカーソン,木下 拓哉,龍空,髙橋 宏斗
中日,6月29日(土),福永 裕基,龍空,細川 成也,カリステ,板山 祐太郎,高橋 周平,ディカーソン,木下 拓哉,大野 雄大
中日,6月30日(日),福永 裕基,田中 幹也,細川 成也,カリステ,板山 祐太郎,石川 昂弥,木下 拓哉,ロドリゲス,松葉 貴大
中日,7月2日(火),福永 裕基,田中 幹也,細川 成也,カリステ,板山 祐太郎,石川 昂弥,木下 拓哉,ロドリゲス,小笠原 慎之介
中日,7月3日(水),福永 裕基,田中 幹也,細川 成也,カリステ,板山 祐太郎,石川 昂弥,木下 拓哉,ロドリゲス,涌井 秀章
中日,7月5日(金),岡林 勇希,田中 幹也,細川 成也,カリステ,福永 裕基,石川 昂弥,加藤 匠馬,ロドリゲス,髙橋 宏斗
中日,7月6日(土),岡林 勇希,田中 幹也,福永 裕基,細川 成也,板山 祐太郎,石川 昂弥,加藤 匠馬,ロドリゲス,梅津 晃大
中日,7月7日(日),岡林 勇希,田中 幹也,福永 裕基,細川 成也,カリステ,石川 昂弥,木下 拓哉,ロドリゲス,松葉 貴大
中日,7月9日(火),岡林 勇希,田中 幹也,福永 裕基,細川 成也,カリステ,板山 祐太郎,加藤 匠馬,ロドリゲス,小笠原 慎之介
中日,7月10日(水),岡林 勇希,山本 泰寛,福永 裕基,細川 成也,カリステ,板山 祐太郎,石橋 康太,ロドリゲス,松木平 優太
中日,7月11日(木),岡林 勇希,福永 裕基,板山 祐太郎,細川 成也,カリステ,高橋 周平,石橋 康太,ロドリゲス,メヒア
中日,7月12日(金),岡林 勇希,田中 幹也,板山 祐太郎,福永 裕基,高橋 周平,細川 成也,加藤 匠馬,ロドリゲス,髙橋 宏斗
中日,7月13日(土),岡林 勇希,山本 泰寛,カリステ,福永 裕基,細川 成也,高橋 周平,板山 祐太郎,加藤 匠馬,涌井 秀章
中日,7月14日(日),岡林 勇希,山本 泰寛,カリステ,福永 裕基,細川 成也,高橋 周平,板山 祐太郎,木下 拓哉,松葉 貴大
中日,7月15日(月),板山 祐太郎,岡林 勇希,カリステ,福永 裕基,高橋 周平,細川 成也,ロドリゲス,加藤 匠馬,梅津 晃大
中日,7月16日(火),岡林 勇希,田中 幹也,カリステ,福永 裕基,細川 成也,石川 昂弥,木下 拓哉,ロドリゲス,小笠原 慎之介
中日,7月19日(金),カリステ,後藤 駿太,福永 裕基,中田 翔,細川 成也,板山 祐太郎,山本 泰寛,加藤 匠馬,髙橋 宏斗
中日,7月20日(土),カリステ,田中 幹也,福永 裕基,中田 翔,細川 成也,後藤 駿太,山本 泰寛,加藤 匠馬,メヒア
中日,7月21日(日),カリステ,後藤 駿太,高橋 周平,中田 翔,細川 成也,板山 祐太郎,木下 拓哉,龍空,松葉 貴大
中日,7月26日(金),福永 裕基,田中 幹也,細川 成也,中田 翔,カリステ,岡林 勇希,龍空,加藤 匠馬,小笠原 慎之介
中日,7月27日(土),福永 裕基,田中 幹也,細川 成也,中田 翔,カリステ,高橋 周平,加藤 匠馬,龍空,メヒア
中日,7月28日(日),大島 洋平,後藤 駿太,カリステ,細川 成也,高橋 周平,板山 祐太郎,木下 拓哉,龍空,松葉 貴大
中日,7月30日(火),村松 開人,福永 裕基,高橋 周平,細川 成也,板山 祐太郎,ディカーソン,加藤 匠馬,岡林 勇希,髙橋 宏斗
中日,7月31日(水),村松 開人,福永 裕基,高橋 周平,細川 成也,ディカーソン,板山 祐太郎,加藤 匠馬,岡林 勇希,松木平 優太
中日,8月1日(木),村松 開人,福永 裕基,高橋 周平,細川 成也,板山 祐太郎,ディカーソン,加藤 匠馬,岡林 勇希,梅津 晃大
中日,8月2日(金),村松 開人,福永 裕基,高橋 周平,細川 成也,カリステ,板山 祐太郎,岡林 勇希,加藤 匠馬,小笠原 慎之介
中日,8月3日(土),村松 開人,福永 裕基,カリステ,細川 成也,中田 翔,板山 祐太郎,岡林 勇希,木下 拓哉,大野 雄大
中日,8月4日(日),村松 開人,福永 裕基,カリステ,細川 成也,中田 翔,ディカーソン,田中 幹也,石橋 康太,根尾 昂
中日,8月6日(火),村松 開人,福永 裕基,カリステ,細川 成也,ディカーソン,石川 昂弥,龍空,加藤 匠馬,髙橋 宏斗
中日,8月7日(水),大島 洋平,福永 裕基,カリステ,細川 成也,石川 昂弥,村松 開人,木下 拓哉,板山 祐太郎,松木平 優太
中日,8月8日(木),岡林 勇希,福永 裕基,カリステ,細川 成也,板山 祐太郎,石川 昂弥,龍空,木下 拓哉,松葉 貴大
中日,8月9日(金),岡林 勇希,福永 裕基,カリステ,細川 成也,石川 昂弥,村松 開人,木下 拓哉,田中 幹也,小笠原 慎之介
中日,8月10日(土),岡林 勇希,福永 裕基,カリステ,細川 成也,石川 昂弥,村松 開人,宇佐見 真吾,田中 幹也,メヒア
中日,8月11日(日),岡林 勇希,福永 裕基,カリステ,細川 成也,石川 昂弥,村松 開人,木下 拓哉,板山 祐太郎,大野 雄大
中日,8月12日(月),岡林 勇希,福永 裕基,カリステ,細川 成也,石川 昂弥,村松 開人,木下 拓哉,石垣 雅海,梅津 晃大
中日,8月13日(火),岡林 勇希,福永 裕基,カリステ,細川 成也,石川 昂弥,村松 開人,木下 拓哉,田中 幹也,髙橋 宏斗
中日,8月14日(水),村松 開人,岡林 勇希,カリステ,細川 成也,石川 昂弥,福永 裕基,木下 拓哉,龍空,松木平 優太
中日,8月16日(金),岡林 勇希,村松 開人,川越 誠司,細川 成也,石川 昂弥,高橋 周平,木下 拓哉,田中 幹也,小笠原 慎之介
中日,8月17日(土),岡林 勇希,山本 泰寛,川越 誠司,細川 成也,石川 昂弥,高橋 周平,宇佐見 真吾,村松 開人,メヒア
中日,8月18日(日),ブライト 健太,岡林 勇希,高橋 周平,細川 成也,石川 昂弥,山本 泰寛,木下 拓哉,村松 開人,大野 雄大
中日,8月20日(火),岡林 勇希,山本 泰寛,高橋 周平,細川 成也,川越 誠司,石川 昂弥,木下 拓哉,村松 開人,髙橋 宏斗
中日,8月21日(水),岡林 勇希,山本 泰寛,川越 誠司,細川 成也,福永 裕基,石川 昂弥,木下 拓哉,村松 開人,松木平 優太
中日,8月22日(木),福永 裕基,岡林 勇希,川越 誠司,細川 成也,石川 昂弥,宇佐見 真吾,村松 開人,田中 幹也,松葉 貴大
中日,8月23日(金),福永 裕基,岡林 勇希,川越 誠司,細川 成也,石川 昂弥,宇佐見 真吾,村松 開人,田中 幹也,福谷 浩司
中日,8月24日(土),岡林 勇希,山本 泰寛,川越 誠司,細川 成也,石川 昂弥,宇佐見 真吾,村松 開人,田中 幹也,柳 裕也
中日,8月25日(日),岡林 勇希,村松 開人,川越 誠司,細川 成也,石川 昂弥,高橋 周平,木下 拓哉,田中 幹也,大野 雄大
中日,8月27日(火),岡林 勇希,田中 幹也,細川 成也,川越 誠司,カリステ,石川 昂弥,村松 開人,加藤 匠馬,髙橋 宏斗
中日,8月28日(水),岡林 勇希,山本 泰寛,細川 成也,川越 誠司,カリステ,石川 昂弥,村松 開人,加藤 匠馬,小笠原 慎之介
中日,8月29日(木),岡林 勇希,福永 裕基,カリステ,細川 成也,宇佐見 真吾,石川 昂弥,村松 開人,田中 幹也,松葉 貴大
中日,9月3日(火),岡林 勇希,福永 裕基,カリステ,細川 成也,石川 昂弥,村松 開人,田中 幹也,加藤 匠馬,髙橋 宏斗
中日,9月4日(水),岡林 勇希,福永 裕基,カリステ,細川 成也,宇佐見 真吾,石川 昂弥,板山 祐太郎,村松 開人,小笠原 慎之介
中日,9月5日(木),岡林 勇希,山本 泰寛,福永 裕基,細川 成也,カリステ,高橋 周平,木下 拓哉,村松 開人,大野 雄大
中日,9月6日(金),岡林 勇希,福永 裕基,カリステ,細川 成也,宇佐見 真吾,石川 昂弥,板山 祐太郎,村松 開人,松葉 貴大
中日,9月7日(土),岡林 勇希,福永 裕基,川越 誠司,細川 成也,宇佐見 真吾,カリステ,板山 祐太郎,村松 開人,福谷 浩司
中日,9月8日(日),岡林 勇希,福永 裕基,カリステ,細川 成也,ブライト 健太,辻本 倫太郎,木下 拓哉,村松 開人,柳 裕也
中日,9月10日(火),岡林 勇希,福永 裕基,川越 誠司,細川 成也,カリステ,村松 開人,板山 祐太郎,加藤 匠馬,髙橋 宏斗
中日,9月11日(水),岡林 勇希,福永 裕基,川越 誠司,細川 成也,カリステ,村松 開人,木下 拓哉,辻本 倫太郎,小笠原 慎之介
中日,9月12日(木),岡林 勇希,村松 開人,福永 裕基,細川 成也,石川 昂弥,木下 拓哉,板山 祐太郎,鵜飼 航丞,大野 雄大
中日,9月13日(金),岡林 勇希,福永 裕基,カリステ,細川 成也,石川 昂弥,宇佐見 真吾,山本 泰寛,村松 開人,松葉 貴大
中日,9月14日(土),岡林 勇希,村松 開人,カリステ,細川 成也,宇佐見 真吾,石川 昂弥,板山 祐太郎,福永 裕基,福谷 浩司
中日,9月15日(日),岡林 勇希,福永 裕基,細川 成也,石川 昂弥,川越 誠司,村松 開人,木下 拓哉,板山 祐太郎,涌井 秀章
中日,9月16日(月),岡林 勇希,福永 裕基,川越 誠司,石川 昂弥,宇佐見 真吾,細川 成也,村松 開人,板山 祐太郎,松木平 優太
中日,9月18日(水),岡林 勇希,福永 裕基,カリステ,石川 昂弥,細川 成也,村松 開人,板山 祐太郎,加藤 匠馬,髙橋 宏斗
中日,9月20日(金),岡林 勇希,村松 開人,福永 裕基,石川 昂弥,細川 成也,板山 祐太郎,木下 拓哉,鵜飼 航丞,小笠原 慎之介
中日,9月21日(土),岡林 勇希,村松 開人,福永 裕基,石川 昂弥,細川 成也,宇佐見 真吾,山本 泰寛,鵜飼 航丞,福谷 浩司
中日,9月22日(日),岡林 勇希,村松 開人,福永 裕基,石川 昂弥,細川 成也,宇佐見 真吾,鵜飼 航丞,板山 祐太郎,涌井 秀章
中日,9月23日(月),岡林 勇希,村松 開人,福永 裕基,石川 昂弥,細川 成也,宇佐見 真吾,鵜飼 航丞,辻本 倫太郎,松木平 優太
中日,9月27日(金),岡林 勇希,村松 開人,福永 裕基,石川 昂弥,細川 成也,宇佐見 真吾,田中 幹也,鵜飼 航丞,梅津 晃大
中日,9月29日(日),岡林 勇希,村松 開人,福永 裕基,石川 昂弥,細川 成也,カリステ,板山 祐太郎,加藤 匠馬,髙橋 宏斗
中日,10月4日(金),岡林 勇希,村松 開人,福永 裕基,石川 昂弥,細川 成也,カリステ,宇佐見 真吾,田中 幹也,梅津 晃大
中日,10月5日(土),岡林 勇希,ブライト 健太,福永 裕基,石川 昂弥,細川 成也,村松 開人,木下 拓哉,田中 幹也,小笠原 慎之介
中日,10月6日(日),岡林 勇希,村松 開人,福永 裕基,石川 昂弥,細川 成也,宇佐見 真吾,川越 誠司,田中 幹也,松木平 優太
広島,3月29日(金),菊池 涼介,上本 崇司,小園 海斗,堂林 翔太,坂倉 将吾,レイノルズ,田村 俊介,シャイナー,九里 亜蓮
広島,3月30日(土),野間 峻祥,菊池 涼介,小園 海斗,坂倉 将吾,秋山 翔吾,レイノルズ,田村 俊介,シャイナー,黒原 拓未
広島,3月31日(日),野間 峻祥,田中 広輔,小園 海斗,堂林 翔太,秋山 翔吾,坂倉 将吾,田村 俊介,菊池 涼介,アドゥワ 誠
広島,4月2日(火),野間 峻祥,田中 広輔,小園 海斗,堂林 翔太,秋山 翔吾,坂倉 将吾,田村 俊介,菊池 涼介,床田 寛樹
広島,4月4日(木),野間 峻祥,菊池 涼介,小園 海斗,堂林 翔太,上本 崇司,中村 奨成,會澤 翼,久保 修,大瀬良 大地
広島,4月5日(金),上本 崇司,矢野 雅哉,小園 海斗,堂林 翔太,秋山 翔吾,坂倉 将吾,田村 俊介,菊池 涼介,九里 亜蓮
広島,4月6日(土),田中 広輔,上本 崇司,小園 海斗,堂林 翔太,秋山 翔吾,坂倉 将吾,田村 俊介,菊池 涼介,ハッチ
広島,4月7日(日),野間 峻祥,田中 広輔,小園 海斗,堂林 翔太,秋山 翔吾,田村 俊介,坂倉 将吾,矢野 雅哉,黒原 拓未
広島,4月9日(火),野間 峻祥,矢野 雅哉,小園 海斗,堂林 翔太,秋山 翔吾,田村 俊介,坂倉 将吾,菊池 涼介,床田 寛樹
広島,4月10日(水),野間 峻祥,菊池 涼介,小園 海斗,堂林 翔太,秋山 翔吾,上本 崇司,會澤 翼,田村 俊介,アドゥワ 誠
広島,4月11日(木),野間 峻祥,菊池 涼介,小園 海斗,堂林 翔太,秋山 翔吾,田村 俊介,矢野 雅哉,會澤 翼,大瀬良 大地
広島,4月12日(金),野間 峻祥,菊池 涼介,小園 海斗,堂林 翔太,坂倉 将吾,田中 広輔,田村 俊介,宇草 孔基,九里 亜蓮
広島,4月13日(土),野間 峻祥,田中 広輔,小園 海斗,堂林 翔太,秋山 翔吾,田村 俊介,矢野 雅哉,會澤 翼,森下 暢仁
広島,4月14日(日),野間 峻祥,菊池 涼介,小園 海斗,堂林 翔太,坂倉 将吾,秋山 翔吾,田村 俊介,矢野 雅哉,ハッチ
広島,4月16日(火),秋山 翔吾,菊池 涼介,小園 海斗,堂林 翔太,坂倉 将吾,上本 崇司,田村 俊介,矢野 雅哉,床田 寛樹
広島,4月17日(水),秋山 翔吾,菊池 涼介,野間 峻祥,堂林 翔太,小園 海斗,坂倉 将吾,田村 俊介,矢野 雅哉,アドゥワ 誠
広島,4月19日(金),秋山 翔吾,菊池 涼介,野間 峻祥,堂林 翔太,小園 海斗,坂倉 将吾,田村 俊介,矢野 雅哉,九里 亜蓮
広島,4月20日(土),秋山 翔吾,菊池 涼介,野間 峻祥,堂林 翔太,小園 海斗,上本 崇司,會澤 翼,久保 修,森下 暢仁
広島,4月21日(日),宇草 孔基,菊池 涼介,野間 峻祥,坂倉 将吾,小園 海斗,田中 広輔,會澤 翼,田村 俊介,大瀬良 大地
広島,4月23日(火),秋山 翔吾,菊池 涼介,野間 峻祥,堂林 翔太,小園 海斗,坂倉 将吾,宇草 孔基,矢野 雅哉,床田 寛樹
広島,4月25日(木),上本 崇司,菊池 涼介,野間 峻祥,堂林 翔太,小園 海斗,坂倉 将吾,二俣 翔一,矢野 雅哉,ハッチ
広島,4月27日(土),秋山 翔吾,菊池 涼介,野間 峻祥,坂倉 将吾,小園 海斗,宇草 孔基,會澤 翼,矢野 雅哉,森下 暢仁
広島,4月28日(日),秋山 翔吾,野間 峻祥,小園 海斗,松山 竜平,坂倉 将吾,宇草 孔基,矢野 雅哉,田中 広輔,九里 亜蓮
広島,4月30日(火),秋山 翔吾,野間 峻祥,小園 海斗,松山 竜平,坂倉 将吾,宇草 孔基,矢野 雅哉,菊池 涼介,床田 寛樹
広島,5月1日(水),秋山 翔吾,菊池 涼介,野間 峻祥,堂林 翔太,小園 海斗,上本 崇司,矢野 雅哉,會澤 翼,大瀬良 大地
広島,5月3日(金),秋山 翔吾,菊池 涼介,野間 峻祥,堂林 翔太,小園 海斗,坂倉 将吾,中村 健人,二俣 翔一,アドゥワ 誠
広島,5月4日(土),秋山 翔吾,菊池 涼介,野間 峻祥,堂林 翔太,小園 海斗,會澤 翼,中村 健人,二俣 翔一,森下 暢仁
広島,5月5日(日),秋山 翔吾,野間 峻祥,小園 海斗,坂倉 将吾,田中 広輔,田村 俊介,羽月 隆太郎,矢野 雅哉,九里 亜蓮
広島,5月7日(火),秋山 翔吾,野間 峻祥,菊池 涼介,小園 海斗,坂倉 将吾,宇草 孔基,堂林 翔太,矢野 雅哉,床田 寛樹
広島,5月8日(水),秋山 翔吾,二俣 翔一,菊池 涼介,小園 海斗,末包 昇大,會澤 翼,矢野 雅哉,中村 健人,大瀬良 大地
広島,5月10日(金),秋山 翔吾,二俣 翔一,菊池 涼介,小園 海斗,末包 昇大,中村 健人,矢野 雅哉,石原 貴規,アドゥワ 誠
広島,5月11日(土),秋山 翔吾,野間 峻祥,菊池 涼介,小園 海斗,末包 昇大,坂倉 将吾,矢野 雅哉,會澤 翼,九里 亜蓮
広島,5月14日(火),秋山 翔吾,野間 峻祥,菊池 涼介,小園 海斗,末包 昇大,林 晃汰,矢野 雅哉,坂倉 将吾,床田 寛樹
広島,5月15日(水),秋山 翔吾,宇草 孔基,菊池 涼介,小園 海斗,末包 昇大,林 晃汰,矢野 雅哉,會澤 翼,森下 暢仁
広島,5月17日(金),秋山 翔吾,野間 峻祥,菊池 涼介,小園 海斗,末包 昇大,林 晃汰,矢野 雅哉,會澤 翼,大瀬良 大地
広島,5月18日(土),秋山 翔吾,矢野 雅哉,小園 海斗,末包 昇大,坂倉 将吾,二俣 翔一,羽月 隆太郎,林 晃汰,九里 亜蓮
広島,5月19日(日),秋山 翔吾,野間 峻祥,菊池 涼介,小園 海斗,坂倉 将吾,末包 昇大,矢野 雅哉,林 晃汰,アドゥワ 誠
広島,5月21日(火),秋山 翔吾,野間 峻祥,菊池 涼介,小園 海斗,坂倉 将吾,末包 昇大,矢野 雅哉,林 晃汰,床田 寛樹
広島,5月22日(水),秋山 翔吾,野間 峻祥,菊池 涼介,小園 海斗,末包 昇大,坂倉 将吾,矢野 雅哉,會澤 翼,森下 暢仁
広島,5月23日(木),秋山 翔吾,野間 峻祥,菊池 涼介,小園 海斗,坂倉 将吾,末包 昇大,矢野 雅哉,石原 貴規,ハッチ
広島,5月24日(金),秋山 翔吾,矢野 雅哉,菊池 涼介,小園 海斗,末包 昇大,坂倉 将吾,宇草 孔基,會澤 翼,大瀬良 大地
広島,5月25日(土),秋山 翔吾,野間 峻祥,菊池 涼介,小園 海斗,末包 昇大,坂倉 将吾,矢野 雅哉,林 晃汰,玉村 昇悟
広島,5月26日(日),秋山 翔吾,矢野 雅哉,野間 峻祥,小園 海斗,末包 昇大,坂倉 将吾,田中 広輔,石原 貴規,アドゥワ 誠
広島,5月28日(火),秋山 翔吾,野間 峻祥,菊池 涼介,小園 海斗,末包 昇大,坂倉 将吾,矢野 雅哉,林 晃汰,床田 寛樹
広島,5月29日(水),秋山 翔吾,矢野 雅哉,菊池 涼介,小園 海斗,末包 昇大,坂倉 将吾,宇草 孔基,會澤 翼,森下 暢仁
広島,5月30日(木),秋山 翔吾,矢野 雅哉,菊池 涼介,小園 海斗,末包 昇大,坂倉 将吾,宇草 孔基,石原 貴規,九里 亜蓮
広島,5月31日(金),秋山 翔吾,矢野 雅哉,菊池 涼介,小園 海斗,末包 昇大,坂倉 将吾,宇草 孔基,會澤 翼,羽月 隆太郎
広島,6月1日(土),秋山 翔吾,野間 峻祥,菊池 涼介,小園 海斗,末包 昇大,宇草 孔基,林 晃汰,矢野 雅哉,石原 貴規
広島,6月2日(日),秋山 翔吾,野間 峻祥,菊池 涼介,小園 海斗,末包 昇大,石原 貴規,中村 健人,二俣 翔一,矢野 雅哉
広島,6月4日(火),秋山 翔吾,野間 峻祥,小園 海斗,末包 昇大,坂倉 将吾,菊池 涼介,田中 広輔,矢野 雅哉,床田 寛樹
広島,6月5日(水),秋山 翔吾,野間 峻祥,小園 海斗,末包 昇大,田中 広輔,菊池 涼介,矢野 雅哉,會澤 翼,森下 暢仁
広島,6月6日(木),秋山 翔吾,野間 峻祥,小園 海斗,末包 昇大,田中 広輔,菊池 涼介,矢野 雅哉,石原 貴規,九里 亜蓮
広島,6月7日(金),秋山 翔吾,野間 峻祥,小園 海斗,末包 昇大,田中 広輔,菊池 涼介,矢野 雅哉,會澤 翼,大瀬良 大地
広島,6月8日(土),秋山 翔吾,羽月 隆太郎,野間 峻祥,小園 海斗,末包 昇大,坂倉 将吾,矢野 雅哉,石原 貴規,玉村 昇悟
広島,6月9日(日),秋山 翔吾,野間 峻祥,菊池 涼介,末包 昇大,小園 海斗,石原 貴規,矢野 雅哉,佐藤 啓介,アドゥワ 誠
広島,6月11日(火),秋山 翔吾,宇草 孔基,野間 峻祥,小園 海斗,末包 昇大,坂倉 将吾,佐藤 啓介,菊池 涼介,矢野 雅哉
広島,6月12日(水),秋山 翔吾,菊池 涼介,野間 峻祥,小園 海斗,末包 昇大,坂倉 将吾,佐藤 啓介,矢野 雅哉,會澤 翼
広島,6月13日(木),秋山 翔吾,宇草 孔基,小園 海斗,末包 昇大,松山 竜平,田中 広輔,坂倉 将吾,佐藤 啓介,矢野 雅哉
広島,6月14日(金),秋山 翔吾,矢野 雅哉,菊池 涼介,末包 昇大,小園 海斗,堂林 翔太,石原 貴規,會澤 翼,二俣 翔一
広島,6月15日(土),秋山 翔吾,矢野 雅哉,菊池 涼介,末包 昇大,小園 海斗,坂倉 将吾,堂林 翔太,佐藤 啓介,二俣 翔一
広島,6月16日(日),秋山 翔吾,矢野 雅哉,小園 海斗,末包 昇大,松山 竜平,坂倉 将吾,菊池 涼介,堂林 翔太,二俣 翔一
広島,6月21日(金),秋山 翔吾,矢野 雅哉,野間 峻祥,小園 海斗,末包 昇大,坂倉 将吾,菊池 涼介,堂林 翔太,床田 寛樹
広島,6月22日(土),秋山 翔吾,田中 広輔,野間 峻祥,小園 海斗,末包 昇大,菊池 涼介,矢野 雅哉,會澤 翼,大瀬良 大地
広島,6月23日(日),秋山 翔吾,野間 峻祥,上本 崇司,小園 海斗,堂林 翔太,石原 貴規,菊池 涼介,矢野 雅哉,玉村 昇悟
広島,6月25日(火),秋山 翔吾,野間 峻祥,上本 崇司,小園 海斗,堂林 翔太,菊池 涼介,二俣 翔一,會澤 翼,森下 暢仁
広島,6月26日(水),秋山 翔吾,野間 峻祥,上本 崇司,小園 海斗,堂林 翔太,坂倉 将吾,菊池 涼介,矢野 雅哉,九里 亜蓮
広島,6月27日(木),秋山 翔吾,野間 峻祥,上本 崇司,小園 海斗,堂林 翔太,石原 貴規,坂倉 将吾,菊池 涼介,アドゥワ 誠
広島,6月28日(金),秋山 翔吾,野間 峻祥,上本 崇司,小園 海斗,坂倉 将吾,堂林 翔太,田中 広輔,菊池 涼介,床田 寛樹
広島,6月29日(土),秋山 翔吾,菊池 涼介,上本 崇司,小園 海斗,堂林 翔太,二俣 翔一,矢野 雅哉,會澤 翼,大瀬良 大地
広島,6月30日(日),秋山 翔吾,野間 峻祥,上本 崇司,小園 海斗,坂倉 将吾,宇草 孔基,矢野 雅哉,石原 貴規,玉村 昇悟
広島,7月2日(火),秋山 翔吾,野間 峻祥,上本 崇司,小園 海斗,坂倉 将吾,菊池 涼介,矢野 雅哉,會澤 翼,森下 暢仁
広島,7月3日(水),秋山 翔吾,野間 峻祥,上本 崇司,小園 海斗,石原 貴規,菊池 涼介,矢野 雅哉,中村 健人,九里 亜蓮
広島,7月4日(木),秋山 翔吾,矢野 雅哉,小園 海斗,坂倉 将吾,野間 峻祥,石原 貴規,菊池 涼介,堂林 翔太,アドゥワ 誠
広島,7月5日(金),秋山 翔吾,矢野 雅哉,小園 海斗,野間 峻祥,坂倉 将吾,二俣 翔一,中村 奨成,堂林 翔太,床田 寛樹
広島,7月6日(土),秋山 翔吾,矢野 雅哉,野間 峻祥,坂倉 将吾,小園 海斗,二俣 翔一,菊池 涼介,會澤 翼,大瀬良 大地
広島,7月7日(日),秋山 翔吾,中村 奨成,二俣 翔一,小園 海斗,石原 貴規,堂林 翔太,矢野 雅哉,菊池 涼介,玉村 昇悟
広島,7月9日(火),秋山 翔吾,矢野 雅哉,野間 峻祥,小園 海斗,坂倉 将吾,大盛 穂,菊池 涼介,會澤 翼,森下 暢仁
広島,7月12日(金),秋山 翔吾,野間 峻祥,上本 崇司,小園 海斗,石原 貴規,菊池 涼介,矢野 雅哉,シャイナー,床田 寛樹
広島,7月13日(土),秋山 翔吾,矢野 雅哉,野間 峻祥,小園 海斗,坂倉 将吾,菊池 涼介,大盛 穂,會澤 翼,大瀬良 大地
広島,7月15日(月),秋山 翔吾,野間 峻祥,上本 崇司,小園 海斗,石原 貴規,菊池 涼介,矢野 雅哉,シャイナー,アドゥワ 誠
広島,7月17日(水),秋山 翔吾,矢野 雅哉,上本 崇司,小園 海斗,野間 峻祥,菊池 涼介,シャイナー,森下 暢仁,會澤 翼
広島,7月19日(金),秋山 翔吾,矢野 雅哉,野間 峻祥,小園 海斗,中村 貴浩,坂倉 将吾,菊池 涼介,シャイナー,床田 寛樹
広島,7月20日(土),秋山 翔吾,矢野 雅哉,野間 峻祥,小園 海斗,上本 崇司,菊池 涼介,シャイナー,大瀬良 大地,會澤 翼
広島,7月21日(日),秋山 翔吾,野間 峻祥,中村 貴浩,小園 海斗,坂倉 将吾,石原 貴規,矢野 雅哉,菊池 涼介,九里 亜蓮
広島,7月26日(金),秋山 翔吾,野間 峻祥,堂林 翔太,小園 海斗,坂倉 将吾,菊池 涼介,矢野 雅哉,シャイナー,ハッチ
広島,7月27日(土),秋山 翔吾,二俣 翔一,堂林 翔太,小園 海斗,坂倉 将吾,菊池 涼介,矢野 雅哉,森下 暢仁,會澤 翼
広島,7月28日(日),秋山 翔吾,矢野 雅哉,中村 貴浩,小園 海斗,坂倉 将吾,菊池 涼介,石原 貴規,堂林 翔太,九里 亜蓮
広島,7月30日(火),秋山 翔吾,野間 峻祥,中村 貴浩,小園 海斗,坂倉 将吾,矢野 雅哉,松山 竜平,菊池 涼介,玉村 昇悟
広島,7月31日(水),秋山 翔吾,上本 崇司,堂林 翔太,小園 海斗,坂倉 将吾,菊池 涼介,矢野 雅哉,シャイナー,床田 寛樹
広島,8月1日(木),秋山 翔吾,野間 峻祥,中村 貴浩,小園 海斗,坂倉 将吾,菊池 涼介,矢野 雅哉,會澤 翼,大瀬良 大地
広島,8月2日(金),秋山 翔吾,上本 崇司,野間 峻祥,小園 海斗,坂倉 将吾,菊池 涼介,矢野 雅哉,石原 貴規,野村 祐輔
広島,8月3日(土),秋山 翔吾,野間 峻祥,堂林 翔太,小園 海斗,坂倉 将吾,菊池 涼介,矢野 雅哉,森下 暢仁,會澤 翼
広島,8月4日(日),秋山 翔吾,野間 峻祥,中村 貴浩,小園 海斗,坂倉 将吾,林 晃汰,矢野 雅哉,二俣 翔一,九里 亜蓮
広島,8月6日(火),秋山 翔吾,矢野 雅哉,野間 峻祥,小園 海斗,坂倉 将吾,末包 昇大,菊池 涼介,林 晃汰,アドゥワ 誠
広島,8月7日(水),秋山 翔吾,野間 峻祥,堂林 翔太,小園 海斗,末包 昇大,坂倉 将吾,矢野 雅哉,菊池 涼介,床田 寛樹
広島,8月8日(木),秋山 翔吾,矢野 雅哉,野間 峻祥,小園 海斗,坂倉 将吾,末包 昇大,菊池 涼介,會澤 翼,大瀬良 大地
広島,8月9日(金),秋山 翔吾,野間 峻祥,小園 海斗,末包 昇大,坂倉 将吾,菊池 涼介,矢野 雅哉,林 晃汰,森 翔平
広島,8月10日(土),秋山 翔吾,矢野 雅哉,小園 海斗,末包 昇大,坂倉 将吾,菊池 涼介,堂林 翔太,森下 暢仁,會澤 翼
広島,8月11日(日),中村 奨成,野間 峻祥,小園 海斗,末包 昇大,坂倉 将吾,堂林 翔太,菊池 涼介,矢野 雅哉,九里 亜蓮
広島,8月12日(月),秋山 翔吾,矢野 雅哉,野間 峻祥,小園 海斗,坂倉 将吾,上本 崇司,中村 奨成,石原 貴規,玉村 昇悟
広島,8月13日(火),秋山 翔吾,矢野 雅哉,中村 奨成,小園 海斗,末包 昇大,坂倉 将吾,菊池 涼介,石原 貴規,野村 祐輔
広島,8月14日(水),秋山 翔吾,矢野 雅哉,野間 峻祥,小園 海斗,坂倉 将吾,中村 奨成,菊池 涼介,堂林 翔太,床田 寛樹
広島,8月17日(土),中村 奨成,野間 峻祥,小園 海斗,末包 昇大,坂倉 将吾,菊池 涼介,矢野 雅哉,會澤 翼,大瀬良 大地
広島,8月18日(日),秋山 翔吾,中村 奨成,小園 海斗,末包 昇大,坂倉 将吾,菊池 涼介,矢野 雅哉,石原 貴規,九里 亜蓮
広島,8月20日(火),秋山 翔吾,野間 峻祥,小園 海斗,末包 昇大,坂倉 将吾,菊池 涼介,矢野 雅哉,會澤 翼,森下 暢仁
広島,8月21日(水),秋山 翔吾,野間 峻祥,堂林 翔太,末包 昇大,小園 海斗,菊池 涼介,坂倉 将吾,矢野 雅哉,床田 寛樹
広島,8月22日(木),野間 峻祥,矢野 雅哉,小園 海斗,末包 昇大,坂倉 将吾,堂林 翔太,中村 奨成,菊池 涼介,アドゥワ 誠
広島,8月23日(金),野間 峻祥,堂林 翔太,小園 海斗,末包 昇大,坂倉 将吾,菊池 涼介,矢野 雅哉,石原 貴規,玉村 昇悟
広島,8月24日(土),秋山 翔吾,中村 奨成,小園 海斗,末包 昇大,坂倉 将吾,菊池 涼介,矢野 雅哉,會澤 翼,大瀬良 大地
広島,8月25日(日),秋山 翔吾,野間 峻祥,小園 海斗,末包 昇大,坂倉 将吾,菊池 涼介,矢野 雅哉,石原 貴規,森 翔平
広島,8月27日(火),秋山 翔吾,野間 峻祥,小園 海斗,末包 昇大,坂倉 将吾,羽月 隆太郎,矢野 雅哉,會澤 翼,森下 暢仁
広島,8月28日(水),秋山 翔吾,中村 奨成,小園 海斗,末包 昇大,坂倉 将吾,堂林 翔太,菊池 涼介,矢野 雅哉,床田 寛樹
広島,8月29日(木),秋山 翔吾,中村 奨成,小園 海斗,末包 昇大,坂倉 将吾,堂林 翔太,菊池 涼介,矢野 雅哉,九里 亜蓮
広島,8月31日(土),秋山 翔吾,野間 峻祥,小園 海斗,末包 昇大,坂倉 将吾,菊池 涼介,矢野 雅哉,會澤 翼,大瀬良 大地
広島,9月1日(日),秋山 翔吾,野間 峻祥,小園 海斗,末包 昇大,坂倉 将吾,堂林 翔太,矢野 雅哉,菊池 涼介,玉村 昇悟
広島,9月3日(火),秋山 翔吾,堂林 翔太,小園 海斗,末包 昇大,坂倉 将吾,菊池 涼介,矢野 雅哉,會澤 翼,森下 暢仁
広島,9月4日(水),秋山 翔吾,野間 峻祥,小園 海斗,末包 昇大,坂倉 将吾,堂林 翔太,矢野 雅哉,菊池 涼介,アドゥワ 誠
広島,9月5日(木),秋山 翔吾,野間 峻祥,小園 海斗,末包 昇大,坂倉 将吾,石原 貴規,菊池 涼介,矢野 雅哉,床田 寛樹
広島,9月6日(金),秋山 翔吾,上本 崇司,小園 海斗,堂林 翔太,坂倉 将吾,菊池 涼介,矢野 雅哉,會澤 翼,大瀬良 大地
広島,9月7日(土),秋山 翔吾,上本 崇司,野間 峻祥,小園 海斗,坂倉 将吾,菊池 涼介,矢野 雅哉,石原 貴規,九里 亜蓮
広島,9月8日(日),秋山 翔吾,矢野 雅哉,野間 峻祥,小園 海斗,坂倉 将吾,末包 昇大,菊池 涼介,石原 貴規,玉村 昇悟
広島,9月10日(火),秋山 翔吾,矢野 雅哉,野間 峻祥,小園 海斗,坂倉 将吾,末包 昇大,菊池 涼介,會澤 翼,森下 暢仁
広島,9月11日(水),秋山 翔吾,矢野 雅哉,小園 海斗,堂林 翔太,坂倉 将吾,末包 昇大,菊池 涼介,石原 貴規,アドゥワ 誠
広島,9月12日(木),秋山 翔吾,矢野 雅哉,野間 峻祥,小園 海斗,坂倉 将吾,堂林 翔太,末包 昇大,菊池 涼介,床田 寛樹
広島,9月13日(金),秋山 翔吾,矢野 雅哉,小園 海斗,堂林 翔太,坂倉 将吾,末包 昇大,菊池 涼介,會澤 翼,大瀬良 大地
広島,9月14日(土),秋山 翔吾,坂倉 将吾,堂林 翔太,野間 峻祥,小園 海斗,矢野 雅哉,末包 昇大,菊池 涼介,森 翔平
広島,9月15日(日),秋山 翔吾,坂倉 将吾,堂林 翔太,野間 峻祥,小園 海斗,矢野 雅哉,末包 昇大,菊池 涼介,常廣 羽也斗
広島,9月16日(月),秋山 翔吾,坂倉 将吾,堂林 翔太,小園 海斗,末包 昇大,菊池 涼介,矢野 雅哉,會澤 翼,森下 暢仁
広島,9月18日(水),秋山 翔吾,坂倉 将吾,小園 海斗,野間 峻祥,堂林 翔太,末包 昇大,矢野 雅哉,菊池 涼介,九里 亜蓮
広島,9月19日(木),秋山 翔吾,坂倉 将吾,小園 海斗,野間 峻祥,堂林 翔太,末包 昇大,矢野 雅哉,菊池 涼介,床田 寛樹
広島,9月20日(金),秋山 翔吾,矢野 雅哉,小園 海斗,坂倉 将吾,堂林 翔太,菊池 涼介,末包 昇大,會澤 翼,大瀬良 大地
広島,9月21日(土),二俣 翔一,矢野 雅哉,秋山 翔吾,小園 海斗,坂倉 将吾,末包 昇大,菊池 涼介,林 晃汰,アドゥワ 誠
広島,9月22日(日),野間 峻祥,矢野 雅哉,秋山 翔吾,小園 海斗,坂倉 将吾,末包 昇大,菊池 涼介,森下 暢仁,會澤 翼
広島,9月23日(月),野間 峻祥,矢野 雅哉,秋山 翔吾,小園 海斗,坂倉 将吾,末包 昇大,韮澤 雄也,林 晃汰,森 翔平
広島,9月25日(水),秋山 翔吾,矢野 雅哉,野間 峻祥,小園 海斗,坂倉 将吾,末包 昇大,菊池 涼介,石原 貴規,九里 亜蓮
広島,9月26日(木),秋山 翔吾,坂倉 将吾,矢野 雅哉,小園 海斗,野間 峻祥,田村 俊介,菊池 涼介,林 晃汰,床田 寛樹
広島,9月27日(金),秋山 翔吾,中村 奨成,矢野 雅哉,小園 海斗,坂倉 将吾,菊池 涼介,田村 俊介,會澤 翼,大瀬良 大地
広島,9月28日(土),秋山 翔吾,矢野 雅哉,小園 海斗,坂倉 将吾,田村 俊介,菊池 涼介,末包 昇大,韮澤 雄也,森下 暢仁
広島,9月29日(日),秋山 翔吾,矢野 雅哉,野間 峻祥,小園 海斗,坂倉 将吾,菊池 涼介,田村 俊介,韮澤 雄也,常廣 羽也斗
広島,10月1日(火),秋山 翔吾,矢野 雅哉,野間 峻祥,小園 海斗,坂倉 将吾,菊池 涼介,田村 俊介,二俣 翔一,森 翔平
広島,10月2日(水),秋山 翔吾,矢野 雅哉,小園 海斗,坂倉 将吾,末包 昇大,菊池 涼介,二俣 翔一,田村 俊介,床田 寛樹
広島,10月3日(木),秋山 翔吾,野間 峻祥,矢野 雅哉,坂倉 将吾,小園 海斗,田村 俊介,林 晃汰,二俣 翔一,大瀬良 大地
広島,10月5日(土),秋山 翔吾,小園 海斗,末包 昇大,仲田 侑仁,田村 俊介,會澤 翼,内田 湘大,菊池 涼介,野村 祐輔
ヤクルト,3月29日(金),塩見 泰隆,西川 遥輝,オスナ,村上 宗隆,山田 哲人,サンタナ,中村 悠平,長岡 秀樹,サイスニード
ヤクルト,3月30日(土),塩見 泰隆,西川 遥輝,オスナ,村上 宗隆,サンタナ,武岡 龍世,中村 悠平,長岡 秀樹,吉村 貢司郎
ヤクルト,3月31日(日),塩見 泰隆,西川 遥輝,オスナ,村上 宗隆,サンタナ,武岡 龍世,中村 悠平,長岡 秀樹,ヤフーレ
ヤクルト,4月2日(火),塩見 泰隆,西川 遥輝,オスナ,村上 宗隆,サンタナ,中村 悠平,長岡 秀樹,北村 拓己,小澤 怜史
ヤクルト,4月4日(木),塩見 泰隆,西川 遥輝,オスナ,村上 宗隆,サンタナ,中村 悠平,長岡 秀樹,武岡 龍世,高橋 奎二
ヤクルト,4月5日(金),岩田 幸宏,西川 遥輝,オスナ,村上 宗隆,サンタナ,長岡 秀樹,中村 悠平,武岡 龍世,サイスニード
ヤクルト,4月6日(土),塩見 泰隆,青木 宣親,オスナ,村上 宗隆,サンタナ,長岡 秀樹,赤羽 由紘,中村 悠平,吉村 貢司郎
ヤクルト,4月7日(日),塩見 泰隆,西川 遥輝,オスナ,村上 宗隆,サンタナ,長岡 秀樹,中村 悠平,宮本 丈,ヤフーレ
ヤクルト,4月9日(火),塩見 泰隆,西川 遥輝,オスナ,村上 宗隆,サンタナ,長岡 秀樹,中村 悠平,武岡 龍世,小澤 怜史
ヤクルト,4月11日(木),塩見 泰隆,青木 宣親,オスナ,村上 宗隆,サンタナ,長岡 秀樹,中村 悠平,武岡 龍世,高橋 奎二
ヤクルト,4月12日(金),塩見 泰隆,長岡 秀樹,オスナ,村上 宗隆,サンタナ,青木 宣親,赤羽 由紘,松本 直樹,サイスニード
ヤクルト,4月13日(土),塩見 泰隆,村上 宗隆,オスナ,サンタナ,青木 宣親,赤羽 由紘,長岡 秀樹,中村 悠平,吉村 貢司郎
ヤクルト,4月14日(日),塩見 泰隆,村上 宗隆,青木 宣親,サンタナ,オスナ,赤羽 由紘,長岡 秀樹,中村 悠平,ヤフーレ
ヤクルト,4月16日(火),西川 遥輝,村上 宗隆,オスナ,サンタナ,塩見 泰隆,長岡 秀樹,北村 拓己,中村 悠平,石川 雅規
ヤクルト,4月17日(水),西川 遥輝,オスナ,塩見 泰隆,村上 宗隆,サンタナ,北村 拓己,長岡 秀樹,中村 悠平,小澤 怜史
ヤクルト,4月18日(木),塩見 泰隆,武岡 龍世,オスナ,村上 宗隆,サンタナ,青木 宣親,中村 悠平,長岡 秀樹,高橋 奎二
ヤクルト,4月19日(金),塩見 泰隆,赤羽 由紘,オスナ,村上 宗隆,サンタナ,青木 宣親,中村 悠平,長岡 秀樹,サイスニード
ヤクルト,4月20日(土),塩見 泰隆,赤羽 由紘,オスナ,村上 宗隆,サンタナ,山田 哲人,西田 明央,長岡 秀樹,阪口 皓亮
ヤクルト,4月21日(日),塩見 泰隆,西川 遥輝,オスナ,村上 宗隆,サンタナ,山田 哲人,長岡 秀樹,中村 悠平,ヤフーレ
ヤクルト,4月23日(火),塩見 泰隆,丸山 和郁,オスナ,村上 宗隆,サンタナ,山田 哲人,中村 悠平,長岡 秀樹,吉村 貢司郎
ヤクルト,4月25日(木),塩見 泰隆,丸山 和郁,オスナ,村上 宗隆,サンタナ,山田 哲人,長岡 秀樹,中村 悠平,高橋 奎二
ヤクルト,4月26日(金),西川 遥輝,丸山 和郁,オスナ,村上 宗隆,サンタナ,長岡 秀樹,中村 悠平,武岡 龍世,小川 泰弘
ヤクルト,4月27日(土),塩見 泰隆,丸山 和郁,オスナ,村上 宗隆,サンタナ,山田 哲人,長岡 秀樹,中村 悠平,サイスニード
ヤクルト,4月28日(日),西川 遥輝,丸山 和郁,オスナ,村上 宗隆,サンタナ,山田 哲人,長岡 秀樹,中村 悠平,小澤 怜史
ヤクルト,4月29日(月),増田 珠,丸山 和郁,オスナ,村上 宗隆,サンタナ,山田 哲人,長岡 秀樹,中村 悠平,ヤフーレ
ヤクルト,4月30日(火),丸山 和郁,青木 宣親,オスナ,村上 宗隆,サンタナ,山田 哲人,長岡 秀樹,中村 悠平,ロドリゲス
ヤクルト,5月1日(水),西川 遥輝,丸山 和郁,オスナ,村上 宗隆,サンタナ,山田 哲人,長岡 秀樹,中村 悠平,吉村 貢司郎
ヤクルト,5月3日(金),西川 遥輝,丸山 和郁,オスナ,村上 宗隆,サンタナ,山田 哲人,長岡 秀樹,中村 悠平,小川 泰弘
ヤクルト,5月4日(土),西川 遥輝,丸山 和郁,オスナ,村上 宗隆,サンタナ,山田 哲人,長岡 秀樹,中村 悠平,サイスニード
ヤクルト,5月5日(日),西川 遥輝,丸山 和郁,長岡 秀樹,村上 宗隆,サンタナ,オスナ,武岡 龍世,松本 直樹,小澤 怜史
ヤクルト,5月6日(月),西川 遥輝,丸山 和郁,オスナ,村上 宗隆,サンタナ,長岡 秀樹,北村 拓己,中村 悠平,石川 雅規
ヤクルト,5月8日(水),塩見 泰隆,丸山 和郁,オスナ,村上 宗隆,サンタナ,長岡 秀樹,中村 悠平,北村 拓己,吉村 貢司郎
ヤクルト,5月10日(金),塩見 泰隆,丸山 和郁,オスナ,村上 宗隆,サンタナ,長岡 秀樹,中村 悠平,武岡 龍世,ヤフーレ
ヤクルト,5月11日(土),塩見 泰隆,丸山 和郁,オスナ,村上 宗隆,サンタナ,長岡 秀樹,中村 悠平,武岡 龍世,小川 泰弘
ヤクルト,5月12日(日),丸山 和郁,長岡 秀樹,オスナ,村上 宗隆,サンタナ,青木 宣親,武岡 龍世,中村 悠平,サイスニード
ヤクルト,5月14日(火),丸山 和郁,長岡 秀樹,村上 宗隆,サンタナ,オスナ,西川 遥輝,中村 悠平,武岡 龍世,小澤 怜史
ヤクルト,5月15日(水),丸山 和郁,長岡 秀樹,オスナ,村上 宗隆,サンタナ,青木 宣親,中村 悠平,武岡 龍世,松本 健吾
ヤクルト,5月17日(金),丸山 和郁,中村 悠平,長岡 秀樹,村上 宗隆,サンタナ,オスナ,西川 遥輝,武岡 龍世,吉村 貢司郎
ヤクルト,5月18日(土),丸山 和郁,中村 悠平,長岡 秀樹,村上 宗隆,サンタナ,オスナ,濱田 太貴,武岡 龍世,ヤフーレ
ヤクルト,5月19日(日),丸山 和郁,西川 遥輝,長岡 秀樹,村上 宗隆,サンタナ,オスナ,山田 哲人,中村 悠平,石川 雅規
ヤクルト,5月21日(火),濱田 太貴,長岡 秀樹,オスナ,村上 宗隆,サンタナ,山田 哲人,赤羽 由紘,中村 悠平,小川 泰弘
ヤクルト,5月22日(水),丸山 和郁,武岡 龍世,オスナ,村上 宗隆,サンタナ,長岡 秀樹,濱田 太貴,中村 悠平,小澤 怜史
ヤクルト,5月23日(木),西川 遥輝,長岡 秀樹,山田 哲人,村上 宗隆,サンタナ,オスナ,中村 悠平,濱田 太貴,高橋 奎二
ヤクルト,5月24日(金),山崎 晃大朗,長岡 秀樹,山田 哲人,村上 宗隆,サンタナ,オスナ,西川 遥輝,松本 直樹,サイスニード
ヤクルト,5月25日(土),山崎 晃大朗,長岡 秀樹,山田 哲人,村上 宗隆,サンタナ,オスナ,西川 遥輝,中村 悠平,ヤフーレ
ヤクルト,5月26日(日),西川 遥輝,長岡 秀樹,サンタナ,村上 宗隆,オスナ,山田 哲人,中村 悠平,岩田 幸宏,松本 健吾
ヤクルト,5月28日(火),西川 遥輝,サンタナ,長岡 秀樹,村上 宗隆,オスナ,山田 哲人,中村 悠平,並木 秀尊,吉村 貢司郎
ヤクルト,5月29日(水),西川 遥輝,長岡 秀樹,サンタナ,村上 宗隆,オスナ,山田 哲人,青木 宣親,中村 悠平,小川 泰弘
ヤクルト,5月30日(木),丸山 和郁,山田 哲人,長岡 秀樹,村上 宗隆,サンタナ,青木 宣親,オスナ,中村 悠平,高橋 奎二
ヤクルト,5月31日(金),丸山 和郁,山田 哲人,長岡 秀樹,村上 宗隆,サンタナ,青木 宣親,オスナ,松本 直樹,山崎 晃大朗
ヤクルト,6月1日(土),丸山 和郁,山田 哲人,長岡 秀樹,村上 宗隆,サンタナ,青木 宣親,オスナ,中村 悠平,山崎 晃大朗
ヤクルト,6月2日(日),西川 遥輝,長岡 秀樹,村上 宗隆,サンタナ,青木 宣親,山田 哲人,オスナ,中村 悠平,丸山 和郁
ヤクルト,6月4日(火),西川 遥輝,丸山 和郁,長岡 秀樹,村上 宗隆,サンタナ,山田 哲人,オスナ,中村 悠平,吉村 貢司郎
ヤクルト,6月5日(水),西川 遥輝,丸山 和郁,長岡 秀樹,村上 宗隆,サンタナ,山田 哲人,オスナ,中村 悠平,小川 泰弘
ヤクルト,6月6日(木),西川 遥輝,丸山 和郁,長岡 秀樹,村上 宗隆,サンタナ,山田 哲人,オスナ,中村 悠平,高橋 奎二
ヤクルト,6月7日(金),西川 遥輝,丸山 和郁,長岡 秀樹,村上 宗隆,サンタナ,山田 哲人,オスナ,中村 悠平,松本 健吾
ヤクルト,6月8日(土),西川 遥輝,丸山 和郁,長岡 秀樹,村上 宗隆,サンタナ,山田 哲人,オスナ,松本 直樹,サイスニード
ヤクルト,6月9日(日),西川 遥輝,丸山 和郁,長岡 秀樹,村上 宗隆,サンタナ,山田 哲人,オスナ,松本 直樹,ヤフーレ
ヤクルト,6月11日(火),西川 遥輝,丸山 和郁,村上 宗隆,サンタナ,山田 哲人,オスナ,長岡 秀樹,松本 直樹,武岡 龍世
ヤクルト,6月12日(水),西川 遥輝,丸山 和郁,長岡 秀樹,村上 宗隆,サンタナ,オスナ,山田 哲人,鈴木 叶,赤羽 由紘
ヤクルト,6月13日(木),西川 遥輝,丸山 和郁,長岡 秀樹,村上 宗隆,サンタナ,オスナ,山田 哲人,松本 直樹,山崎 晃大朗
ヤクルト,6月14日(金),西川 遥輝,丸山 和郁,長岡 秀樹,村上 宗隆,サンタナ,青木 宣親,オスナ,松本 直樹,武岡 龍世
ヤクルト,6月15日(土),西川 遥輝,長岡 秀樹,青木 宣親,村上 宗隆,サンタナ,オスナ,山田 哲人,松本 直樹,赤羽 由紘
ヤクルト,6月16日(日),西川 遥輝,丸山 和郁,長岡 秀樹,村上 宗隆,サンタナ,オスナ,山田 哲人,松本 直樹,武岡 龍世
ヤクルト,6月21日(金),西川 遥輝,丸山 和郁,長岡 秀樹,村上 宗隆,サンタナ,山田 哲人,オスナ,中村 悠平,吉村 貢司郎
ヤクルト,6月22日(土),西川 遥輝,丸山 和郁,長岡 秀樹,村上 宗隆,サンタナ,山田 哲人,オスナ,松本 直樹,サイスニード
ヤクルト,6月23日(日),西川 遥輝,丸山 和郁,長岡 秀樹,村上 宗隆,サンタナ,山田 哲人,オスナ,中村 悠平,ヤフーレ
ヤクルト,6月25日(火),西川 遥輝,丸山 和郁,長岡 秀樹,村上 宗隆,サンタナ,山田 哲人,オスナ,松本 直樹,高橋 奎二
ヤクルト,6月26日(水),西川 遥輝,青木 宣親,長岡 秀樹,サンタナ,村上 宗隆,山田 哲人,オスナ,中村 悠平,小川 泰弘
ヤクルト,6月27日(木),丸山 和郁,山崎 晃大朗,長岡 秀樹,村上 宗隆,サンタナ,武岡 龍世,オスナ,松本 直樹,石川 雅規
ヤクルト,6月29日(土),丸山 和郁,宮本 丈,オスナ,村上 宗隆,サンタナ,長岡 秀樹,山田 哲人,中村 悠平,奥川 恭伸
ヤクルト,6月30日(日),西川 遥輝,宮本 丈,オスナ,村上 宗隆,サンタナ,長岡 秀樹,松本 直樹,武岡 龍世,サイスニード
ヤクルト,7月2日(火),丸山 和郁,宮本 丈,オスナ,村上 宗隆,サンタナ,長岡 秀樹,山田 哲人,中村 悠平,吉村 貢司郎
ヤクルト,7月3日(水),山田 哲人,西川 遥輝,宮本 丈,村上 宗隆,サンタナ,長岡 秀樹,オスナ,松本 直樹,山野 太一
ヤクルト,7月4日(木),西川 遥輝,武岡 龍世,宮本 丈,村上 宗隆,サンタナ,長岡 秀樹,オスナ,松本 直樹,ヤフーレ
ヤクルト,7月5日(金),西川 遥輝,丸山 和郁,山田 哲人,村上 宗隆,サンタナ,長岡 秀樹,オスナ,中村 悠平,小川 泰弘
ヤクルト,7月6日(土),西川 遥輝,増田 珠,山田 哲人,村上 宗隆,オスナ,長岡 秀樹,中村 悠平,赤羽 由紘,高橋 奎二
ヤクルト,7月7日(日),西川 遥輝,丸山 和郁,長岡 秀樹,村上 宗隆,オスナ,山田 哲人,松本 直樹,岩田 幸宏,サイスニード
ヤクルト,7月9日(火),丸山 和郁,西川 遥輝,長岡 秀樹,村上 宗隆,オスナ,宮本 丈,山田 哲人,中村 悠平,吉村 貢司郎
ヤクルト,7月10日(水),宮本 丈,増田 珠,村上 宗隆,オスナ,長岡 秀樹,濱田 太貴,松本 直樹,北村 拓己,奥川 恭伸
ヤクルト,7月12日(金),丸山 和郁,武岡 龍世,宮本 丈,村上 宗隆,オスナ,長岡 秀樹,濱田 太貴,松本 直樹,石川 雅規
ヤクルト,7月13日(土),西川 遥輝,武岡 龍世,宮本 丈,村上 宗隆,長岡 秀樹,オスナ,中村 悠平,丸山 和郁,小澤 怜史
ヤクルト,7月15日(月),丸山 和郁,長岡 秀樹,宮本 丈,村上 宗隆,オスナ,中村 悠平,山田 哲人,濱田 太貴,ヤフーレ
ヤクルト,7月16日(火),長岡 秀樹,増田 珠,宮本 丈,村上 宗隆,オスナ,中村 悠平,山田 哲人,丸山 和郁,山野 太一
ヤクルト,7月19日(金),長岡 秀樹,青木 宣親,宮本 丈,村上 宗隆,オスナ,中村 悠平,山田 哲人,丸山 和郁,吉村 貢司郎
ヤクルト,7月20日(土),長岡 秀樹,西川 遥輝,宮本 丈,村上 宗隆,オスナ,中村 悠平,山田 哲人,丸山 和郁,サイスニード
ヤクルト,7月21日(日),長岡 秀樹,赤羽 由紘,宮本 丈,村上 宗隆,オスナ,中村 悠平,山田 哲人,丸山 和郁,奥川 恭伸
ヤクルト,7月26日(金),長岡 秀樹,青木 宣親,宮本 丈,村上 宗隆,オスナ,中村 悠平,山田 哲人,丸山 和郁,山野 太一
ヤクルト,7月27日(土),長岡 秀樹,武岡 龍世,宮本 丈,村上 宗隆,オスナ,中村 悠平,青木 宣親,丸山 和郁,高橋 奎二
ヤクルト,7月28日(日),長岡 秀樹,赤羽 由紘,宮本 丈,村上 宗隆,オスナ,松本 直樹,山田 哲人,岩田 幸宏,阪口 皓亮
ヤクルト,7月30日(火),長岡 秀樹,赤羽 由紘,宮本 丈,村上 宗隆,オスナ,中村 悠平,山田 哲人,岩田 幸宏,ヤフーレ
ヤクルト,7月31日(水),長岡 秀樹,赤羽 由紘,宮本 丈,村上 宗隆,オスナ,武岡 龍世,松本 直樹,岩田 幸宏,サイスニード
ヤクルト,8月1日(木),長岡 秀樹,太田 賢吾,宮本 丈,村上 宗隆,オスナ,中村 悠平,山田 哲人,岩田 幸宏,吉村 貢司郎
ヤクルト,8月2日(金),長岡 秀樹,西川 遥輝,宮本 丈,村上 宗隆,オスナ,太田 賢吾,山田 哲人,中村 悠平,奥川 恭伸
ヤクルト,8月3日(土),長岡 秀樹,宮本 丈,山田 哲人,村上 宗隆,オスナ,中村 悠平,太田 賢吾,増田 珠,高橋 奎二
ヤクルト,8月4日(日),長岡 秀樹,太田 賢吾,宮本 丈,村上 宗隆,オスナ,山田 哲人,岩田 幸宏,西田 明央,石川 雅規
ヤクルト,8月6日(火),丸山 和郁,長岡 秀樹,オスナ,村上 宗隆,サンタナ,太田 賢吾,山田 哲人,中村 悠平,ヤフーレ
ヤクルト,8月7日(水),丸山 和郁,長岡 秀樹,サンタナ,村上 宗隆,オスナ,太田 賢吾,山田 哲人,松本 直樹,サイスニード
ヤクルト,8月8日(木),岩田 幸宏,長岡 秀樹,サンタナ,村上 宗隆,オスナ,太田 賢吾,山田 哲人,松本 直樹,吉村 貢司郎
ヤクルト,8月9日(金),長岡 秀樹,宮本 丈,サンタナ,村上 宗隆,オスナ,太田 賢吾,山田 哲人,内山 壮真,高梨 裕稔
ヤクルト,8月10日(土),長岡 秀樹,武岡 龍世,サンタナ,村上 宗隆,オスナ,宮本 丈,西田 明央,丸山 和郁,高橋 奎二
ヤクルト,8月11日(日),増田 珠,長岡 秀樹,オスナ,村上 宗隆,サンタナ,松本 直樹,山田 哲人,岩田 幸宏,奥川 恭伸
ヤクルト,8月12日(月),岩田 幸宏,長岡 秀樹,サンタナ,村上 宗隆,オスナ,太田 賢吾,山田 哲人,内山 壮真,小川 泰弘
ヤクルト,8月13日(火),丸山 和郁,長岡 秀樹,サンタナ,村上 宗隆,オスナ,宮本 丈,内山 壮真,岩田 幸宏,ヤフーレ
ヤクルト,8月14日(水),太田 賢吾,長岡 秀樹,サンタナ,村上 宗隆,オスナ,松本 直樹,山田 哲人,岩田 幸宏,サイスニード
ヤクルト,8月17日(土),太田 賢吾,長岡 秀樹,サンタナ,村上 宗隆,オスナ,松本 直樹,山田 哲人,岩田 幸宏,高橋 奎二
ヤクルト,8月18日(日),太田 賢吾,長岡 秀樹,サンタナ,村上 宗隆,オスナ,松本 直樹,山田 哲人,岩田 幸宏,石川 雅規
ヤクルト,8月20日(火),丸山 和郁,長岡 秀樹,サンタナ,村上 宗隆,オスナ,宮本 丈,松本 直樹,岩田 幸宏,吉村 貢司郎
ヤクルト,8月21日(水),長岡 秀樹,岩田 幸宏,サンタナ,村上 宗隆,オスナ,宮本 丈,山田 哲人,内山 壮真,サイスニード
ヤクルト,8月22日(木),長岡 秀樹,岩田 幸宏,サンタナ,村上 宗隆,宮本 丈,オスナ,武岡 龍世,松本 直樹,ヤフーレ
ヤクルト,8月23日(金),長岡 秀樹,岩田 幸宏,サンタナ,村上 宗隆,宮本 丈,オスナ,山田 哲人,松本 直樹,高梨 裕稔
ヤクルト,8月24日(土),西川 遥輝,長岡 秀樹,サンタナ,村上 宗隆,オスナ,宮本 丈,山田 哲人,松本 直樹,高橋 奎二
ヤクルト,8月25日(日),西川 遥輝,長岡 秀樹,サンタナ,村上 宗隆,オスナ,山田 哲人,増田 珠,松本 直樹,山野 太一
ヤクルト,8月27日(火),長岡 秀樹,岩田 幸宏,サンタナ,村上 宗隆,オスナ,澤井 廉,山田 哲人,中村 悠平,吉村 貢司郎
ヤクルト,8月28日(水),並木 秀尊,オスナ,長岡 秀樹,村上 宗隆,サンタナ,山田 哲人,増田 珠,松本 直樹,サイスニード
ヤクルト,8月31日(土),長岡 秀樹,岩田 幸宏,サンタナ,村上 宗隆,オスナ,澤井 廉,山田 哲人,松本 直樹,高橋 奎二
ヤクルト,9月1日(日),長岡 秀樹,増田 珠,サンタナ,村上 宗隆,オスナ,中村 悠平,澤井 廉,北村 拓己,高梨 裕稔
ヤクルト,9月3日(火),長岡 秀樹,岩田 幸宏,村上 宗隆,サンタナ,オスナ,中村 悠平,山田 哲人,澤井 廉,ヤフーレ
ヤクルト,9月4日(水),長岡 秀樹,増田 珠,村上 宗隆,サンタナ,オスナ,中村 悠平,山田 哲人,岩田 幸宏,吉村 貢司郎
ヤクルト,9月5日(木),西川 遥輝,村上 宗隆,長岡 秀樹,サンタナ,オスナ,山田 哲人,松本 直樹,澤井 廉,山野 太一
ヤクルト,9月6日(金),西川 遥輝,長岡 秀樹,サンタナ,村上 宗隆,オスナ,武岡 龍世,中村 悠平,澤井 廉,サイスニード
ヤクルト,9月7日(土),西川 遥輝,長岡 秀樹,宮本 丈,サンタナ,オスナ,村上 宗隆,山田 哲人,中村 悠平,高橋 奎二
ヤクルト,9月8日(日),西川 遥輝,サンタナ,長岡 秀樹,村上 宗隆,オスナ,澤井 廉,山田 哲人,内山 壮真,高梨 裕稔
ヤクルト,9月10日(火),西川 遥輝,サンタナ,長岡 秀樹,村上 宗隆,オスナ,中村 悠平,山田 哲人,澤井 廉,ヤフーレ
ヤクルト,9月11日(水),長岡 秀樹,並木 秀尊,サンタナ,村上 宗隆,オスナ,西川 遥輝,山田 哲人,中村 悠平,吉村 貢司郎
ヤクルト,9月12日(木),長岡 秀樹,並木 秀尊,サンタナ,村上 宗隆,オスナ,増田 珠,山田 哲人,内山 壮真,サイスニード
ヤクルト,9月13日(金),長岡 秀樹,並木 秀尊,サンタナ,村上 宗隆,オスナ,山田 哲人,松本 直樹,岩田 幸宏,山野 太一
ヤクルト,9月14日(土),長岡 秀樹,並木 秀尊,サンタナ,村上 宗隆,オスナ,増田 珠,山田 哲人,中村 悠平,高橋 奎二
ヤクルト,9月15日(日),西川 遥輝,岩田 幸宏,サンタナ,村上 宗隆,オスナ,長岡 秀樹,山田 哲人,内山 壮真,高梨 裕稔
ヤクルト,9月16日(月),長岡 秀樹,岩田 幸宏,サンタナ,村上 宗隆,オスナ,増田 珠,山田 哲人,中村 悠平,小川 泰弘
ヤクルト,9月18日(水),長岡 秀樹,並木 秀尊,サンタナ,村上 宗隆,オスナ,山田 哲人,中村 悠平,岩田 幸宏,ヤフーレ
ヤクルト,9月19日(木),長岡 秀樹,増田 珠,サンタナ,村上 宗隆,オスナ,山田 哲人,西川 遥輝,中村 悠平,吉村 貢司郎
ヤクルト,9月20日(金),長岡 秀樹,並木 秀尊,サンタナ,村上 宗隆,オスナ,山田 哲人,増田 珠,内山 壮真,サイスニード
ヤクルト,9月21日(土),長岡 秀樹,西川 遥輝,サンタナ,村上 宗隆,オスナ,山田 哲人,松本 直樹,岩田 幸宏,山野 太一
ヤクルト,9月22日(日),長岡 秀樹,西川 遥輝,サンタナ,村上 宗隆,オスナ,山田 哲人,中村 悠平,岩田 幸宏,高梨 裕稔
ヤクルト,9月23日(月),長岡 秀樹,西川 遥輝,サンタナ,村上 宗隆,オスナ,山田 哲人,中村 悠平,並木 秀尊,小川 泰弘
ヤクルト,9月25日(水),長岡 秀樹,西川 遥輝,サンタナ,村上 宗隆,オスナ,山田 哲人,丸山 和郁,中村 悠平,高橋 奎二
ヤクルト,9月26日(木),長岡 秀樹,西川 遥輝,サンタナ,村上 宗隆,オスナ,山田 哲人,丸山 和郁,中村 悠平,吉村 貢司郎
ヤクルト,9月28日(土),長岡 秀樹,西川 遥輝,サンタナ,村上 宗隆,オスナ,山田 哲人,丸山 和郁,内山 壮真,山野 太一
ヤクルト,9月29日(日),長岡 秀樹,西川 遥輝,サンタナ,村上 宗隆,オスナ,山田 哲人,増田 珠,中村 悠平,ヤフーレ
ヤクルト,10月2日(水),青木 宣親,長岡 秀樹,サンタナ,村上 宗隆,オスナ,山田 哲人,丸山 和郁,中村 悠平,高橋 奎二
ヤクルト,10月3日(木),長岡 秀樹,西川 遥輝,サンタナ,村上 宗隆,山田 哲人,宮本 丈,中村 悠平,山崎 晃大朗,吉村 貢司郎
ヤクルト,10月5日(土),長岡 秀樹,並木 秀尊,丸山 和郁,村上 宗隆,山田 哲人,増田 珠,松本 直樹,小森 航大郎,山野 太一
ソフトバンク,3月29日(金),周東 佑京,今宮 健太,柳田 悠岐,山川 穂高,近藤 健介,栗原 陵矢,ウォーカー,甲斐 拓也,牧原 大成
ソフトバンク,3月30日(土),周東 佑京,今宮 健太,柳田 悠岐,山川 穂高,近藤 健介,栗原 陵矢,ウォーカー,甲斐 拓也,牧原 大成
ソフトバンク,3月31日(日),周東 佑京,今宮 健太,柳田 悠岐,山川 穂高,近藤 健介,栗原 陵矢,ウォーカー,牧原 大成,海野 隆司
ソフトバンク,4月2日(火),周東 佑京,今宮 健太,柳田 悠岐,山川 穂高,近藤 健介,栗原 陵矢,ウォーカー,甲斐 拓也,牧原 大成
ソフトバンク,4月3日(水),今宮 健太,周東 佑京,柳田 悠岐,山川 穂高,近藤 健介,栗原 陵矢,ウォーカー,甲斐 拓也,牧原 大成
ソフトバンク,4月4日(木),周東 佑京,今宮 健太,柳田 悠岐,山川 穂高,近藤 健介,栗原 陵矢,ウォーカー,海野 隆司,牧原 大成
ソフトバンク,4月5日(金),周東 佑京,今宮 健太,柳田 悠岐,山川 穂高,近藤 健介,栗原 陵矢,ウォーカー,甲斐 拓也,牧原 大成
ソフトバンク,4月6日(土),周東 佑京,川瀬 晃,柳田 悠岐,山川 穂高,近藤 健介,栗原 陵矢,川村 友斗,甲斐 拓也,牧原 大成
ソフトバンク,4月7日(日),周東 佑京,今宮 健太,柳田 悠岐,山川 穂高,近藤 健介,栗原 陵矢,ウォーカー,海野 隆司,牧原 大成
ソフトバンク,4月9日(火),今宮 健太,周東 佑京,柳田 悠岐,山川 穂高,近藤 健介,ウォーカー,栗原 陵矢,甲斐 拓也,牧原 大成
ソフトバンク,4月11日(木),周東 佑京,今宮 健太,柳田 悠岐,山川 穂高,近藤 健介,ウォーカー,栗原 陵矢,甲斐 拓也,牧原 大成
ソフトバンク,4月12日(金),周東 佑京,今宮 健太,柳田 悠岐,山川 穂高,近藤 健介,中村 晃,栗原 陵矢,甲斐 拓也,牧原 大成
ソフトバンク,4月13日(土),周東 佑京,今宮 健太,柳田 悠岐,山川 穂高,近藤 健介,ウォーカー,栗原 陵矢,甲斐 拓也,牧原 大成
ソフトバンク,4月14日(日),周東 佑京,今宮 健太,柳田 悠岐,山川 穂高,近藤 健介,中村 晃,栗原 陵矢,海野 隆司,牧原 大成
ソフトバンク,4月16日(火),周東 佑京,今宮 健太,柳田 悠岐,山川 穂高,近藤 健介,ウォーカー,栗原 陵矢,甲斐 拓也,牧原 大成
ソフトバンク,4月17日(水),周東 佑京,今宮 健太,柳田 悠岐,山川 穂高,近藤 健介,栗原 陵矢,ウォーカー,甲斐 拓也,牧原 大成
ソフトバンク,4月19日(金),周東 佑京,今宮 健太,柳田 悠岐,山川 穂高,近藤 健介,栗原 陵矢,ウォーカー,甲斐 拓也,牧原 大成
ソフトバンク,4月20日(土),周東 佑京,今宮 健太,柳田 悠岐,山川 穂高,近藤 健介,栗原 陵矢,緒方 理貢,甲斐 拓也,牧原 大成
ソフトバンク,4月21日(日),野村 勇,今宮 健太,柳田 悠岐,山川 穂高,近藤 健介,栗原 陵矢,ウォーカー,海野 隆司,緒方 理貢
ソフトバンク,4月23日(火),川村 友斗,今宮 健太,柳田 悠岐,山川 穂高,近藤 健介,中村 晃,栗原 陵矢,甲斐 拓也,牧原 大成
ソフトバンク,4月24日(水),川村 友斗,今宮 健太,柳田 悠岐,山川 穂高,近藤 健介,中村 晃,栗原 陵矢,甲斐 拓也,牧原 大成
ソフトバンク,4月25日(木),川村 友斗,今宮 健太,柳田 悠岐,山川 穂高,近藤 健介,栗原 陵矢,ウォーカー,海野 隆司,牧原 大成
ソフトバンク,4月27日(土),川村 友斗,今宮 健太,柳田 悠岐,山川 穂高,近藤 健介,栗原 陵矢,ウォーカー,甲斐 拓也,牧原 大成
ソフトバンク,4月28日(日),周東 佑京,今宮 健太,柳田 悠岐,山川 穂高,近藤 健介,中村 晃,栗原 陵矢,甲斐 拓也,野村 勇
ソフトバンク,4月29日(月),周東 佑京,今宮 健太,柳田 悠岐,山川 穂高,近藤 健介,川村 友斗,栗原 陵矢,海野 隆司,三森 大貴
ソフトバンク,4月30日(火),周東 佑京,今宮 健太,柳田 悠岐,山川 穂高,近藤 健介,川村 友斗,栗原 陵矢,甲斐 拓也,三森 大貴
ソフトバンク,5月1日(水),周東 佑京,今宮 健太,柳田 悠岐,山川 穂高,近藤 健介,川村 友斗,リチャード,甲斐 拓也,野村 勇
ソフトバンク,5月3日(金),周東 佑京,川瀬 晃,柳田 悠岐,山川 穂高,近藤 健介,川村 友斗,リチャード,海野 隆司,三森 大貴
ソフトバンク,5月4日(土),周東 佑京,川瀬 晃,柳田 悠岐,山川 穂高,近藤 健介,川村 友斗,栗原 陵矢,甲斐 拓也,三森 大貴
ソフトバンク,5月5日(日),周東 佑京,今宮 健太,柳田 悠岐,山川 穂高,近藤 健介,川村 友斗,リチャード,甲斐 拓也,三森 大貴
ソフトバンク,5月6日(月),川村 友斗,川瀬 晃,柳田 悠岐,山川 穂高,近藤 健介,中村 晃,栗原 陵矢,甲斐 拓也,三森 大貴
ソフトバンク,5月7日(火),今宮 健太,栗原 陵矢,柳田 悠岐,山川 穂高,近藤 健介,川村 友斗,リチャード,甲斐 拓也,三森 大貴
ソフトバンク,5月8日(水),川村 友斗,今宮 健太,柳田 悠岐,山川 穂高,近藤 健介,中村 晃,栗原 陵矢,甲斐 拓也,三森 大貴
ソフトバンク,5月11日(土),周東 佑京,今宮 健太,柳田 悠岐,山川 穂高,近藤 健介,川村 友斗,栗原 陵矢,甲斐 拓也,三森 大貴
ソフトバンク,5月14日(火),周東 佑京,今宮 健太,柳田 悠岐,山川 穂高,近藤 健介,川村 友斗,栗原 陵矢,甲斐 拓也,三森 大貴
ソフトバンク,5月15日(水),周東 佑京,川瀬 晃,柳田 悠岐,山川 穂高,近藤 健介,中村 晃,栗原 陵矢,甲斐 拓也,三森 大貴
ソフトバンク,5月17日(金),周東 佑京,今宮 健太,柳田 悠岐,山川 穂高,近藤 健介,中村 晃,栗原 陵矢,甲斐 拓也,三森 大貴
ソフトバンク,5月18日(土),周東 佑京,野村 勇,柳田 悠岐,山川 穂高,近藤 健介,栗原 陵矢,リチャード,海野 隆司,三森 大貴
ソフトバンク,5月19日(日),周東 佑京,野村 勇,柳田 悠岐,山川 穂高,近藤 健介,川村 友斗,栗原 陵矢,海野 隆司,三森 大貴
ソフトバンク,5月21日(火),周東 佑京,今宮 健太,柳田 悠岐,山川 穂高,近藤 健介,栗原 陵矢,川村 友斗,甲斐 拓也,三森 大貴
ソフトバンク,5月22日(水),周東 佑京,今宮 健太,柳田 悠岐,山川 穂高,近藤 健介,栗原 陵矢,中村 晃,海野 隆司,三森 大貴
ソフトバンク,5月24日(金),周東 佑京,今宮 健太,柳田 悠岐,山川 穂高,近藤 健介,栗原 陵矢,リチャード,甲斐 拓也,三森 大貴
ソフトバンク,5月25日(土),周東 佑京,今宮 健太,柳田 悠岐,山川 穂高,近藤 健介,栗原 陵矢,リチャード,海野 隆司,野村 勇
ソフトバンク,5月26日(日),周東 佑京,今宮 健太,柳田 悠岐,山川 穂高,近藤 健介,栗原 陵矢,川村 友斗,甲斐 拓也,三森 大貴
ソフトバンク,5月28日(火),周東 佑京,今宮 健太,柳田 悠岐,山川 穂高,近藤 健介,栗原 陵矢,廣瀨 隆太,甲斐 拓也,有原 航平
ソフトバンク,5月29日(水),周東 佑京,今宮 健太,柳田 悠岐,山川 穂高,近藤 健介,栗原 陵矢,廣瀨 隆太,海野 隆司,大関 友久
ソフトバンク,5月30日(木),柳町 達,川瀬 晃,柳田 悠岐,山川 穂高,近藤 健介,栗原 陵矢,三森 大貴,甲斐 拓也,東浜 巨
ソフトバンク,5月31日(金),柳町 達,今宮 健太,柳田 悠岐,山川 穂高,近藤 健介,栗原 陵矢,川村 友斗,甲斐 拓也,廣瀨 隆太
ソフトバンク,6月1日(土),佐藤 直樹,今宮 健太,栗原 陵矢,山川 穂高,近藤 健介,中村 晃,廣瀨 隆太,海野 隆司,柳町 達
ソフトバンク,6月2日(日),佐藤 直樹,今宮 健太,栗原 陵矢,山川 穂高,近藤 健介,中村 晃,柳町 達,海野 隆司,仲田 慶介
ソフトバンク,6月4日(火),柳町 達,今宮 健太,栗原 陵矢,山川 穂高,近藤 健介,中村 晃,甲斐 拓也,廣瀨 隆太,有原 航平
ソフトバンク,6月5日(水),佐藤 直樹,今宮 健太,栗原 陵矢,山川 穂高,近藤 健介,柳町 達,廣瀨 隆太,海野 隆司,大関 友久
ソフトバンク,6月6日(木),佐藤 直樹,今宮 健太,栗原 陵矢,山川 穂高,近藤 健介,柳町 達,廣瀨 隆太,甲斐 拓也,東浜 巨
ソフトバンク,6月7日(金),周東 佑京,今宮 健太,栗原 陵矢,山川 穂高,近藤 健介,柳町 達,甲斐 拓也,仲田 慶介,モイネロ
ソフトバンク,6月8日(土),周東 佑京,今宮 健太,栗原 陵矢,山川 穂高,近藤 健介,柳町 達,甲斐 拓也,廣瀨 隆太,スチュワート・ジュニア
ソフトバンク,6月9日(日),周東 佑京,今宮 健太,栗原 陵矢,山川 穂高,近藤 健介,柳町 達,海野 隆司,廣瀨 隆太,和田 毅
ソフトバンク,6月11日(火),周東 佑京,今宮 健太,栗原 陵矢,山川 穂高,近藤 健介,柳町 達,中村 晃,甲斐 拓也,廣瀨 隆太
ソフトバンク,6月12日(水),周東 佑京,今宮 健太,栗原 陵矢,山川 穂高,近藤 健介,柳町 達,中村 晃,海野 隆司,廣瀨 隆太
ソフトバンク,6月13日(木),周東 佑京,今宮 健太,栗原 陵矢,山川 穂高,近藤 健介,柳町 達,佐藤 直樹,海野 隆司,廣瀨 隆太
ソフトバンク,6月14日(金),周東 佑京,今宮 健太,栗原 陵矢,山川 穂高,近藤 健介,柳町 達,甲斐 拓也,笹川 吉康,廣瀨 隆太
ソフトバンク,6月15日(土),周東 佑京,今宮 健太,栗原 陵矢,山川 穂高,近藤 健介,柳町 達,甲斐 拓也,笹川 吉康,廣瀨 隆太
ソフトバンク,6月16日(日),周東 佑京,今宮 健太,栗原 陵矢,山川 穂高,近藤 健介,中村 晃,甲斐 拓也,笹川 吉康,廣瀨 隆太
ソフトバンク,6月21日(金),周東 佑京,今宮 健太,栗原 陵矢,山川 穂高,近藤 健介,正木 智也,甲斐 拓也,廣瀨 隆太,佐藤 直樹
ソフトバンク,6月22日(土),周東 佑京,今宮 健太,栗原 陵矢,山川 穂高,近藤 健介,柳町 達,正木 智也,廣瀨 隆太,海野 隆司
ソフトバンク,6月23日(日),周東 佑京,今宮 健太,栗原 陵矢,山川 穂高,近藤 健介,正木 智也,甲斐 拓也,廣瀨 隆太,佐藤 直樹
ソフトバンク,6月25日(火),周東 佑京,今宮 健太,栗原 陵矢,山川 穂高,近藤 健介,正木 智也,甲斐 拓也,廣瀨 隆太,佐藤 直樹
ソフトバンク,6月26日(水),周東 佑京,今宮 健太,栗原 陵矢,山川 穂高,近藤 健介,柳町 達,正木 智也,廣瀨 隆太,海野 隆司
ソフトバンク,6月27日(木),佐藤 直樹,今宮 健太,栗原 陵矢,山川 穂高,近藤 健介,正木 智也,甲斐 拓也,廣瀨 隆太,緒方 理貢
ソフトバンク,6月28日(金),周東 佑京,今宮 健太,栗原 陵矢,山川 穂高,近藤 健介,正木 智也,柳町 達,甲斐 拓也,廣瀨 隆太
ソフトバンク,6月29日(土),周東 佑京,川瀬 晃,栗原 陵矢,山川 穂高,近藤 健介,柳町 達,正木 智也,廣瀨 隆太,海野 隆司
ソフトバンク,6月30日(日),佐藤 直樹,周東 佑京,栗原 陵矢,山川 穂高,近藤 健介,正木 智也,甲斐 拓也,廣瀨 隆太,川瀬 晃
ソフトバンク,7月2日(火),周東 佑京,今宮 健太,栗原 陵矢,山川 穂高,近藤 健介,正木 智也,柳町 達,廣瀨 隆太,甲斐 拓也
ソフトバンク,7月4日(木),周東 佑京,今宮 健太,栗原 陵矢,山川 穂高,近藤 健介,正木 智也,中村 晃,海野 隆司,廣瀨 隆太
ソフトバンク,7月5日(金),周東 佑京,今宮 健太,栗原 陵矢,山川 穂高,近藤 健介,正木 智也,吉田 賢吾,海野 隆司,廣瀨 隆太
ソフトバンク,7月6日(土),周東 佑京,今宮 健太,栗原 陵矢,山川 穂高,近藤 健介,正木 智也,柳町 達,海野 隆司,廣瀨 隆太
ソフトバンク,7月7日(日),周東 佑京,今宮 健太,栗原 陵矢,山川 穂高,近藤 健介,中村 晃,正木 智也,甲斐 拓也,廣瀨 隆太
ソフトバンク,7月9日(火),周東 佑京,今宮 健太,栗原 陵矢,山川 穂高,近藤 健介,中村 晃,川村 友斗,甲斐 拓也,廣瀨 隆太
ソフトバンク,7月10日(水),今宮 健太,周東 佑京,栗原 陵矢,山川 穂高,近藤 健介,中村 晃,正木 智也,廣瀨 隆太,甲斐 拓也
ソフトバンク,7月12日(金),今宮 健太,周東 佑京,栗原 陵矢,山川 穂高,近藤 健介,正木 智也,吉田 賢吾,甲斐 拓也,廣瀨 隆太
ソフトバンク,7月13日(土),周東 佑京,今宮 健太,栗原 陵矢,山川 穂高,近藤 健介,柳町 達,正木 智也,廣瀨 隆太,海野 隆司
ソフトバンク,7月14日(日),川瀬 晃,今宮 健太,栗原 陵矢,山川 穂高,近藤 健介,中村 晃,正木 智也,柳町 達,甲斐 拓也
ソフトバンク,7月15日(月),周東 佑京,今宮 健太,栗原 陵矢,山川 穂高,近藤 健介,柳町 達,正木 智也,海野 隆司,牧原 大成
ソフトバンク,7月16日(火),今宮 健太,吉田 賢吾,栗原 陵矢,山川 穂高,近藤 健介,正木 智也,柳町 達,甲斐 拓也,牧原 大成
ソフトバンク,7月17日(水),今宮 健太,吉田 賢吾,栗原 陵矢,山川 穂高,近藤 健介,正木 智也,牧原 大成,甲斐 拓也,周東 佑京
ソフトバンク,7月19日(金),今宮 健太,吉田 賢吾,栗原 陵矢,山川 穂高,近藤 健介,正木 智也,牧原 大成,甲斐 拓也,周東 佑京
ソフトバンク,7月20日(土),川瀬 晃,周東 佑京,栗原 陵矢,山川 穂高,近藤 健介,正木 智也,柳町 達,牧原 大成,海野 隆司
ソフトバンク,7月21日(日),今宮 健太,吉田 賢吾,栗原 陵矢,山川 穂高,近藤 健介,正木 智也,甲斐 拓也,牧原 大成,周東 佑京
ソフトバンク,7月26日(金),今宮 健太,野村 勇,栗原 陵矢,山川 穂高,近藤 健介,正木 智也,甲斐 拓也,吉田 賢吾,周東 佑京
ソフトバンク,7月27日(土),今宮 健太,周東 佑京,栗原 陵矢,山川 穂高,近藤 健介,正木 智也,中村 晃,甲斐 拓也,牧原 大成
ソフトバンク,7月28日(日),今宮 健太,周東 佑京,栗原 陵矢,山川 穂高,近藤 健介,正木 智也,柳町 達,海野 隆司,牧原 大成
ソフトバンク,7月30日(火),今宮 健太,周東 佑京,栗原 陵矢,山川 穂高,近藤 健介,正木 智也,井上 朋也,甲斐 拓也,牧原 大成
ソフトバンク,7月31日(水),今宮 健太,周東 佑京,栗原 陵矢,山川 穂高,近藤 健介,正木 智也,井上 朋也,海野 隆司,牧原 大成
ソフトバンク,8月1日(木),今宮 健太,周東 佑京,栗原 陵矢,山川 穂高,近藤 健介,正木 智也,柳町 達,甲斐 拓也,牧原 大成
ソフトバンク,8月2日(金),川瀬 晃,今宮 健太,栗原 陵矢,山川 穂高,近藤 健介,正木 智也,甲斐 拓也,井上 朋也,緒方 理貢
ソフトバンク,8月3日(土),柳町 達,今宮 健太,栗原 陵矢,山川 穂高,近藤 健介,正木 智也,甲斐 拓也,川瀬 晃,周東 佑京
ソフトバンク,8月4日(日),川瀬 晃,今宮 健太,栗原 陵矢,山川 穂高,近藤 健介,正木 智也,柳町 達,海野 隆司,周東 佑京
ソフトバンク,8月6日(火),牧原 大成,今宮 健太,栗原 陵矢,山川 穂高,近藤 健介,正木 智也,甲斐 拓也,井上 朋也,周東 佑京
ソフトバンク,8月7日(水),牧原 大成,今宮 健太,栗原 陵矢,山川 穂高,近藤 健介,正木 智也,柳町 達,甲斐 拓也,周東 佑京
ソフトバンク,8月8日(木),牧原 大成,今宮 健太,栗原 陵矢,山川 穂高,近藤 健介,正木 智也,柳町 達,甲斐 拓也,佐藤 直樹
ソフトバンク,8月10日(土),牧原 大成,今宮 健太,栗原 陵矢,山川 穂高,近藤 健介,正木 智也,柳町 達,甲斐 拓也,周東 佑京
ソフトバンク,8月11日(日),牧原 大成,今宮 健太,栗原 陵矢,山川 穂高,近藤 健介,中村 晃,柳町 達,甲斐 拓也,周東 佑京
ソフトバンク,8月12日(月),牧原 大成,今宮 健太,栗原 陵矢,山川 穂高,近藤 健介,正木 智也,柳町 達,海野 隆司,周東 佑京
ソフトバンク,8月13日(火),牧原 大成,今宮 健太,栗原 陵矢,山川 穂高,近藤 健介,正木 智也,柳町 達,甲斐 拓也,川村 友斗
ソフトバンク,8月14日(水),周東 佑京,今宮 健太,栗原 陵矢,山川 穂高,近藤 健介,正木 智也,石塚 綜一郎,海野 隆司,牧原 大成
ソフトバンク,8月15日(木),周東 佑京,川瀬 晃,柳町 達,山川 穂高,近藤 健介,正木 智也,甲斐 拓也,牧原 大成,野村 勇
ソフトバンク,8月16日(金),周東 佑京,今宮 健太,柳町 達,山川 穂高,近藤 健介,正木 智也,甲斐 拓也,牧原 大成,川瀬 晃
ソフトバンク,8月17日(土),佐藤 直樹,今宮 健太,柳町 達,山川 穂高,近藤 健介,甲斐 拓也,牧原 大成,石塚 綜一郎,川瀬 晃
ソフトバンク,8月18日(日),周東 佑京,今宮 健太,栗原 陵矢,山川 穂高,近藤 健介,正木 智也,柳町 達,甲斐 拓也,牧原 大成
ソフトバンク,8月20日(火),周東 佑京,今宮 健太,栗原 陵矢,山川 穂高,近藤 健介,正木 智也,柳町 達,甲斐 拓也,牧原 大成
ソフトバンク,8月21日(水),周東 佑京,今宮 健太,栗原 陵矢,山川 穂高,近藤 健介,柳町 達,石塚 綜一郎,海野 隆司,牧原 大成
ソフトバンク,8月23日(金),牧原 大成,今宮 健太,栗原 陵矢,山川 穂高,近藤 健介,正木 智也,柳町 達,甲斐 拓也,周東 佑京
ソフトバンク,8月24日(土),牧原 大成,今宮 健太,栗原 陵矢,山川 穂高,近藤 健介,正木 智也,甲斐 拓也,川村 友斗,周東 佑京
ソフトバンク,8月25日(日),川瀬 晃,牧原 大成,栗原 陵矢,山川 穂高,近藤 健介,正木 智也,柳町 達,甲斐 拓也,周東 佑京
ソフトバンク,8月27日(火),今宮 健太,野村 勇,栗原 陵矢,山川 穂高,近藤 健介,正木 智也,甲斐 拓也,石塚 綜一郎,佐藤 直樹
ソフトバンク,8月28日(水),周東 佑京,今宮 健太,栗原 陵矢,山川 穂高,近藤 健介,正木 智也,柳町 達,海野 隆司,牧原 大成
ソフトバンク,8月30日(金),牧原 大成,今宮 健太,栗原 陵矢,山川 穂高,近藤 健介,正木 智也,甲斐 拓也,川村 友斗,周東 佑京
ソフトバンク,8月31日(土),佐藤 直樹,今宮 健太,栗原 陵矢,山川 穂高,近藤 健介,正木 智也,石塚 綜一郎,甲斐 拓也,野村 勇
ソフトバンク,9月1日(日),周東 佑京,今宮 健太,栗原 陵矢,山川 穂高,近藤 健介,正木 智也,石塚 綜一郎,甲斐 拓也,牧原 大成
ソフトバンク,9月3日(火),周東 佑京,川瀬 晃,栗原 陵矢,山川 穂高,近藤 健介,正木 智也,今宮 健太,甲斐 拓也,牧原 大成
ソフトバンク,9月4日(水),周東 佑京,今宮 健太,栗原 陵矢,山川 穂高,近藤 健介,正木 智也,石塚 綜一郎,海野 隆司,牧原 大成
ソフトバンク,9月6日(金),周東 佑京,今宮 健太,栗原 陵矢,山川 穂高,近藤 健介,正木 智也,柳町 達,甲斐 拓也,牧原 大成
ソフトバンク,9月7日(土),周東 佑京,川瀬 晃,栗原 陵矢,山川 穂高,近藤 健介,正木 智也,柳町 達,甲斐 拓也,牧原 大成
ソフトバンク,9月8日(日),牧原 大成,今宮 健太,栗原 陵矢,山川 穂高,近藤 健介,正木 智也,石塚 綜一郎,甲斐 拓也,佐藤 直樹
ソフトバンク,9月10日(火),周東 佑京,今宮 健太,栗原 陵矢,山川 穂高,近藤 健介,正木 智也,甲斐 拓也,石塚 綜一郎,牧原 大成
ソフトバンク,9月11日(水),川瀬 晃,今宮 健太,栗原 陵矢,山川 穂高,近藤 健介,正木 智也,中村 晃,海野 隆司,緒方 理貢
ソフトバンク,9月13日(金),周東 佑京,今宮 健太,栗原 陵矢,山川 穂高,近藤 健介,正木 智也,中村 晃,甲斐 拓也,牧原 大成
ソフトバンク,9月14日(土),川瀬 晃,緒方 理貢,栗原 陵矢,山川 穂高,近藤 健介,正木 智也,柳町 達,甲斐 拓也,牧原 大成
ソフトバンク,9月15日(日),今宮 健太,野村 勇,栗原 陵矢,山川 穂高,近藤 健介,正木 智也,甲斐 拓也,石塚 綜一郎,佐藤 直樹
ソフトバンク,9月16日(月),今宮 健太,周東 佑京,栗原 陵矢,山川 穂高,近藤 健介,正木 智也,甲斐 拓也,野村 勇,佐藤 直樹
ソフトバンク,9月17日(火),今宮 健太,周東 佑京,栗原 陵矢,山川 穂高,正木 智也,石塚 綜一郎,柳町 達,甲斐 拓也,牧原 大成
ソフトバンク,9月18日(水),川瀬 晃,今宮 健太,栗原 陵矢,山川 穂高,中村 晃,正木 智也,柳町 達,海野 隆司,周東 佑京
ソフトバンク,9月20日(金),佐藤 直樹,今宮 健太,栗原 陵矢,山川 穂高,中村 晃,正木 智也,牧原 大成,甲斐 拓也,周東 佑京
ソフトバンク,9月21日(土),緒方 理貢,今宮 健太,栗原 陵矢,山川 穂高,中村 晃,正木 智也,川瀬 晃,甲斐 拓也,周東 佑京
ソフトバンク,9月22日(日),周東 佑京,今宮 健太,栗原 陵矢,山川 穂高,中村 晃,柳町 達,牧原 大成,甲斐 拓也,川村 友斗
ソフトバンク,9月23日(月),周東 佑京,今宮 健太,栗原 陵矢,山川 穂高,中村 晃,柳町 達,牧原 大成,甲斐 拓也,川村 友斗
ソフトバンク,9月25日(水),周東 佑京,今宮 健太,栗原 陵矢,山川 穂高,正木 智也,柳町 達,ダウンズ,甲斐 拓也,佐藤 直樹
ソフトバンク,9月26日(木),川村 友斗,今宮 健太,栗原 陵矢,山川 穂高,正木 智也,柳町 達,牧原 大成,甲斐 拓也,緒方 理貢
ソフトバンク,9月28日(土),ダウンズ,緒方 理貢,栗原 陵矢,山川 穂高,正木 智也,谷川原 健太,柳町 達,川瀬 晃,周東 佑京
ソフトバンク,9月29日(日),ダウンズ,川瀬 晃,栗原 陵矢,山川 穂高,正木 智也,谷川原 健太,今宮 健太,柳町 達,佐藤 直樹
ソフトバンク,9月30日(月),ダウンズ,柳田 悠岐,栗原 陵矢,山川 穂高,正木 智也,柳町 達,笹川 吉康,甲斐 拓也,牧原 大成
ソフトバンク,10月1日(火),ダウンズ,柳田 悠岐,栗原 陵矢,山川 穂高,正木 智也,谷川原 健太,今宮 健太,笹川 吉康,佐藤 直樹
ソフトバンク,10月3日(木),ダウンズ,柳田 悠岐,栗原 陵矢,山川 穂高,正木 智也,今宮 健太,甲斐 拓也,笹川 吉康,佐藤 直樹
ソフトバンク,10月4日(金),ダウンズ,柳田 悠岐,栗原 陵矢,山川 穂高,正木 智也,今宮 健太,柳町 達,甲斐 拓也,川村 友斗
日本ハム,3月29日(金),松本 剛,スティーブンソン,万波 中正,マルティネス,野村 佑希,レイエス,水野 達稀,奈良間 大己,田宮 裕涼
日本ハム,3月30日(土),松本 剛,スティーブンソン,万波 中正,マルティネス,野村 佑希,レイエス,水野 達稀,奈良間 大己,田宮 裕涼
日本ハム,3月31日(日),スティーブンソン,松本 剛,万波 中正,マルティネス,郡司 裕也,レイエス,田宮 裕涼,水野 達稀,細川 凌平
日本ハム,4月2日(火),スティーブンソン,松本 剛,万波 中正,マルティネス,野村 佑希,水野 達稀,レイエス,石井 一成,伏見 寅威
日本ハム,4月3日(水),水野 達稀,松本 剛,万波 中正,マルティネス,野村 佑希,田宮 裕涼,レイエス,石井 一成,五十幡 亮汰
日本ハム,4月5日(金),加藤 豪将,松本 剛,万波 中正,マルティネス,野村 佑希,田宮 裕涼,水野 達稀,奈良間 大己,スティーブンソン
日本ハム,4月6日(土),加藤 豪将,松本 剛,万波 中正,マルティネス,田宮 裕涼,郡司 裕也,水野 達稀,野村 佑希,石井 一成
日本ハム,4月7日(日),田宮 裕涼,松本 剛,万波 中正,マルティネス,加藤 豪将,野村 佑希,水野 達稀,レイエス,スティーブンソン
日本ハム,4月9日(火),郡司 裕也,松本 剛,万波 中正,マルティネス,スティーブンソン,レイエス,水野 達稀,伏見 寅威,奈良間 大己
日本ハム,4月11日(木),郡司 裕也,松本 剛,万波 中正,マルティネス,田宮 裕涼,水谷 瞬,水野 達稀,野村 佑希,石井 一成
日本ハム,4月12日(金),郡司 裕也,松本 剛,万波 中正,マルティネス,田宮 裕涼,上川畑 大悟,レイエス,水野 達稀,五十幡 亮汰
日本ハム,4月13日(土),郡司 裕也,五十幡 亮汰,万波 中正,マルティネス,水谷 瞬,上川畑 大悟,レイエス,水野 達稀,伏見 寅威
日本ハム,4月14日(日),郡司 裕也,五十幡 亮汰,万波 中正,マルティネス,加藤 豪将,田宮 裕涼,レイエス,上川畑 大悟,スティーブンソン
日本ハム,4月16日(火),郡司 裕也,五十幡 亮汰,万波 中正,マルティネス,レイエス,水野 達稀,伏見 寅威,上川畑 大悟,スティーブンソン
日本ハム,4月17日(水),郡司 裕也,松本 剛,万波 中正,マルティネス,レイエス,石井 一成,水谷 瞬,伏見 寅威,水野 達稀
日本ハム,4月19日(金),郡司 裕也,松本 剛,万波 中正,マルティネス,田宮 裕涼,レイエス,清宮 幸太郎,上川畑 大悟,水野 達稀
日本ハム,4月20日(土),郡司 裕也,松本 剛,万波 中正,マルティネス,田宮 裕涼,レイエス,水野 達稀,水谷 瞬,奈良間 大己
日本ハム,4月21日(日),郡司 裕也,松本 剛,万波 中正,マルティネス,加藤 豪将,清宮 幸太郎,田宮 裕涼,水野 達稀,中島 卓也
日本ハム,4月23日(火),郡司 裕也,松本 剛,万波 中正,マルティネス,清宮 幸太郎,レイエス,石井 一成,伏見 寅威,水野 達稀
日本ハム,4月25日(木),郡司 裕也,松本 剛,万波 中正,マルティネス,田宮 裕涼,上川畑 大悟,レイエス,清宮 幸太郎,水野 達稀
日本ハム,4月27日(土),加藤 豪将,五十幡 亮汰,万波 中正,マルティネス,田宮 裕涼,郡司 裕也,松本 剛,上川畑 大悟,水野 達稀
日本ハム,4月28日(日),加藤 豪将,五十幡 亮汰,万波 中正,マルティネス,田宮 裕涼,郡司 裕也,上川畑 大悟,清宮 幸太郎,中島 卓也
日本ハム,4月29日(月),郡司 裕也,松本 剛,万波 中正,マルティネス,田宮 裕涼,レイエス,水野 達稀,奈良間 大己,五十幡 亮汰
日本ハム,4月30日(火),細川 凌平,松本 剛,万波 中正,マルティネス,石井 一成,水野 達稀,伏見 寅威,五十幡 亮汰,奈良間 大己
日本ハム,5月1日(水),細川 凌平,松本 剛,万波 中正,マルティネス,田宮 裕涼,郡司 裕也,清宮 幸太郎,上川畑 大悟,水野 達稀
日本ハム,5月3日(金),加藤 豪将,松本 剛,田宮 裕涼,マルティネス,万波 中正,郡司 裕也,五十幡 亮汰,奈良間 大己,水野 達稀
日本ハム,5月4日(土),清宮 幸太郎,松本 剛,レイエス,マルティネス,万波 中正,郡司 裕也,石井 一成,伏見 寅威,上川畑 大悟
日本ハム,5月5日(日),郡司 裕也,五十幡 亮汰,田宮 裕涼,マルティネス,万波 中正,レイエス,松本 剛,上川畑 大悟,水野 達稀
日本ハム,5月6日(月),郡司 裕也,今川 優馬,田宮 裕涼,マルティネス,野村 佑希,上川畑 大悟,松本 剛,レイエス,水野 達稀
日本ハム,5月7日(火),加藤 豪将,松本 剛,郡司 裕也,マルティネス,野村 佑希,万波 中正,上川畑 大悟,伏見 寅威,水野 達稀
日本ハム,5月8日(水),石井 一成,松本 剛,郡司 裕也,野村 佑希,田宮 裕涼,万波 中正,レイエス,水野 達稀,今川 優馬
日本ハム,5月10日(金),細川 凌平,松本 剛,郡司 裕也,マルティネス,田宮 裕涼,万波 中正,野村 佑希,上川畑 大悟,水野 達稀
日本ハム,5月11日(土),万波 中正,松本 剛,郡司 裕也,マルティネス,田宮 裕涼,野村 佑希,レイエス,上川畑 大悟,水野 達稀
日本ハム,5月12日(日),今川 優馬,松本 剛,郡司 裕也,マルティネス,田宮 裕涼,万波 中正,野村 佑希,上川畑 大悟,水野 達稀
日本ハム,5月14日(火),田宮 裕涼,松本 剛,郡司 裕也,マルティネス,石井 一成,万波 中正,スティーブンソン,伏見 寅威,水野 達稀
日本ハム,5月15日(水),スティーブンソン,松本 剛,郡司 裕也,マルティネス,万波 中正,石井 一成,田宮 裕涼,野村 佑希,水野 達稀
日本ハム,5月17日(金),スティーブンソン,松本 剛,郡司 裕也,マルティネス,細川 凌平,万波 中正,田宮 裕涼,上川畑 大悟,水野 達稀
日本ハム,5月18日(土),野村 佑希,松本 剛,郡司 裕也,マルティネス,万波 中正,田宮 裕涼,今川 優馬,上川畑 大悟,水野 達稀
日本ハム,5月19日(日),今川 優馬,松本 剛,郡司 裕也,マルティネス,万波 中正,田宮 裕涼,野村 佑希,石井 一成,上川畑 大悟
日本ハム,5月21日(火),中島 卓也,松本 剛,郡司 裕也,マルティネス,水谷 瞬,万波 中正,スティーブンソン,伏見 寅威,水野 達稀
日本ハム,5月22日(水),万波 中正,松本 剛,郡司 裕也,マルティネス,水谷 瞬,田宮 裕涼,スティーブンソン,上川畑 大悟,水野 達稀
日本ハム,5月23日(木),加藤 豪将,松本 剛,郡司 裕也,マルティネス,田宮 裕涼,万波 中正,野村 佑希,上川畑 大悟,水野 達稀
日本ハム,5月24日(金),郡司 裕也,水谷 瞬,松本 剛,マルティネス,万波 中正,田宮 裕涼,野村 佑希,石井 一成,水野 達稀
日本ハム,5月25日(土),水谷 瞬,郡司 裕也,松本 剛,マルティネス,万波 中正,奈良間 大己,伏見 寅威,五十幡 亮汰,水野 達稀
日本ハム,5月26日(日),スティーブンソン,松本 剛,郡司 裕也,マルティネス,田宮 裕涼,万波 中正,野村 佑希,上川畑 大悟,水野 達稀
日本ハム,5月29日(水),水谷 瞬,万波 中正,郡司 裕也,マルティネス,松本 剛,田宮 裕涼,石井 一成,水野 達稀,伊藤 大海
日本ハム,5月30日(木),万波 中正,水谷 瞬,郡司 裕也,マルティネス,松本 剛,山﨑 福也,伏見 寅威,水野 達稀,細川 凌平
日本ハム,5月31日(金),万波 中正,水谷 瞬,郡司 裕也,マルティネス,松本 剛,田宮 裕涼,宮崎 一樹,上川畑 大悟,水野 達稀
日本ハム,6月1日(土),松本 剛,五十幡 亮汰,郡司 裕也,マルティネス,田宮 裕涼,万波 中正,水野 達稀,伏見 寅威,中島 卓也
日本ハム,6月2日(日),水谷 瞬,松本 剛,郡司 裕也,マルティネス,田宮 裕涼,万波 中正,水野 達稀,野村 佑希,上川畑 大悟
日本ハム,6月4日(火),水谷 瞬,松本 剛,郡司 裕也,マルティネス,田宮 裕涼,万波 中正,水野 達稀,上川畑 大悟,北山 亘基
日本ハム,6月5日(水),水谷 瞬,水野 達稀,郡司 裕也,マルティネス,田宮 裕涼,万波 中正,松本 剛,上川畑 大悟,伊藤 大海
日本ハム,6月6日(木),郡司 裕也,水野 達稀,水谷 瞬,田宮 裕涼,野村 佑希,松本 剛,万波 中正,細川 凌平,鈴木 健矢
日本ハム,6月7日(金),万波 中正,水野 達稀,水谷 瞬,マルティネス,松本 剛,上川畑 大悟,奈良間 大己,伏見 寅威,山﨑 福也
日本ハム,6月8日(土),万波 中正,水野 達稀,水谷 瞬,マルティネス,田宮 裕涼,松本 剛,郡司 裕也,上川畑 大悟,金村 尚真
日本ハム,6月9日(日),万波 中正,松本 剛,水谷 瞬,マルティネス,田宮 裕涼,郡司 裕也,水野 達稀,中島 卓也,加藤 貴之
日本ハム,6月11日(火),万波 中正,松本 剛,水谷 瞬,マルティネス,郡司 裕也,清宮 幸太郎,清水 優心,上川畑 大悟,水野 達稀
日本ハム,6月12日(水),郡司 裕也,清宮 幸太郎,水谷 瞬,マルティネス,田宮 裕涼,万波 中正,松本 剛,上川畑 大悟,奈良間 大己
日本ハム,6月13日(木),郡司 裕也,清宮 幸太郎,水谷 瞬,マルティネス,田宮 裕涼,万波 中正,五十幡 亮汰,上川畑 大悟,水野 達稀
日本ハム,6月14日(金),郡司 裕也,清宮 幸太郎,水谷 瞬,マルティネス,万波 中正,松本 剛,上川畑 大悟,伏見 寅威,水野 達稀
日本ハム,6月15日(土),万波 中正,松本 剛,水谷 瞬,マルティネス,田宮 裕涼,レイエス,郡司 裕也,奈良間 大己,水野 達稀
日本ハム,6月16日(日),野村 佑希,松本 剛,田宮 裕涼,清宮 幸太郎,万波 中正,細川 凌平,レイエス,水野 達稀,五十幡 亮汰
日本ハム,6月18日(火),郡司 裕也,松本 剛,水谷 瞬,マルティネス,万波 中正,水野 達稀,進藤 勇也,上川畑 大悟,細野 晴希
日本ハム,6月21日(金),郡司 裕也,清宮 幸太郎,水谷 瞬,マルティネス,万波 中正,上川畑 大悟,松本 剛,水野 達稀,清水 優心
日本ハム,6月22日(土),郡司 裕也,清宮 幸太郎,水谷 瞬,レイエス,田宮 裕涼,万波 中正,上川畑 大悟,福田 光輝,五十幡 亮汰
日本ハム,6月23日(日),万波 中正,マルティネス,水谷 瞬,レイエス,田宮 裕涼,郡司 裕也,松本 剛,福田 光輝,上川畑 大悟
日本ハム,6月25日(火),清宮 幸太郎,万波 中正,水谷 瞬,マルティネス,田宮 裕涼,レイエス,福田 光輝,郡司 裕也,中島 卓也
日本ハム,6月26日(水),万波 中正,淺間 大基,水谷 瞬,マルティネス,田宮 裕涼,郡司 裕也,レイエス,上川畑 大悟,奈良間 大己
日本ハム,6月28日(金),田宮 裕涼,淺間 大基,水谷 瞬,マルティネス,郡司 裕也,万波 中正,福田 光輝,伏見 寅威,細川 凌平
日本ハム,6月29日(土),万波 中正,水谷 瞬,郡司 裕也,マルティネス,田宮 裕涼,レイエス,奈良間 大己,上川畑 大悟,五十幡 亮汰
日本ハム,6月30日(日),万波 中正,淺間 大基,郡司 裕也,マルティネス,水谷 瞬,伏見 寅威,レイエス,上川畑 大悟,奈良間 大己
日本ハム,7月2日(火),水谷 瞬,石井 一成,清宮 幸太郎,郡司 裕也,万波 中正,田宮 裕涼,レイエス,上川畑 大悟,五十幡 亮汰
日本ハム,7月3日(水),水谷 瞬,石井 一成,清宮 幸太郎,郡司 裕也,レイエス,上川畑 大悟,万波 中正,五十幡 亮汰,伏見 寅威
日本ハム,7月4日(木),水谷 瞬,石井 一成,レイエス,郡司 裕也,マルティネス,上川畑 大悟,万波 中正,五十幡 亮汰,清水 優心
日本ハム,7月6日(土),水谷 瞬,石井 一成,松本 剛,郡司 裕也,田宮 裕涼,万波 中正,清宮 幸太郎,上川畑 大悟,五十幡 亮汰
日本ハム,7月7日(日),五十幡 亮汰,松本 剛,レイエス,水谷 瞬,郡司 裕也,田宮 裕涼,マルティネス,上川畑 大悟,中島 卓也
日本ハム,7月9日(火),水谷 瞬,万波 中正,清宮 幸太郎,マルティネス,レイエス,松本 剛,上川畑 大悟,伏見 寅威,石井 一成
日本ハム,7月10日(水),水谷 瞬,万波 中正,清宮 幸太郎,マルティネス,レイエス,田宮 裕涼,石井 一成,上川畑 大悟,松本 剛
日本ハム,7月12日(金),水谷 瞬,万波 中正,郡司 裕也,マルティネス,野村 佑希,田宮 裕涼,上川畑 大悟,石井 一成,松本 剛
日本ハム,7月13日(土),淺間 大基,万波 中正,清宮 幸太郎,マルティネス,レイエス,石井 一成,野村 佑希,上川畑 大悟,伏見 寅威
日本ハム,7月14日(日),水谷 瞬,万波 中正,郡司 裕也,レイエス,石井 一成,野村 佑希,上川畑 大悟,伏見 寅威,淺間 大基
日本ハム,7月15日(月),水谷 瞬,万波 中正,郡司 裕也,レイエス,石井 一成,松本 剛,田宮 裕涼,野村 佑希,上川畑 大悟
日本ハム,7月16日(火),野村 佑希,万波 中正,郡司 裕也,レイエス,石井 一成,マルティネス,上川畑 大悟,伏見 寅威,松本 剛
日本ハム,7月17日(水),水谷 瞬,万波 中正,郡司 裕也,レイエス,マルティネス,野村 佑希,石井 一成,奈良間 大己,田宮 裕涼
日本ハム,7月19日(金),水谷 瞬,万波 中正,郡司 裕也,レイエス,マルティネス,石井 一成,松本 剛,田宮 裕涼,奈良間 大己
日本ハム,7月20日(土),淺間 大基,万波 中正,郡司 裕也,マルティネス,石井 一成,野村 佑希,清宮 幸太郎,伏見 寅威,奈良間 大己
日本ハム,7月21日(日),淺間 大基,水谷 瞬,郡司 裕也,マルティネス,石井 一成,清宮 幸太郎,万波 中正,田宮 裕涼,奈良間 大己
日本ハム,7月26日(金),水谷 瞬,万波 中正,郡司 裕也,レイエス,石井 一成,松本 剛,清宮 幸太郎,田宮 裕涼,奈良間 大己
日本ハム,7月27日(土),水谷 瞬,万波 中正,レイエス,マルティネス,野村 佑希,石井 一成,松本 剛,伏見 寅威,奈良間 大己
日本ハム,7月28日(日),水谷 瞬,清宮 幸太郎,郡司 裕也,レイエス,石井 一成,万波 中正,松本 剛,伏見 寅威,奈良間 大己
日本ハム,7月30日(火),水谷 瞬,清宮 幸太郎,郡司 裕也,レイエス,石井 一成,松本 剛,万波 中正,田宮 裕涼,上川畑 大悟
日本ハム,7月31日(水),淺間 大基,郡司 裕也,清宮 幸太郎,マルティネス,松本 剛,石井 一成,野村 佑希,伏見 寅威,奈良間 大己
日本ハム,8月1日(木),淺間 大基,郡司 裕也,清宮 幸太郎,マルティネス,松本 剛,石井 一成,野村 佑希,伏見 寅威,奈良間 大己
日本ハム,8月2日(金),水谷 瞬,清宮 幸太郎,郡司 裕也,マルティネス,松本 剛,石井 一成,レイエス,伏見 寅威,上川畑 大悟
日本ハム,8月3日(土),淺間 大基,郡司 裕也,清宮 幸太郎,マルティネス,松本 剛,石井 一成,万波 中正,伏見 寅威,奈良間 大己
日本ハム,8月4日(日),水谷 瞬,清宮 幸太郎,郡司 裕也,レイエス,松本 剛,石井 一成,万波 中正,上川畑 大悟,伏見 寅威
日本ハム,8月6日(火),松本 剛,清宮 幸太郎,郡司 裕也,マルティネス,万波 中正,田宮 裕涼,野村 佑希,石井 一成,水野 達稀
日本ハム,8月7日(水),松本 剛,郡司 裕也,清宮 幸太郎,マルティネス,万波 中正,田宮 裕涼,上川畑 大悟,伏見 寅威,水野 達稀
日本ハム,8月8日(木),松本 剛,水谷 瞬,清宮 幸太郎,野村 佑希,万波 中正,レイエス,田宮 裕涼,石井 一成,水野 達稀
日本ハム,8月10日(土),松本 剛,淺間 大基,郡司 裕也,清宮 幸太郎,万波 中正,石井 一成,マルティネス,伏見 寅威,水野 達稀
日本ハム,8月11日(日),松本 剛,水谷 瞬,郡司 裕也,清宮 幸太郎,万波 中正,石井 一成,レイエス,伏見 寅威,水野 達稀
日本ハム,8月12日(月),松本 剛,郡司 裕也,野村 佑希,清宮 幸太郎,万波 中正,田宮 裕涼,レイエス,奈良間 大己,水野 達稀
日本ハム,8月13日(火),松本 剛,郡司 裕也,水谷 瞬,清宮 幸太郎,レイエス,田宮 裕涼,万波 中正,石井 一成,奈良間 大己
日本ハム,8月14日(水),松本 剛,レイエス,水谷 瞬,清宮 幸太郎,郡司 裕也,万波 中正,上川畑 大悟,伏見 寅威,水野 達稀
日本ハム,8月15日(木),松本 剛,細川 凌平,マルティネス,清宮 幸太郎,淺間 大基,レイエス,石井 一成,伏見 寅威,水野 達稀
日本ハム,8月16日(金),松本 剛,淺間 大基,郡司 裕也,レイエス,マルティネス,石井 一成,万波 中正,田宮 裕涼,水野 達稀
日本ハム,8月17日(土),水谷 瞬,松本 剛,郡司 裕也,清宮 幸太郎,レイエス,上川畑 大悟,万波 中正,田宮 裕涼,水野 達稀
日本ハム,8月18日(日),淺間 大基,五十幡 亮汰,郡司 裕也,清宮 幸太郎,レイエス,上川畑 大悟,万波 中正,田宮 裕涼,水野 達稀
日本ハム,8月20日(火),水谷 瞬,松本 剛,郡司 裕也,清宮 幸太郎,レイエス,石井 一成,万波 中正,田宮 裕涼,水野 達稀
日本ハム,8月21日(水),水谷 瞬,松本 剛,郡司 裕也,清宮 幸太郎,レイエス,奈良間 大己,万波 中正,伏見 寅威,水野 達稀
日本ハム,8月22日(木),水谷 瞬,松本 剛,淺間 大基,清宮 幸太郎,レイエス,石井 一成,マルティネス,梅林 優貴,水野 達稀
日本ハム,8月23日(金),水谷 瞬,松本 剛,淺間 大基,清宮 幸太郎,レイエス,上川畑 大悟,マルティネス,伏見 寅威,水野 達稀
日本ハム,8月24日(土),淺間 大基,上川畑 大悟,郡司 裕也,清宮 幸太郎,レイエス,万波 中正,マルティネス,田宮 裕涼,水野 達稀
日本ハム,8月25日(日),水谷 瞬,万波 中正,郡司 裕也,清宮 幸太郎,レイエス,上川畑 大悟,松本 剛,伏見 寅威,水野 達稀
日本ハム,8月27日(火),水谷 瞬,松本 剛,郡司 裕也,清宮 幸太郎,レイエス,上川畑 大悟,万波 中正,田宮 裕涼,水野 達稀
日本ハム,8月28日(水),石井 一成,加藤 豪将,淺間 大基,清宮 幸太郎,レイエス,上川畑 大悟,万波 中正,伏見 寅威,奈良間 大己
日本ハム,8月30日(金),水谷 瞬,郡司 裕也,清宮 幸太郎,レイエス,石井 一成,上川畑 大悟,淺間 大基,松本 剛,田宮 裕涼
日本ハム,8月31日(土),万波 中正,水谷 瞬,清宮 幸太郎,レイエス,郡司 裕也,上川畑 大悟,松本 剛,伏見 寅威,水野 達稀
日本ハム,9月1日(日),水谷 瞬,石井 一成,清宮 幸太郎,レイエス,郡司 裕也,上川畑 大悟,万波 中正,松本 剛,田宮 裕涼
日本ハム,9月3日(火),万波 中正,淺間 大基,清宮 幸太郎,レイエス,マルティネス,郡司 裕也,上川畑 大悟,伏見 寅威,水野 達稀
日本ハム,9月4日(水),万波 中正,郡司 裕也,清宮 幸太郎,レイエス,松本 剛,マルティネス,上川畑 大悟,伏見 寅威,石井 一成
日本ハム,9月6日(金),水谷 瞬,淺間 大基,清宮 幸太郎,レイエス,石井 一成,郡司 裕也,田宮 裕涼,松本 剛,水野 達稀
日本ハム,9月7日(土),水谷 瞬,松本 剛,清宮 幸太郎,レイエス,マルティネス,上川畑 大悟,万波 中正,伏見 寅威,水野 達稀
日本ハム,9月8日(日),水谷 瞬,五十幡 亮汰,清宮 幸太郎,レイエス,マルティネス,奈良間 大己,万波 中正,田宮 裕涼,水野 達稀
日本ハム,9月10日(火),水谷 瞬,郡司 裕也,清宮 幸太郎,レイエス,石井 一成,奈良間 大己,万波 中正,伏見 寅威,松本 剛
日本ハム,9月11日(水),郡司 裕也,マルティネス,清宮 幸太郎,レイエス,水谷 瞬,上川畑 大悟,万波 中正,伏見 寅威,水野 達稀
日本ハム,9月14日(土),水谷 瞬,上川畑 大悟,清宮 幸太郎,レイエス,万波 中正,マルティネス,水野 達稀,伏見 寅威,松本 剛
日本ハム,9月16日(月),水谷 瞬,清宮 幸太郎,レイエス,郡司 裕也,石井 一成,万波 中正,水野 達稀,松本 剛,田宮 裕涼
日本ハム,9月17日(火),松本 剛,上川畑 大悟,清宮 幸太郎,レイエス,郡司 裕也,万波 中正,マルティネス,水野 達稀,伏見 寅威
日本ハム,9月18日(水),水谷 瞬,上川畑 大悟,清宮 幸太郎,レイエス,マルティネス,万波 中正,水野 達稀,伏見 寅威,松本 剛
日本ハム,9月20日(金),マルティネス,万波 中正,清宮 幸太郎,レイエス,上川畑 大悟,水谷 瞬,松本 剛,郡司 裕也,水野 達稀
日本ハム,9月21日(土),万波 中正,田宮 裕涼,清宮 幸太郎,レイエス,マルティネス,矢澤 宏太,松本 剛,水野 達稀,石井 一成
日本ハム,9月22日(日),矢澤 宏太,水谷 瞬,清宮 幸太郎,レイエス,万波 中正,郡司 裕也,上川畑 大悟,マルティネス,水野 達稀
日本ハム,9月23日(月),郡司 裕也,清宮 幸太郎,レイエス,水谷 瞬,万波 中正,石井 一成,マルティネス,奈良間 大己,松本 剛
日本ハム,9月25日(水),郡司 裕也,奈良間 大己,清宮 幸太郎,レイエス,水谷 瞬,万波 中正,田宮 裕涼,松本 剛,水野 達稀
日本ハム,9月26日(木),万波 中正,田宮 裕涼,清宮 幸太郎,レイエス,水谷 瞬,マルティネス,水野 達稀,上川畑 大悟,松本 剛
日本ハム,9月28日(土),矢澤 宏太,水谷 瞬,清宮 幸太郎,レイエス,万波 中正,郡司 裕也,古川 裕大,水野 達稀,細川 凌平
日本ハム,9月29日(日),水谷 瞬,松本 剛,マルティネス,レイエス,万波 中正,上川畑 大悟,田宮 裕涼,奈良間 大己,水野 達稀
日本ハム,9月30日(月),レイエス,水谷 瞬,清宮 幸太郎,万波 中正,郡司 裕也,淺間 大基,マルティネス,伏見 寅威,水野 達稀
日本ハム,10月1日(火),矢澤 宏太,清宮 幸太郎,レイエス,万波 中正,郡司 裕也,上川畑 大悟,マルティネス,松本 剛,細川 凌平
日本ハム,10月3日(木),水谷 瞬,淺間 大基,清宮 幸太郎,レイエス,マルティネス,上川畑 大悟,万波 中正,伏見 寅威,水野 達稀
日本ハム,10月5日(土),水谷 瞬,田宮 裕涼,清宮 幸太郎,レイエス,郡司 裕也,上川畑 大悟,万波 中正,水野 達稀,松本 剛
日本ハム,10月8日(火),淺間 大基,万波 中正,水谷 瞬,清宮 幸太郎,伏見 寅威,郡司 裕也,上川畑 大悟,松本 剛,水野 達稀
オリックス,3月29日(金),西川 龍馬,西野 真弘,森 友哉,頓宮 裕真,宗 佑磨,紅林 弘太郎,T-岡田,杉本 裕太郎,廣岡 大志
オリックス,3月30日(土),福田 周平,宗 佑磨,西川 龍馬,頓宮 裕真,森 友哉,セデーニョ,杉本 裕太郎,ゴンザレス,紅林 弘太郎
オリックス,3月31日(日),太田 椋,渡部 遼人,西川 龍馬,セデーニョ,森 友哉,頓宮 裕真,宗 佑磨,杉本 裕太郎,紅林 弘太郎
オリックス,4月2日(火),福田 周平,西川 龍馬,頓宮 裕真,森 友哉,セデーニョ,宗 佑磨,紅林 弘太郎,西野 真弘,若月 健矢
オリックス,4月3日(水),福田 周平,西川 龍馬,杉本 裕太郎,森 友哉,頓宮 裕真,ゴンザレス,紅林 弘太郎,宗 佑磨,廣岡 大志
オリックス,4月4日(木),福田 周平,西野 真弘,西川 龍馬,セデーニョ,森 友哉,太田 椋,安達 了一,渡部 遼人,若月 健矢
オリックス,4月5日(金),太田 椋,西川 龍馬,中川 圭太,森 友哉,セデーニョ,ゴンザレス,頓宮 裕真,杉本 裕太郎,紅林 弘太郎
オリックス,4月6日(土),西川 龍馬,西野 真弘,中川 圭太,セデーニョ,森 友哉,頓宮 裕真,宗 佑磨,紅林 弘太郎,渡部 遼人
オリックス,4月7日(日),西川 龍馬,西野 真弘,中川 圭太,セデーニョ,森 友哉,宗 佑磨,若月 健矢,福田 周平,安達 了一
オリックス,4月9日(火),西川 龍馬,西野 真弘,中川 圭太,セデーニョ,森 友哉,紅林 弘太郎,杉本 裕太郎,ゴンザレス,若月 健矢
オリックス,4月10日(水),西川 龍馬,西野 真弘,中川 圭太,セデーニョ,森 友哉,宗 佑磨,若月 健矢,福田 周平,紅林 弘太郎
オリックス,4月11日(木),太田 椋,西川 龍馬,中川 圭太,セデーニョ,森 友哉,宗 佑磨,杉本 裕太郎,紅林 弘太郎,小田 裕也
オリックス,4月12日(金),西川 龍馬,西野 真弘,中川 圭太,セデーニョ,森 友哉,宗 佑磨,杉本 裕太郎,紅林 弘太郎,若月 健矢
オリックス,4月13日(土),福田 周平,中川 圭太,西川 龍馬,セデーニョ,森 友哉,安達 了一,ゴンザレス,頓宮 裕真,紅林 弘太郎
オリックス,4月14日(日),福田 周平,中川 圭太,西川 龍馬,セデーニョ,森 友哉,ゴンザレス,頓宮 裕真,紅林 弘太郎,太田 椋
オリックス,4月16日(火),西川 龍馬,西野 真弘,中川 圭太,セデーニョ,森 友哉,紅林 弘太郎,杉本 裕太郎,ゴンザレス,太田 椋
オリックス,4月17日(水),福田 周平,西野 真弘,中川 圭太,セデーニョ,西川 龍馬,頓宮 裕真,宗 佑磨,若月 健矢,紅林 弘太郎
オリックス,4月18日(木),福田 周平,西野 真弘,西川 龍馬,セデーニョ,頓宮 裕真,宗 佑磨,杉本 裕太郎,紅林 弘太郎,若月 健矢
オリックス,4月19日(金),福田 周平,西野 真弘,西川 龍馬,セデーニョ,頓宮 裕真,森 友哉,宗 佑磨,紅林 弘太郎,若月 健矢
オリックス,4月20日(土),福田 周平,宗 佑磨,紅林 弘太郎,セデーニョ,頓宮 裕真,ゴンザレス,西川 龍馬,杉本 裕太郎,若月 健矢
オリックス,4月21日(日),福田 周平,西野 真弘,西川 龍馬,セデーニョ,頓宮 裕真,森 友哉,紅林 弘太郎,宗 佑磨,野口 智哉
オリックス,4月23日(火),福田 周平,太田 椋,西川 龍馬,セデーニョ,頓宮 裕真,森 友哉,紅林 弘太郎,宗 佑磨,若月 健矢
オリックス,4月24日(水),福田 周平,紅林 弘太郎,西川 龍馬,セデーニョ,頓宮 裕真,森 友哉,若月 健矢,宗 佑磨,ゴンザレス
オリックス,4月25日(木),福田 周平,紅林 弘太郎,西川 龍馬,セデーニョ,頓宮 裕真,森 友哉,若月 健矢,宗 佑磨,野口 智哉
オリックス,4月27日(土),福田 周平,安達 了一,森 友哉,セデーニョ,西川 龍馬,頓宮 裕真,宗 佑磨,紅林 弘太郎,杉本 裕太郎
オリックス,4月28日(日),福田 周平,太田 椋,西川 龍馬,セデーニョ,頓宮 裕真,森 友哉,若月 健矢,ゴンザレス,安達 了一
オリックス,4月29日(月),渡部 遼人,宗 佑磨,西川 龍馬,セデーニョ,頓宮 裕真,森 友哉,若月 健矢,ゴンザレス,紅林 弘太郎
オリックス,4月30日(火),西川 龍馬,森 友哉,紅林 弘太郎,セデーニョ,頓宮 裕真,宗 佑磨,杉本 裕太郎,野口 智哉,太田 椋
オリックス,5月1日(水),来田 涼斗,紅林 弘太郎,森 友哉,セデーニョ,頓宮 裕真,宗 佑磨,若月 健矢,杉澤 龍,太田 椋
オリックス,5月3日(金),福田 周平,宗 佑磨,森 友哉,頓宮 裕真,西川 龍馬,ゴンザレス,紅林 弘太郎,来田 涼斗,若月 健矢
オリックス,5月4日(土),福田 周平,宗 佑磨,西川 龍馬,セデーニョ,森 友哉,頓宮 裕真,ゴンザレス,紅林 弘太郎,廣岡 大志
オリックス,5月5日(日),福田 周平,西野 真弘,紅林 弘太郎,森 友哉,セデーニョ,宗 佑磨,西川 龍馬,頓宮 裕真,来田 涼斗
オリックス,5月6日(月),福田 周平,西野 真弘,紅林 弘太郎,森 友哉,セデーニョ,西川 龍馬,宗 佑磨,若月 健矢,来田 涼斗
オリックス,5月8日(水),福田 周平,宗 佑磨,紅林 弘太郎,森 友哉,セデーニョ,中川 圭太,西川 龍馬,頓宮 裕真,ゴンザレス
オリックス,5月11日(土),福田 周平,西野 真弘,紅林 弘太郎,森 友哉,セデーニョ,宗 佑磨,西川 龍馬,若月 健矢,来田 涼斗
オリックス,5月14日(火),福田 周平,宗 佑磨,中川 圭太,森 友哉,セデーニョ,西川 龍馬,紅林 弘太郎,宜保 翔,若月 健矢
オリックス,5月15日(水),福田 周平,西野 真弘,中川 圭太,森 友哉,宗 佑磨,セデーニョ,西川 龍馬,頓宮 裕真,紅林 弘太郎
オリックス,5月17日(金),福田 周平,森 友哉,紅林 弘太郎,中川 圭太,宗 佑磨,セデーニョ,太田 椋,ゴンザレス,廣岡 大志
オリックス,5月18日(土),福田 周平,西川 龍馬,中川 圭太,森 友哉,紅林 弘太郎,宗 佑磨,太田 椋,西野 真弘,若月 健矢
オリックス,5月19日(日),福田 周平,西川 龍馬,中川 圭太,森 友哉,紅林 弘太郎,宗 佑磨,太田 椋,西野 真弘,若月 健矢
オリックス,5月21日(火),福田 周平,西川 龍馬,中川 圭太,森 友哉,紅林 弘太郎,宗 佑磨,太田 椋,西野 真弘,茶野 篤政
オリックス,5月22日(水),福田 周平,西川 龍馬,中川 圭太,森 友哉,紅林 弘太郎,セデーニョ,宗 佑磨,太田 椋,宜保 翔
オリックス,5月23日(木),廣岡 大志,福田 周平,中川 圭太,森 友哉,紅林 弘太郎,西川 龍馬,太田 椋,山足 達也,若月 健矢
オリックス,5月24日(金),福田 周平,西野 真弘,中川 圭太,森 友哉,紅林 弘太郎,西川 龍馬,太田 椋,横山 聖哉,若月 健矢
オリックス,5月25日(土),福田 周平,西野 真弘,中川 圭太,森 友哉,紅林 弘太郎,西川 龍馬,太田 椋,宗 佑磨,若月 健矢
オリックス,5月26日(日),福田 周平,西野 真弘,中川 圭太,森 友哉,紅林 弘太郎,太田 椋,西川 龍馬,若月 健矢,横山 聖哉
オリックス,5月28日(火),太田 椋,福田 周平,中川 圭太,森 友哉,紅林 弘太郎,西川 龍馬,頓宮 裕真,宗 佑磨,エスピノーザ
オリックス,5月29日(水),福田 周平,宗 佑磨,中川 圭太,森 友哉,西川 龍馬,頓宮 裕真,太田 椋,横山 聖哉,田嶋 大樹
オリックス,5月30日(木),福田 周平,西川 龍馬,太田 椋,森 友哉,紅林 弘太郎,中川 圭太,頓宮 裕真,横山 聖哉,齋藤 響介
オリックス,5月31日(金),中川 圭太,西野 真弘,太田 椋,森 友哉,紅林 弘太郎,西川 龍馬,頓宮 裕真,宗 佑磨,杉本 裕太郎
オリックス,6月1日(土),福田 周平,宜保 翔,太田 椋,中川 圭太,頓宮 裕真,西川 龍馬,杉本 裕太郎,宗 佑磨,若月 健矢
オリックス,6月2日(日),福田 周平,西川 龍馬,太田 椋,中川 圭太,紅林 弘太郎,宗 佑磨,頓宮 裕真,西野 真弘,若月 健矢
オリックス,6月4日(火),中川 圭太,福田 周平,太田 椋,頓宮 裕真,紅林 弘太郎,西川 龍馬,廣岡 大志,若月 健矢,エスピノーザ
オリックス,6月5日(水),杉本 裕太郎,宗 佑磨,太田 椋,西川 龍馬,紅林 弘太郎,頓宮 裕真,若月 健矢,福田 周平,田嶋 大樹
オリックス,6月6日(木),廣岡 大志,宗 佑磨,太田 椋,西川 龍馬,中川 圭太,紅林 弘太郎,頓宮 裕真,若月 健矢,髙島 泰都
オリックス,6月7日(金),中川 圭太,西野 真弘,太田 椋,西川 龍馬,紅林 弘太郎,頓宮 裕真,来田 涼斗,若月 健矢,東 晃平
オリックス,6月8日(土),中川 圭太,宗 佑磨,太田 椋,西川 龍馬,紅林 弘太郎,頓宮 裕真,杉本 裕太郎,若月 健矢,齋藤 響介
オリックス,6月9日(日),中川 圭太,来田 涼斗,太田 椋,西川 龍馬,紅林 弘太郎,頓宮 裕真,西野 真弘,若月 健矢,佐藤 一磨
オリックス,6月11日(火),中川 圭太,来田 涼斗,太田 椋,西川 龍馬,紅林 弘太郎,宗 佑磨,杉本 裕太郎,頓宮 裕真,若月 健矢
オリックス,6月12日(水),中川 圭太,来田 涼斗,太田 椋,西川 龍馬,紅林 弘太郎,セデーニョ,宗 佑磨,頓宮 裕真,若月 健矢
オリックス,6月13日(木),来田 涼斗,西野 真弘,廣岡 大志,西川 龍馬,紅林 弘太郎,宗 佑磨,頓宮 裕真,セデーニョ,若月 健矢
オリックス,6月14日(金),廣岡 大志,来田 涼斗,太田 椋,西川 龍馬,紅林 弘太郎,宗 佑磨,杉本 裕太郎,西野 真弘,若月 健矢
オリックス,6月15日(土),茶野 篤政,安達 了一,太田 椋,西川 龍馬,紅林 弘太郎,西野 真弘,杉本 裕太郎,小田 裕也,福永 奨
オリックス,6月16日(日),茶野 篤政,西野 真弘,太田 椋,西川 龍馬,紅林 弘太郎,森 友哉,宗 佑磨,小田 裕也,若月 健矢
オリックス,6月21日(金),茶野 篤政,森 友哉,太田 椋,西川 龍馬,紅林 弘太郎,宗 佑磨,西野 真弘,杉本 裕太郎,若月 健矢
オリックス,6月22日(土),茶野 篤政,森 友哉,太田 椋,西川 龍馬,紅林 弘太郎,宗 佑磨,安達 了一,頓宮 裕真,若月 健矢
オリックス,6月23日(日),茶野 篤政,西野 真弘,太田 椋,西川 龍馬,紅林 弘太郎,森 友哉,セデーニョ,宗 佑磨,杉本 裕太郎
オリックス,6月25日(火),茶野 篤政,西野 真弘,太田 椋,西川 龍馬,紅林 弘太郎,森 友哉,宗 佑磨,頓宮 裕真,若月 健矢
オリックス,6月26日(水),茶野 篤政,西野 真弘,太田 椋,西川 龍馬,紅林 弘太郎,森 友哉,セデーニョ,頓宮 裕真,廣岡 大志
オリックス,6月27日(木),福田 周平,森 友哉,太田 椋,西川 龍馬,紅林 弘太郎,西野 真弘,セデーニョ,安達 了一,杉本 裕太郎
オリックス,6月28日(金),福田 周平,西野 真弘,太田 椋,森 友哉,紅林 弘太郎,セデーニョ,杉本 裕太郎,茶野 篤政,山足 達也
オリックス,6月29日(土),福田 周平,森 友哉,太田 椋,西川 龍馬,紅林 弘太郎,西野 真弘,頓宮 裕真,渡部 遼人,若月 健矢
オリックス,6月30日(日),福田 周平,森 友哉,太田 椋,西川 龍馬,紅林 弘太郎,西野 真弘,杉本 裕太郎,頓宮 裕真,若月 健矢
オリックス,7月2日(火),福田 周平,宗 佑磨,太田 椋,森 友哉,紅林 弘太郎,西川 龍馬,セデーニョ,杉本 裕太郎,若月 健矢
オリックス,7月6日(土),福田 周平,大里 昂生,紅林 弘太郎,森 友哉,セデーニョ,西川 龍馬,杉本 裕太郎,宗 佑磨,頓宮 裕真
オリックス,7月7日(日),福田 周平,大里 昂生,西川 龍馬,森 友哉,紅林 弘太郎,宗 佑磨,セデーニョ,杉本 裕太郎,若月 健矢
オリックス,7月9日(火),福田 周平,太田 椋,西川 龍馬,森 友哉,紅林 弘太郎,宗 佑磨,杉本 裕太郎,大里 昂生,若月 健矢
オリックス,7月10日(水),福田 周平,太田 椋,西川 龍馬,森 友哉,紅林 弘太郎,宗 佑磨,頓宮 裕真,杉本 裕太郎,大里 昂生
オリックス,7月12日(金),福田 周平,太田 椋,西川 龍馬,森 友哉,紅林 弘太郎,頓宮 裕真,杉本 裕太郎,大城 滉二,若月 健矢
オリックス,7月13日(土),大里 昂生,太田 椋,西川 龍馬,森 友哉,紅林 弘太郎,宗 佑磨,頓宮 裕真,杉本 裕太郎,杉澤 龍
オリックス,7月14日(日),大里 昂生,太田 椋,森 友哉,西川 龍馬,紅林 弘太郎,杉本 裕太郎,トーマス,頓宮 裕真,福田 周平
オリックス,7月15日(月),大里 昂生,森 友哉,太田 椋,西川 龍馬,紅林 弘太郎,トーマス,頓宮 裕真,元 謙太,若月 健矢
オリックス,7月16日(火),大里 昂生,福田 周平,太田 椋,森 友哉,紅林 弘太郎,西川 龍馬,宗 佑磨,杉本 裕太郎,若月 健矢
オリックス,7月17日(水),大里 昂生,宗 佑磨,太田 椋,森 友哉,紅林 弘太郎,西川 龍馬,トーマス,福田 周平,元 謙太
オリックス,7月19日(金),太田 椋,森 友哉,中川 圭太,西川 龍馬,紅林 弘太郎,宗 佑磨,頓宮 裕真,若月 健矢,元 謙太
オリックス,7月20日(土),大里 昂生,森 友哉,太田 椋,西川 龍馬,中川 圭太,トーマス,頓宮 裕真,宗 佑磨,福田 周平
オリックス,7月21日(日),大里 昂生,森 友哉,太田 椋,西川 龍馬,中川 圭太,杉本 裕太郎,宗 佑磨,頓宮 裕真,若月 健矢
オリックス,7月26日(金),大里 昂生,森 友哉,中川 圭太,西川 龍馬,紅林 弘太郎,セデーニョ,宗 佑磨,頓宮 裕真,福田 周平
オリックス,7月27日(土),中川 圭太,大里 昂生,紅林 弘太郎,森 友哉,西川 龍馬,杉本 裕太郎,頓宮 裕真,宗 佑磨,若月 健矢
オリックス,7月28日(日),安達 了一,森 友哉,中川 圭太,西川 龍馬,紅林 弘太郎,セデーニョ,宗 佑磨,頓宮 裕真,若月 健矢
オリックス,7月30日(火),大里 昂生,来田 涼斗,中川 圭太,森 友哉,西川 龍馬,セデーニョ,宗 佑磨,若月 健矢,野口 智哉
オリックス,7月31日(水),大里 昂生,西野 真弘,中川 圭太,森 友哉,西川 龍馬,宗 佑磨,紅林 弘太郎,杉本 裕太郎,野口 智哉
オリックス,8月1日(木),大里 昂生,来田 涼斗,中川 圭太,森 友哉,セデーニョ,宗 佑磨,紅林 弘太郎,野口 智哉,石川 亮
オリックス,8月2日(金),大里 昂生,来田 涼斗,西野 真弘,森 友哉,中川 圭太,宗 佑磨,セデーニョ,野口 智哉,若月 健矢
オリックス,8月3日(土),大里 昂生,西野 真弘,森 友哉,西川 龍馬,セデーニョ,来田 涼斗,紅林 弘太郎,杉澤 龍,若月 健矢
オリックス,8月4日(日),大里 昂生,西野 真弘,森 友哉,西川 龍馬,紅林 弘太郎,来田 涼斗,頓宮 裕真,杉澤 龍,若月 健矢
オリックス,8月6日(火),大里 昂生,来田 涼斗,紅林 弘太郎,森 友哉,セデーニョ,西川 龍馬,中川 圭太,宗 佑磨,若月 健矢
オリックス,8月7日(水),大里 昂生,来田 涼斗,紅林 弘太郎,森 友哉,セデーニョ,西川 龍馬,中川 圭太,宗 佑磨,ゴンザレス
オリックス,8月8日(木),大里 昂生,来田 涼斗,紅林 弘太郎,森 友哉,西川 龍馬,中川 圭太,西野 真弘,セデーニョ,宗 佑磨
オリックス,8月10日(土),大里 昂生,来田 涼斗,紅林 弘太郎,森 友哉,西川 龍馬,中川 圭太,西野 真弘,セデーニョ,宗 佑磨
オリックス,8月11日(日),大里 昂生,来田 涼斗,中川 圭太,西川 龍馬,紅林 弘太郎,西野 真弘,セデーニョ,杉澤 龍,若月 健矢
オリックス,8月12日(月),大里 昂生,池田 陵真,来田 涼斗,森 友哉,紅林 弘太郎,西川 龍馬,セデーニョ,西野 真弘,若月 健矢
オリックス,8月13日(火),大里 昂生,池田 陵真,来田 涼斗,森 友哉,紅林 弘太郎,西川 龍馬,セデーニョ,ゴンザレス,若月 健矢
オリックス,8月14日(水),大里 昂生,西野 真弘,池田 陵真,森 友哉,紅林 弘太郎,来田 涼斗,杉本 裕太郎,宗 佑磨,若月 健矢
オリックス,8月15日(木),大里 昂生,来田 涼斗,池田 陵真,森 友哉,セデーニョ,西川 龍馬,紅林 弘太郎,西野 真弘,若月 健矢
オリックス,8月16日(金),大里 昂生,来田 涼斗,池田 陵真,森 友哉,セデーニョ,西川 龍馬,紅林 弘太郎,西野 真弘,若月 健矢
オリックス,8月17日(土),大里 昂生,西野 真弘,来田 涼斗,森 友哉,セデーニョ,西川 龍馬,紅林 弘太郎,中川 圭太,廣岡 大志
オリックス,8月18日(日),来田 涼斗,西野 真弘,中川 圭太,森 友哉,セデーニョ,杉本 裕太郎,紅林 弘太郎,宗 佑磨,池田 陵真
オリックス,8月20日(火),大里 昂生,西野 真弘,中川 圭太,森 友哉,セデーニョ,西川 龍馬,紅林 弘太郎,来田 涼斗,若月 健矢
オリックス,8月21日(水),大里 昂生,西野 真弘,西川 龍馬,森 友哉,紅林 弘太郎,宗 佑磨,廣岡 大志,来田 涼斗,若月 健矢
オリックス,8月22日(木),大里 昂生,西野 真弘,森 友哉,杉本 裕太郎,セデーニョ,西川 龍馬,紅林 弘太郎,来田 涼斗,渡部 遼人
オリックス,8月23日(金),渡部 遼人,太田 椋,森 友哉,杉本 裕太郎,セデーニョ,西川 龍馬,頓宮 裕真,西野 真弘,紅林 弘太郎
オリックス,8月24日(土),来田 涼斗,渡部 遼人,太田 椋,森 友哉,杉本 裕太郎,西川 龍馬,頓宮 裕真,西野 真弘,紅林 弘太郎
オリックス,8月25日(日),太田 椋,西野 真弘,杉本 裕太郎,セデーニョ,西川 龍馬,紅林 弘太郎,頓宮 裕真,若月 健矢,渡部 遼人
オリックス,8月27日(火),太田 椋,福田 周平,杉本 裕太郎,セデーニョ,西川 龍馬,紅林 弘太郎,西野 真弘,頓宮 裕真,若月 健矢
オリックス,8月28日(水),来田 涼斗,福田 周平,太田 椋,森 友哉,セデーニョ,杉本 裕太郎,西川 龍馬,紅林 弘太郎,廣岡 大志
オリックス,8月30日(金),廣岡 大志,来田 涼斗,太田 椋,森 友哉,杉本 裕太郎,セデーニョ,紅林 弘太郎,横山 聖哉,若月 健矢
オリックス,8月31日(土),廣岡 大志,来田 涼斗,太田 椋,森 友哉,セデーニョ,西川 龍馬,紅林 弘太郎,横山 聖哉,頓宮 裕真
オリックス,9月1日(日),廣岡 大志,西野 真弘,太田 椋,森 友哉,西川 龍馬,頓宮 裕真,紅林 弘太郎,来田 涼斗,若月 健矢
オリックス,9月2日(月),西野 真弘,渡部 遼人,太田 椋,森 友哉,西川 龍馬,頓宮 裕真,杉本 裕太郎,横山 聖哉,紅林 弘太郎
オリックス,9月3日(火),来田 涼斗,福田 周平,太田 椋,西川 龍馬,頓宮 裕真,西野 真弘,紅林 弘太郎,若月 健矢,横山 聖哉
オリックス,9月4日(水),廣岡 大志,西野 真弘,太田 椋,西川 龍馬,杉本 裕太郎,頓宮 裕真,紅林 弘太郎,若月 健矢,渡部 遼人
オリックス,9月6日(金),廣岡 大志,西野 真弘,太田 椋,西川 龍馬,杉本 裕太郎,紅林 弘太郎,来田 涼斗,若月 健矢,横山 聖哉
オリックス,9月7日(土),廣岡 大志,大里 昂生,太田 椋,西川 龍馬,杉本 裕太郎,頓宮 裕真,紅林 弘太郎,若月 健矢,横山 聖哉
オリックス,9月8日(日),廣岡 大志,西野 真弘,太田 椋,西川 龍馬,頓宮 裕真,セデーニョ,紅林 弘太郎,来田 涼斗,若月 健矢
オリックス,9月10日(火),廣岡 大志,西野 真弘,太田 椋,西川 龍馬,杉本 裕太郎,紅林 弘太郎,来田 涼斗,若月 健矢,横山 聖哉
オリックス,9月11日(水),廣岡 大志,太田 椋,西川 龍馬,杉本 裕太郎,セデーニョ,頓宮 裕真,紅林 弘太郎,石川 亮,渡部 遼人
オリックス,9月13日(金),廣岡 大志,西野 真弘,太田 椋,西川 龍馬,杉本 裕太郎,セデーニョ,紅林 弘太郎,杉澤 龍,若月 健矢
オリックス,9月14日(土),太田 椋,西野 真弘,紅林 弘太郎,西川 龍馬,セデーニョ,内藤 鵬,来田 涼斗,福永 奨,野口 智哉
オリックス,9月15日(日),太田 椋,大里 昂生,杉本 裕太郎,西川 龍馬,セデーニョ,紅林 弘太郎,内藤 鵬,杉澤 龍,福永 奨
オリックス,9月16日(月),西野 真弘,渡部 遼人,太田 椋,西川 龍馬,セデーニョ,紅林 弘太郎,頓宮 裕真,来田 涼斗,福永 奨
オリックス,9月18日(水),大里 昂生,西野 真弘,太田 椋,西川 龍馬,杉本 裕太郎,紅林 弘太郎,内藤 鵬,福永 奨,渡部 遼人
オリックス,9月20日(金),廣岡 大志,大里 昂生,太田 椋,西川 龍馬,紅林 弘太郎,西野 真弘,来田 涼斗,内藤 鵬,福永 奨
オリックス,9月21日(土),廣岡 大志,西野 真弘,太田 椋,森 友哉,杉本 裕太郎,西川 龍馬,セデーニョ,大里 昂生,若月 健矢
オリックス,9月22日(日),廣岡 大志,西野 真弘,太田 椋,森 友哉,杉本 裕太郎,西川 龍馬,紅林 弘太郎,山足 達也,若月 健矢
オリックス,9月23日(月),大里 昂生,渡部 遼人,太田 椋,森 友哉,西川 龍馬,紅林 弘太郎,来田 涼斗,内藤 鵬,福永 奨
オリックス,9月24日(火),廣岡 大志,西野 真弘,太田 椋,森 友哉,西川 龍馬,紅林 弘太郎,来田 涼斗,若月 健矢,渡部 遼人
オリックス,9月26日(木),太田 椋,大里 昂生,杉本 裕太郎,セデーニョ,西川 龍馬,紅林 弘太郎,大城 滉二,廣岡 大志,若月 健矢
オリックス,9月28日(土),茶野 篤政,西野 真弘,太田 椋,森 友哉,紅林 弘太郎,西川 龍馬,セデーニョ,渡部 遼人,若月 健矢
オリックス,9月29日(日),茶野 篤政,西野 真弘,太田 椋,森 友哉,紅林 弘太郎,西川 龍馬,セデーニョ,渡部 遼人,若月 健矢
オリックス,9月30日(月),太田 椋,森 友哉,セデーニョ,杉本 裕太郎,紅林 弘太郎,廣岡 大志,来田 涼斗,若月 健矢,大里 昂生
オリックス,10月1日(火),茶野 篤政,大城 滉二,森 友哉,セデーニョ,西川 龍馬,紅林 弘太郎,大里 昂生,若月 健矢,渡部 遼人
オリックス,10月6日(日),茶野 篤政,宗 佑磨,紅林 弘太郎,森 友哉,西川 龍馬,セデーニョ,大城 滉二,若月 健矢,渡部 遼人
楽天,3月29日(金),茂木 栄五郎,小深田 大翔,小郷 裕哉,浅村 栄斗,島内 宏明,フランコ,辰己 涼介,太田 光,村林 一輝
楽天,3月30日(土),小深田 大翔,阿部 寿樹,小郷 裕哉,浅村 栄斗,島内 宏明,フランコ,辰己 涼介,太田 光,村林 一輝
楽天,3月31日(日),茂木 栄五郎,小深田 大翔,小郷 裕哉,浅村 栄斗,島内 宏明,阿部 寿樹,辰己 涼介,石原 彪,村林 一輝
楽天,4月2日(火),茂木 栄五郎,小深田 大翔,小郷 裕哉,浅村 栄斗,島内 宏明,阿部 寿樹,辰己 涼介,石原 彪,村林 一輝
楽天,4月3日(水),茂木 栄五郎,小深田 大翔,小郷 裕哉,浅村 栄斗,島内 宏明,阿部 寿樹,辰己 涼介,石原 彪,村林 一輝
楽天,4月5日(金),小深田 大翔,村林 一輝,小郷 裕哉,浅村 栄斗,阿部 寿樹,島内 宏明,岡島 豪郎,太田 光,辰己 涼介
楽天,4月6日(土),辰見 鴻之介,小深田 大翔,小郷 裕哉,浅村 栄斗,阿部 寿樹,伊藤 裕季也,田中 和基,石原 彪,村林 一輝
楽天,4月7日(日),小郷 裕哉,小深田 大翔,茂木 栄五郎,浅村 栄斗,岡島 豪郎,鈴木 大地,辰己 涼介,太田 光,村林 一輝
楽天,4月9日(火),小深田 大翔,村林 一輝,辰己 涼介,浅村 栄斗,岡島 豪郎,阿部 寿樹,小郷 裕哉,石原 彪,伊藤 裕季也
楽天,4月10日(水),小深田 大翔,村林 一輝,小郷 裕哉,浅村 栄斗,岡島 豪郎,阿部 寿樹,鈴木 大地,太田 光,辰己 涼介
楽天,4月11日(木),小郷 裕哉,村林 一輝,浅村 栄斗,阿部 寿樹,岡島 豪郎,鈴木 大地,辰己 涼介,石原 彪,小深田 大翔
楽天,4月12日(金),小郷 裕哉,村林 一輝,浅村 栄斗,島内 宏明,阿部 寿樹,伊藤 裕季也,辰己 涼介,太田 光,小深田 大翔
楽天,4月13日(土),小郷 裕哉,村林 一輝,浅村 栄斗,島内 宏明,岡島 豪郎,鈴木 大地,辰己 涼介,石原 彪,小深田 大翔
楽天,4月14日(日),小郷 裕哉,村林 一輝,浅村 栄斗,島内 宏明,岡島 豪郎,鈴木 大地,辰己 涼介,太田 光,小深田 大翔
楽天,4月16日(火),小郷 裕哉,村林 一輝,浅村 栄斗,島内 宏明,阿部 寿樹,伊藤 裕季也,辰己 涼介,石原 彪,小深田 大翔
楽天,4月17日(水),小郷 裕哉,村林 一輝,浅村 栄斗,島内 宏明,岡島 豪郎,鈴木 大地,辰己 涼介,太田 光,小深田 大翔
楽天,4月18日(木),小郷 裕哉,村林 一輝,浅村 栄斗,伊藤 裕季也,阿部 寿樹,山田 遥楓,辰己 涼介,石原 彪,小深田 大翔
楽天,4月19日(金),小郷 裕哉,村林 一輝,浅村 栄斗,島内 宏明,岡島 豪郎,鈴木 大地,辰己 涼介,太田 光,茂木 栄五郎
楽天,4月20日(土),小郷 裕哉,村林 一輝,浅村 栄斗,島内 宏明,鈴木 大地,阿部 寿樹,辰己 涼介,石原 彪,小深田 大翔
楽天,4月21日(日),小深田 大翔,村林 一輝,小郷 裕哉,浅村 栄斗,鈴木 大地,岡島 豪郎,阿部 寿樹,石原 彪,辰己 涼介
楽天,4月23日(火),小深田 大翔,村林 一輝,小郷 裕哉,浅村 栄斗,鈴木 大地,阿部 寿樹,岡島 豪郎,石原 彪,辰己 涼介
楽天,4月25日(木),小郷 裕哉,村林 一輝,浅村 栄斗,島内 宏明,鈴木 大地,岡島 豪郎,辰己 涼介,石原 彪,小深田 大翔
楽天,4月27日(土),小郷 裕哉,村林 一輝,浅村 栄斗,島内 宏明,鈴木 大地,阿部 寿樹,辰己 涼介,太田 光,小深田 大翔
楽天,4月28日(日),小郷 裕哉,村林 一輝,浅村 栄斗,島内 宏明,鈴木 大地,阿部 寿樹,辰己 涼介,石原 彪,山田 遥楓
楽天,4月29日(月),小郷 裕哉,村林 一輝,浅村 栄斗,島内 宏明,鈴木 大地,岡島 豪郎,辰己 涼介,太田 光,小深田 大翔
楽天,4月30日(火),小郷 裕哉,村林 一輝,浅村 栄斗,島内 宏明,鈴木 大地,岡島 豪郎,辰己 涼介,石原 彪,小深田 大翔
楽天,5月1日(水),小郷 裕哉,村林 一輝,浅村 栄斗,島内 宏明,阿部 寿樹,鈴木 大地,辰己 涼介,石原 彪,小深田 大翔
楽天,5月3日(金),小郷 裕哉,村林 一輝,浅村 栄斗,島内 宏明,鈴木 大地,岡島 豪郎,辰己 涼介,太田 光,小深田 大翔
楽天,5月4日(土),小郷 裕哉,村林 一輝,浅村 栄斗,島内 宏明,阿部 寿樹,鈴木 大地,辰己 涼介,太田 光,小深田 大翔
楽天,5月5日(日),小郷 裕哉,小深田 大翔,浅村 栄斗,島内 宏明,阿部 寿樹,村林 一輝,辰己 涼介,石原 彪,伊藤 裕季也
楽天,5月6日(月),小郷 裕哉,村林 一輝,浅村 栄斗,島内 宏明,阿部 寿樹,伊藤 裕季也,辰己 涼介,太田 光,小深田 大翔
楽天,5月8日(水),小郷 裕哉,村林 一輝,浅村 栄斗,島内 宏明,鈴木 大地,茂木 栄五郎,辰己 涼介,石原 彪,平良 竜哉
楽天,5月10日(金),小郷 裕哉,村林 一輝,浅村 栄斗,島内 宏明,鈴木 大地,渡邊 佳明,辰己 涼介,太田 光,小深田 大翔
楽天,5月11日(土),小郷 裕哉,村林 一輝,浅村 栄斗,島内 宏明,鈴木 大地,渡邊 佳明,辰己 涼介,太田 光,小深田 大翔
楽天,5月12日(日),小郷 裕哉,村林 一輝,浅村 栄斗,島内 宏明,鈴木 大地,渡邊 佳明,辰己 涼介,石原 彪,小深田 大翔
楽天,5月14日(火),小郷 裕哉,村林 一輝,浅村 栄斗,島内 宏明,鈴木 大地,平良 竜哉,辰己 涼介,石原 彪,小深田 大翔
楽天,5月15日(水),小郷 裕哉,村林 一輝,浅村 栄斗,島内 宏明,鈴木 大地,渡邊 佳明,辰己 涼介,石原 彪,小深田 大翔
楽天,5月17日(金),小郷 裕哉,村林 一輝,浅村 栄斗,島内 宏明,鈴木 大地,阿部 寿樹,辰己 涼介,太田 光,小深田 大翔
楽天,5月18日(土),小郷 裕哉,村林 一輝,浅村 栄斗,島内 宏明,鈴木 大地,阿部 寿樹,辰己 涼介,太田 光,小深田 大翔
楽天,5月19日(日),小郷 裕哉,村林 一輝,浅村 栄斗,島内 宏明,鈴木 大地,平良 竜哉,辰己 涼介,石原 彪,小深田 大翔
楽天,5月21日(火),小郷 裕哉,村林 一輝,浅村 栄斗,島内 宏明,鈴木 大地,平良 竜哉,辰己 涼介,石原 彪,小深田 大翔
楽天,5月22日(水),小郷 裕哉,村林 一輝,浅村 栄斗,島内 宏明,鈴木 大地,平良 竜哉,辰己 涼介,太田 光,小深田 大翔
楽天,5月24日(金),小郷 裕哉,島内 宏明,鈴木 大地,浅村 栄斗,辰己 涼介,岡島 豪郎,村林 一輝,太田 光,小深田 大翔
楽天,5月25日(土),小郷 裕哉,村林 一輝,鈴木 大地,浅村 栄斗,辰己 涼介,伊藤 裕季也,島内 宏明,太田 光,小深田 大翔
楽天,5月26日(日),小郷 裕哉,小深田 大翔,辰己 涼介,浅村 栄斗,鈴木 大地,茂木 栄五郎,岡島 豪郎,石原 彪,村林 一輝
楽天,5月28日(火),小郷 裕哉,小深田 大翔,辰己 涼介,浅村 栄斗,フランコ,阿部 寿樹,村林 一輝,石原 彪,ポンセ
楽天,5月29日(水),小郷 裕哉,村林 一輝,辰己 涼介,浅村 栄斗,鈴木 大地,渡邊 佳明,小深田 大翔,太田 光,内 星龍
楽天,5月30日(木),小郷 裕哉,村林 一輝,辰己 涼介,浅村 栄斗,鈴木 大地,渡邊 佳明,小深田 大翔,太田 光,藤井 聖
楽天,5月31日(金),小郷 裕哉,村林 一輝,辰己 涼介,浅村 栄斗,鈴木 大地,渡邊 佳明,岡島 豪郎,太田 光,小深田 大翔
楽天,6月1日(土),小郷 裕哉,村林 一輝,辰己 涼介,鈴木 大地,渡邊 佳明,浅村 栄斗,岡島 豪郎,太田 光,小深田 大翔
楽天,6月2日(日),小郷 裕哉,村林 一輝,辰己 涼介,鈴木 大地,渡邊 佳明,浅村 栄斗,フランコ,太田 光,小深田 大翔
楽天,6月4日(火),小郷 裕哉,村林 一輝,辰己 涼介,鈴木 大地,渡邊 佳明,フランコ,小深田 大翔,太田 光,ポンセ
楽天,6月5日(水),小郷 裕哉,村林 一輝,辰己 涼介,鈴木 大地,渡邊 佳明,フランコ,小深田 大翔,太田 光,内 星龍
楽天,6月6日(木),小郷 裕哉,村林 一輝,辰己 涼介,鈴木 大地,フランコ,阿部 寿樹,小深田 大翔,太田 光,藤井 聖
楽天,6月7日(金),小郷 裕哉,村林 一輝,辰己 涼介,鈴木 大地,フランコ,阿部 寿樹,小深田 大翔,太田 光,早川 隆久
楽天,6月8日(土),小郷 裕哉,村林 一輝,辰己 涼介,鈴木 大地,フランコ,渡邊 佳明,小深田 大翔,太田 光,古謝 樹
楽天,6月9日(日),小郷 裕哉,村林 一輝,辰己 涼介,鈴木 大地,フランコ,阿部 寿樹,小深田 大翔,石原 彪,岸 孝之
楽天,6月11日(火),小郷 裕哉,村林 一輝,辰己 涼介,鈴木 大地,フランコ,浅村 栄斗,渡邊 佳明,太田 光,小深田 大翔
楽天,6月12日(水),小郷 裕哉,村林 一輝,辰己 涼介,鈴木 大地,渡邊 佳明,浅村 栄斗,フランコ,太田 光,小深田 大翔
楽天,6月13日(木),小郷 裕哉,村林 一輝,辰己 涼介,鈴木 大地,渡邊 佳明,浅村 栄斗,フランコ,太田 光,小深田 大翔
楽天,6月14日(金),小郷 裕哉,村林 一輝,辰己 涼介,鈴木 大地,渡邊 佳明,浅村 栄斗,フランコ,太田 光,小深田 大翔
楽天,6月15日(土),小郷 裕哉,村林 一輝,辰己 涼介,鈴木 大地,フランコ,浅村 栄斗,渡邊 佳明,太田 光,小深田 大翔
楽天,6月16日(日),小郷 裕哉,村林 一輝,辰己 涼介,鈴木 大地,フランコ,浅村 栄斗,渡邊 佳明,太田 光,小深田 大翔
楽天,6月21日(金),小郷 裕哉,村林 一輝,辰己 涼介,鈴木 大地,渡邊 佳明,浅村 栄斗,フランコ,太田 光,小深田 大翔
楽天,6月22日(土),小郷 裕哉,村林 一輝,辰己 涼介,鈴木 大地,渡邊 佳明,浅村 栄斗,フランコ,太田 光,小深田 大翔
楽天,6月23日(日),小郷 裕哉,村林 一輝,辰己 涼介,浅村 栄斗,鈴木 大地,フランコ,小深田 大翔,太田 光,伊藤 裕季也
楽天,6月25日(火),小郷 裕哉,村林 一輝,辰己 涼介,浅村 栄斗,鈴木 大地,渡邊 佳明,フランコ,太田 光,小深田 大翔
楽天,6月26日(水),小郷 裕哉,村林 一輝,辰己 涼介,浅村 栄斗,鈴木 大地,渡邊 佳明,フランコ,黒川 史陽,太田 光
楽天,6月28日(金),辰己 涼介,鈴木 大地,小郷 裕哉,フランコ,渡邊 佳明,浅村 栄斗,黒川 史陽,太田 光,村林 一輝
楽天,6月29日(土),小郷 裕哉,村林 一輝,辰己 涼介,浅村 栄斗,鈴木 大地,フランコ,阿部 寿樹,黒川 史陽,堀内 謙伍
楽天,6月30日(日),小郷 裕哉,村林 一輝,辰己 涼介,鈴木 大地,浅村 栄斗,岡島 豪郎,フランコ,太田 光,黒川 史陽
楽天,7月2日(火),小郷 裕哉,村林 一輝,辰己 涼介,鈴木 大地,浅村 栄斗,阿部 寿樹,フランコ,太田 光,黒川 史陽
楽天,7月5日(金),小郷 裕哉,村林 一輝,辰己 涼介,浅村 栄斗,鈴木 大地,フランコ,阿部 寿樹,黒川 史陽,太田 光
楽天,7月6日(土),小郷 裕哉,小深田 大翔,辰己 涼介,浅村 栄斗,鈴木 大地,阿部 寿樹,中島 大輔,黒川 史陽,太田 光
楽天,7月7日(日),小郷 裕哉,小深田 大翔,辰己 涼介,浅村 栄斗,鈴木 大地,阿部 寿樹,中島 大輔,黒川 史陽,太田 光
楽天,7月9日(火),小郷 裕哉,小深田 大翔,辰己 涼介,浅村 栄斗,フランコ,阿部 寿樹,山田 遥楓,中島 大輔,太田 光
楽天,7月10日(水),小郷 裕哉,中島 大輔,辰己 涼介,浅村 栄斗,鈴木 大地,フランコ,黒川 史陽,村林 一輝,堀内 謙伍
楽天,7月12日(金),小郷 裕哉,中島 大輔,辰己 涼介,浅村 栄斗,鈴木 大地,フランコ,小深田 大翔,村林 一輝,太田 光
楽天,7月13日(土),小郷 裕哉,中島 大輔,辰己 涼介,浅村 栄斗,鈴木 大地,村林 一輝,小深田 大翔,黒川 史陽,石原 彪
楽天,7月14日(日),小郷 裕哉,中島 大輔,辰己 涼介,浅村 栄斗,鈴木 大地,フランコ,小深田 大翔,村林 一輝,太田 光
楽天,7月15日(月),小郷 裕哉,中島 大輔,辰己 涼介,浅村 栄斗,鈴木 大地,フランコ,小深田 大翔,村林 一輝,太田 光
楽天,7月16日(火),小郷 裕哉,中島 大輔,辰己 涼介,浅村 栄斗,フランコ,阿部 寿樹,小深田 大翔,村林 一輝,太田 光
楽天,7月17日(水),小郷 裕哉,中島 大輔,辰己 涼介,浅村 栄斗,鈴木 大地,フランコ,小深田 大翔,村林 一輝,太田 光
楽天,7月19日(金),小郷 裕哉,村林 一輝,辰己 涼介,浅村 栄斗,鈴木 大地,フランコ,阿部 寿樹,小深田 大翔,太田 光
楽天,7月20日(土),小郷 裕哉,小深田 大翔,辰己 涼介,浅村 栄斗,鈴木 大地,フランコ,岡島 豪郎,村林 一輝,石原 彪
楽天,7月21日(日),小郷 裕哉,村林 一輝,辰己 涼介,浅村 栄斗,鈴木 大地,フランコ,阿部 寿樹,小深田 大翔,太田 光
楽天,7月26日(金),小郷 裕哉,中島 大輔,辰己 涼介,浅村 栄斗,鈴木 大地,フランコ,小深田 大翔,村林 一輝,太田 光
楽天,7月27日(土),小郷 裕哉,小深田 大翔,辰己 涼介,浅村 栄斗,鈴木 大地,フランコ,中島 大輔,山田 遥楓,石原 彪
楽天,7月28日(日),小郷 裕哉,中島 大輔,辰己 涼介,浅村 栄斗,鈴木 大地,フランコ,村林 一輝,黒川 史陽,太田 光
楽天,7月30日(火),小郷 裕哉,阿部 寿樹,辰己 涼介,浅村 栄斗,鈴木 大地,フランコ,村林 一輝,小深田 大翔,太田 光
楽天,7月31日(水),小郷 裕哉,中島 大輔,辰己 涼介,浅村 栄斗,鈴木 大地,フランコ,村林 一輝,黒川 史陽,太田 光
楽天,8月1日(木),小郷 裕哉,村林 一輝,辰己 涼介,浅村 栄斗,鈴木 大地,中島 大輔,フランコ,小深田 大翔,太田 光
楽天,8月2日(金),小郷 裕哉,中島 大輔,辰己 涼介,浅村 栄斗,鈴木 大地,茂木 栄五郎,小深田 大翔,村林 一輝,石原 彪
楽天,8月3日(土),小郷 裕哉,中島 大輔,辰己 涼介,浅村 栄斗,鈴木 大地,阿部 寿樹,小深田 大翔,村林 一輝,太田 光
楽天,8月4日(日),小郷 裕哉,村林 一輝,辰己 涼介,浅村 栄斗,鈴木 大地,阿部 寿樹,フランコ,黒川 史陽,石原 彪
楽天,8月6日(火),小郷 裕哉,中島 大輔,辰己 涼介,浅村 栄斗,鈴木 大地,茂木 栄五郎,黒川 史陽,村林 一輝,太田 光
楽天,8月7日(水),小郷 裕哉,村林 一輝,辰己 涼介,浅村 栄斗,阿部 寿樹,鈴木 大地,フランコ,小深田 大翔,石原 彪
楽天,8月8日(木),村林 一輝,小深田 大翔,辰己 涼介,浅村 栄斗,鈴木 大地,フランコ,小郷 裕哉,阿部 寿樹,太田 光
楽天,8月10日(土),小深田 大翔,浅村 栄斗,辰己 涼介,鈴木 大地,阿部 寿樹,フランコ,小郷 裕哉,村林 一輝,太田 光
楽天,8月11日(日),小深田 大翔,浅村 栄斗,辰己 涼介,鈴木 大地,阿部 寿樹,フランコ,小郷 裕哉,村林 一輝,石原 彪
楽天,8月12日(月),小深田 大翔,浅村 栄斗,辰己 涼介,鈴木 大地,阿部 寿樹,フランコ,小郷 裕哉,村林 一輝,安田 悠馬
楽天,8月13日(火),小深田 大翔,村林 一輝,辰己 涼介,阿部 寿樹,鈴木 大地,浅村 栄斗,小郷 裕哉,フランコ,太田 光
楽天,8月14日(水),小深田 大翔,村林 一輝,辰己 涼介,阿部 寿樹,鈴木 大地,浅村 栄斗,小郷 裕哉,石原 彪,中島 大輔
楽天,8月15日(木),小深田 大翔,村林 一輝,辰己 涼介,阿部 寿樹,鈴木 大地,浅村 栄斗,小郷 裕哉,石原 彪,中島 大輔
楽天,8月17日(土),小深田 大翔,中島 大輔,辰己 涼介,鈴木 大地,阿部 寿樹,小郷 裕哉,村林 一輝,黒川 史陽,太田 光
楽天,8月18日(日),小深田 大翔,村林 一輝,辰己 涼介,阿部 寿樹,鈴木 大地,フランコ,小郷 裕哉,石原 彪,中島 大輔
楽天,8月20日(火),小深田 大翔,村林 一輝,辰己 涼介,阿部 寿樹,鈴木 大地,フランコ,小郷 裕哉,太田 光,中島 大輔
楽天,8月21日(水),小深田 大翔,村林 一輝,辰己 涼介,阿部 寿樹,鈴木 大地,フランコ,小郷 裕哉,石原 彪,中島 大輔
楽天,8月23日(金),小深田 大翔,村林 一輝,辰己 涼介,阿部 寿樹,鈴木 大地,フランコ,小郷 裕哉,石原 彪,中島 大輔
楽天,8月24日(土),小深田 大翔,中島 大輔,辰己 涼介,鈴木 大地,阿部 寿樹,小郷 裕哉,村林 一輝,渡邊 佳明,石原 彪
楽天,8月25日(日),小郷 裕哉,村林 一輝,辰己 涼介,阿部 寿樹,浅村 栄斗,鈴木 大地,フランコ,安田 悠馬,小深田 大翔
楽天,8月27日(火),小深田 大翔,村林 一輝,辰己 涼介,阿部 寿樹,鈴木 大地,浅村 栄斗,小郷 裕哉,太田 光,渡邊 佳明
楽天,8月28日(水),小深田 大翔,村林 一輝,辰己 涼介,阿部 寿樹,浅村 栄斗,小郷 裕哉,フランコ,石原 彪,伊藤 裕季也
楽天,8月30日(金),小深田 大翔,村林 一輝,辰己 涼介,阿部 寿樹,浅村 栄斗,鈴木 大地,フランコ,小郷 裕哉,石原 彪
楽天,8月31日(土),村林 一輝,小深田 大翔,辰己 涼介,阿部 寿樹,浅村 栄斗,小郷 裕哉,フランコ,石原 彪,伊藤 裕季也
楽天,9月1日(日),小郷 裕哉,小深田 大翔,辰己 涼介,浅村 栄斗,鈴木 大地,阿部 寿樹,安田 悠馬,村林 一輝,武藤 敦貴
楽天,9月2日(月),小郷 裕哉,小深田 大翔,辰己 涼介,浅村 栄斗,鈴木 大地,安田 悠馬,渡邊 佳明,村林 一輝,石原 彪
楽天,9月5日(木),小郷 裕哉,小深田 大翔,辰己 涼介,阿部 寿樹,浅村 栄斗,伊藤 裕季也,フランコ,村林 一輝,太田 光
楽天,9月6日(金),小郷 裕哉,小深田 大翔,辰己 涼介,浅村 栄斗,鈴木 大地,安田 悠馬,渡邊 佳明,太田 光,村林 一輝
楽天,9月7日(土),小郷 裕哉,小深田 大翔,辰己 涼介,浅村 栄斗,阿部 寿樹,伊藤 裕季也,安田 悠馬,石原 彪,村林 一輝
楽天,9月8日(日),小郷 裕哉,小深田 大翔,辰己 涼介,浅村 栄斗,鈴木 大地,渡邊 佳明,安田 悠馬,山﨑 剛,石原 彪
楽天,9月10日(火),小郷 裕哉,小深田 大翔,辰己 涼介,浅村 栄斗,鈴木 大地,渡邊 佳明,安田 悠馬,伊藤 裕季也,山﨑 剛
楽天,9月11日(水),小郷 裕哉,小深田 大翔,辰己 涼介,浅村 栄斗,安田 悠馬,阿部 寿樹,フランコ,村林 一輝,石原 彪
楽天,9月12日(木),小郷 裕哉,小深田 大翔,辰己 涼介,浅村 栄斗,安田 悠馬,伊藤 裕季也,渡邊 佳明,村林 一輝,太田 光
楽天,9月14日(土),小郷 裕哉,小深田 大翔,辰己 涼介,浅村 栄斗,安田 悠馬,村林 一輝,フランコ,伊藤 裕季也,太田 光
楽天,9月16日(月),小郷 裕哉,小深田 大翔,辰己 涼介,浅村 栄斗,安田 悠馬,伊藤 裕季也,渡邊 佳明,村林 一輝,石原 彪
楽天,9月17日(火),小郷 裕哉,小深田 大翔,辰己 涼介,浅村 栄斗,安田 悠馬,渡邊 佳明,鈴木 大地,村林 一輝,太田 光
楽天,9月18日(水),小郷 裕哉,村林 一輝,辰己 涼介,浅村 栄斗,安田 悠馬,渡邊 佳明,伊藤 裕季也,小深田 大翔,太田 光
楽天,9月20日(金),小郷 裕哉,小深田 大翔,辰己 涼介,浅村 栄斗,安田 悠馬,伊藤 裕季也,鈴木 大地,村林 一輝,太田 光
楽天,9月21日(土),小郷 裕哉,村林 一輝,辰己 涼介,浅村 栄斗,安田 悠馬,伊藤 裕季也,フランコ,小深田 大翔,石原 彪
楽天,9月22日(日),小郷 裕哉,村林 一輝,辰己 涼介,浅村 栄斗,安田 悠馬,鈴木 大地,伊藤 裕季也,渡邊 佳明,小深田 大翔
楽天,9月23日(月),小郷 裕哉,村林 一輝,辰己 涼介,浅村 栄斗,安田 悠馬,鈴木 大地,伊藤 裕季也,小深田 大翔,石原 彪
楽天,9月25日(水),小郷 裕哉,小深田 大翔,辰己 涼介,浅村 栄斗,安田 悠馬,伊藤 裕季也,鈴木 大地,村林 一輝,太田 光
楽天,9月26日(木),小郷 裕哉,小深田 大翔,辰己 涼介,浅村 栄斗,安田 悠馬,伊藤 裕季也,渡邊 佳明,村林 一輝,太田 光
楽天,9月28日(土),小郷 裕哉,小深田 大翔,辰己 涼介,浅村 栄斗,安田 悠馬,鈴木 大地,伊藤 裕季也,渡邊 佳明,村林 一輝
楽天,9月29日(日),小郷 裕哉,村林 一輝,辰己 涼介,浅村 栄斗,安田 悠馬,伊藤 裕季也,鈴木 大地,小深田 大翔,石原 彪
楽天,9月30日(月),小郷 裕哉,小深田 大翔,辰己 涼介,浅村 栄斗,安田 悠馬,伊藤 裕季也,鈴木 大地,村林 一輝,太田 光
楽天,10月1日(火),小郷 裕哉,小深田 大翔,辰己 涼介,浅村 栄斗,安田 悠馬,伊藤 裕季也,渡邊 佳明,村林 一輝,石原 彪
楽天,10月3日(木),中島 大輔,小郷 裕哉,辰己 涼介,浅村 栄斗,安田 悠馬,阿部 寿樹,伊藤 裕季也,小深田 大翔,入江 大樹
楽天,10月5日(土),中島 大輔,小郷 裕哉,辰己 涼介,浅村 栄斗,安田 悠馬,フランコ,村林 一輝,山田 遥楓,太田 光
楽天,10月6日(日),小郷 裕哉,村林 一輝,辰己 涼介,浅村 栄斗,安田 悠馬,入江 大樹,小深田 大翔,太田 光,中島 大輔
楽天,10月8日(火),中島 大輔,小郷 裕哉,辰己 涼介,浅村 栄斗,安田 悠馬,伊藤 裕季也,渡邊 佳明,小深田 大翔,入江 大樹
楽天,10月9日(水),小郷 裕哉,中島 大輔,辰己 涼介,浅村 栄斗,安田 悠馬,伊藤 裕季也,村林 一輝,小深田 大翔,石原 彪
西武,3月29日(金),金子 侑司,若林 楽人,外崎 修汰,アギラー,中村 剛也,ブランドン,コルデロ,古賀 悠斗,源田 壮亮
西武,3月30日(土),金子 侑司,コルデロ,外崎 修汰,アギラー,中村 剛也,ブランドン,若林 楽人,古賀 悠斗,源田 壮亮
西武,3月31日(日),金子 侑司,コルデロ,外崎 修汰,アギラー,栗山 巧,ブランドン,若林 楽人,炭谷 銀仁朗,源田 壮亮
西武,4月2日(火),金子 侑司,コルデロ,外崎 修汰,アギラー,中村 剛也,佐藤 龍世,西川 愛也,古賀 悠斗,源田 壮亮
西武,4月3日(水),金子 侑司,コルデロ,外崎 修汰,アギラー,栗山 巧,佐藤 龍世,西川 愛也,炭谷 銀仁朗,源田 壮亮
西武,4月4日(木),金子 侑司,コルデロ,外崎 修汰,アギラー,中村 剛也,佐藤 龍世,西川 愛也,古賀 悠斗,源田 壮亮
西武,4月5日(金),源田 壮亮,西川 愛也,外崎 修汰,アギラー,コルデロ,佐藤 龍世,元山 飛優,古賀 悠斗,若林 楽人
西武,4月6日(土),金子 侑司,外崎 修汰,中村 剛也,アギラー,コルデロ,佐藤 龍世,岸 潤一郎,古賀 悠斗,源田 壮亮
西武,4月7日(日),金子 侑司,コルデロ,外崎 修汰,アギラー,栗山 巧,佐藤 龍世,岸 潤一郎,古賀 悠斗,源田 壮亮
西武,4月9日(火),金子 侑司,コルデロ,外崎 修汰,アギラー,佐藤 龍世,岸 潤一郎,西川 愛也,古賀 悠斗,源田 壮亮
西武,4月10日(水),源田 壮亮,岸 潤一郎,外崎 修汰,アギラー,コルデロ,中村 剛也,佐藤 龍世,炭谷 銀仁朗,金子 侑司
西武,4月12日(金),源田 壮亮,コルデロ,外崎 修汰,アギラー,中村 剛也,佐藤 龍世,岸 潤一郎,古賀 悠斗,西川 愛也
西武,4月13日(土),コルデロ,源田 壮亮,外崎 修汰,アギラー,栗山 巧,佐藤 龍世,岸 潤一郎,古賀 悠斗,山村 崇嘉
西武,4月14日(日),外崎 修汰,源田 壮亮,佐藤 龍世,アギラー,中村 剛也,岸 潤一郎,山村 崇嘉,コルデロ,古賀 悠斗
西武,4月16日(火),金子 侑司,元山 飛優,外崎 修汰,アギラー,栗山 巧,山村 崇嘉,長谷川 信哉,炭谷 銀仁朗,源田 壮亮
西武,4月17日(水),長谷川 信哉,岸 潤一郎,外崎 修汰,アギラー,中村 剛也,山村 崇嘉,佐藤 龍世,古賀 悠斗,源田 壮亮
西武,4月19日(金),長谷川 信哉,岸 潤一郎,外崎 修汰,アギラー,中村 剛也,佐藤 龍世,山村 崇嘉,古賀 悠斗,源田 壮亮
西武,4月20日(土),長谷川 信哉,平沼 翔太,岸 潤一郎,アギラー,佐藤 龍世,山村 崇嘉,元山 飛優,古賀 悠斗,源田 壮亮
西武,4月21日(日),長谷川 信哉,岸 潤一郎,外崎 修汰,アギラー,中村 剛也,佐藤 龍世,若林 楽人,柘植 世那,源田 壮亮
西武,4月23日(火),岸 潤一郎,中村 剛也,佐藤 龍世,アギラー,炭谷 銀仁朗,若林 楽人,外崎 修汰,長谷川 信哉,源田 壮亮
西武,4月24日(水),髙松 渡,山野辺 翔,中村 剛也,佐藤 龍世,平沼 翔太,西川 愛也,長谷川 信哉,児玉 亮涼,炭谷 銀仁朗
西武,4月25日(木),金子 侑司,平沼 翔太,中村 剛也,アギラー,佐藤 龍世,外崎 修汰,岸 潤一郎,柘植 世那,源田 壮亮
西武,4月27日(土),金子 侑司,平沼 翔太,中村 剛也,アギラー,佐藤 龍世,外崎 修汰,源田 壮亮,古市 尊,長谷川 信哉
西武,4月28日(日),金子 侑司,平沼 翔太,中村 剛也,アギラー,佐藤 龍世,岸 潤一郎,外崎 修汰,炭谷 銀仁朗,源田 壮亮
西武,4月29日(月),金子 侑司,源田 壮亮,中村 剛也,アギラー,外崎 修汰,佐藤 龍世,平沼 翔太,岸 潤一郎,柘植 世那
西武,4月30日(火),金子 侑司,源田 壮亮,佐藤 龍世,アギラー,外崎 修汰,陽川 尚将,長谷川 信哉,古賀 悠斗,若林 楽人
西武,5月1日(水),金子 侑司,源田 壮亮,中村 剛也,アギラー,佐藤 龍世,若林 楽人,外崎 修汰,古賀 悠斗,長谷川 信哉
西武,5月3日(金),金子 侑司,源田 壮亮,中村 剛也,アギラー,佐藤 龍世,若林 楽人,渡部 健人,炭谷 銀仁朗,長谷川 信哉
西武,5月4日(土),金子 侑司,源田 壮亮,若林 楽人,アギラー,佐藤 龍世,外崎 修汰,渡部 健人,古賀 悠斗,長谷川 信哉
西武,5月5日(日),金子 侑司,源田 壮亮,若林 楽人,アギラー,佐藤 龍世,外崎 修汰,渡部 健人,古賀 悠斗,長谷川 信哉
西武,5月6日(月),金子 侑司,源田 壮亮,若林 楽人,中村 剛也,佐藤 龍世,外崎 修汰,渡部 健人,柘植 世那,長谷川 信哉
西武,5月7日(火),金子 侑司,源田 壮亮,外崎 修汰,中村 剛也,佐藤 龍世,若林 楽人,岸 潤一郎,渡部 健人,古賀 悠斗
西武,5月10日(金),金子 侑司,源田 壮亮,中村 剛也,佐藤 龍世,岸 潤一郎,外崎 修汰,蛭間 拓哉,古賀 悠斗,渡部 健人
西武,5月11日(土),金子 侑司,源田 壮亮,平沼 翔太,外崎 修汰,若林 楽人,村田 怜音,佐藤 龍世,炭谷 銀仁朗,蛭間 拓哉
西武,5月12日(日),金子 侑司,源田 壮亮,平沼 翔太,中村 剛也,外崎 修汰,蛭間 拓哉,古賀 悠斗,佐藤 龍世,村田 怜音
西武,5月14日(火),金子 侑司,源田 壮亮,長谷川 信哉,蛭間 拓哉,佐藤 龍世,外崎 修汰,古賀 悠斗,村田 怜音,渡部 健人
西武,5月15日(水),金子 侑司,源田 壮亮,外崎 修汰,中村 剛也,蛭間 拓哉,村田 怜音,佐藤 龍世,炭谷 銀仁朗,長谷川 信哉
西武,5月17日(金),金子 侑司,源田 壮亮,外崎 修汰,中村 剛也,蛭間 拓哉,平沼 翔太,古賀 悠斗,佐藤 龍世,長谷川 信哉
西武,5月18日(土),金子 侑司,源田 壮亮,外崎 修汰,中村 剛也,佐藤 龍世,蛭間 拓哉,若林 楽人,古賀 悠斗,平沼 翔太
西武,5月19日(日),平沼 翔太,源田 壮亮,外崎 修汰,中村 剛也,蛭間 拓哉,若林 楽人,佐藤 龍世,炭谷 銀仁朗,岸 潤一郎
西武,5月21日(火),源田 壮亮,岸 潤一郎,外崎 修汰,中村 剛也,蛭間 拓哉,佐藤 龍世,平沼 翔太,古賀 悠斗,西川 愛也
西武,5月22日(水),源田 壮亮,平沼 翔太,外崎 修汰,中村 剛也,蛭間 拓哉,佐藤 龍世,金子 侑司,古賀 悠斗,西川 愛也
西武,5月24日(金),滝澤 夏央,源田 壮亮,外崎 修汰,中村 剛也,蛭間 拓哉,岸 潤一郎,平沼 翔太,古賀 悠斗,西川 愛也
西武,5月25日(土),源田 壮亮,滝澤 夏央,外崎 修汰,中村 剛也,蛭間 拓哉,岸 潤一郎,平沼 翔太,古賀 悠斗,西川 愛也
西武,5月26日(日),源田 壮亮,滝澤 夏央,外崎 修汰,中村 剛也,蛭間 拓哉,岸 潤一郎,平沼 翔太,炭谷 銀仁朗,鈴木 将平
西武,5月28日(火),源田 壮亮,岸 潤一郎,外崎 修汰,中村 剛也,蛭間 拓哉,佐藤 龍世,コルデロ,古賀 悠斗,今井 達也
西武,5月29日(水),源田 壮亮,岸 潤一郎,外崎 修汰,中村 剛也,蛭間 拓哉,佐藤 龍世,コルデロ,古賀 悠斗,隅田 知一郎
西武,5月30日(木),源田 壮亮,平沼 翔太,外崎 修汰,蛭間 拓哉,岸 潤一郎,佐藤 龍世,コルデロ,炭谷 銀仁朗,武内 夏暉
西武,5月31日(金),源田 壮亮,滝澤 夏央,外崎 修汰,中村 剛也,蛭間 拓哉,岸 潤一郎,コルデロ,古賀 悠斗,佐藤 龍世
西武,6月1日(土),源田 壮亮,滝澤 夏央,外崎 修汰,中村 剛也,蛭間 拓哉,岸 潤一郎,佐藤 龍世,古賀 悠斗,金子 侑司
西武,6月2日(日),源田 壮亮,滝澤 夏央,外崎 修汰,中村 剛也,蛭間 拓哉,元山 飛優,岸 潤一郎,炭谷 銀仁朗,鈴木 将平
西武,6月4日(火),滝澤 夏央,源田 壮亮,外崎 修汰,蛭間 拓哉,岸 潤一郎,元山 飛優,古賀 悠斗,西川 愛也,今井 達也
西武,6月5日(水),滝澤 夏央,源田 壮亮,栗山 巧,蛭間 拓哉,岸 潤一郎,元山 飛優,佐藤 龍世,古賀 悠斗,隅田 知一郎
西武,6月6日(木),源田 壮亮,山野辺 翔,栗山 巧,中村 剛也,岸 潤一郎,蛭間 拓哉,古賀 悠斗,滝澤 夏央,菅井 信也
西武,6月7日(金),源田 壮亮,滝澤 夏央,栗山 巧,中村 剛也,蛭間 拓哉,山野辺 翔,西川 愛也,古賀 悠斗,與座 海人
西武,6月8日(土),源田 壮亮,山野辺 翔,栗山 巧,元山 飛優,長谷川 信哉,西川 愛也,炭谷 銀仁朗,滝澤 夏央,髙橋 光成
西武,6月9日(日),奥村 光一,長谷川 信哉,栗山 巧,陽川 尚将,佐藤 龍世,源田 壮亮,古賀 悠斗,滝澤 夏央,渡邉 勇太朗
西武,6月11日(火),長谷川 信哉,山野辺 翔,栗山 巧,中村 剛也,陽川 尚将,源田 壮亮,奥村 光一,古賀 悠斗,元山 飛優
西武,6月12日(水),長谷川 信哉,西川 愛也,栗山 巧,中村 剛也,陽川 尚将,佐藤 龍世,源田 壮亮,古賀 悠斗,元山 飛優
西武,6月13日(木),長谷川 信哉,西川 愛也,栗山 巧,中村 剛也,陽川 尚将,元山 飛優,源田 壮亮,古賀 悠斗,滝澤 夏央
西武,6月14日(金),奥村 光一,鈴木 将平,栗山 巧,中村 剛也,陽川 尚将,源田 壮亮,滝澤 夏央,柘植 世那,児玉 亮涼
西武,6月15日(土),山野辺 翔,児玉 亮涼,鈴木 将平,栗山 巧,陽川 尚将,長谷川 信哉,源田 壮亮,柘植 世那,奥村 光一
西武,6月16日(日),奥村 光一,滝澤 夏央,長谷川 信哉,元山 飛優,岸 潤一郎,鈴木 将平,源田 壮亮,古賀 悠斗,児玉 亮涼
西武,6月21日(金),奥村 光一,滝澤 夏央,栗山 巧,岸 潤一郎,中村 剛也,長谷川 信哉,児玉 亮涼,古賀 悠斗,源田 壮亮
西武,6月22日(土),西川 愛也,滝澤 夏央,栗山 巧,岸 潤一郎,陽川 尚将,長谷川 信哉,児玉 亮涼,古賀 悠斗,源田 壮亮
西武,6月23日(日),西川 愛也,滝澤 夏央,栗山 巧,岸 潤一郎,元山 飛優,鈴木 将平,児玉 亮涼,古賀 悠斗,源田 壮亮
西武,6月25日(火),鈴木 将平,児玉 亮涼,栗山 巧,岸 潤一郎,外崎 修汰,山村 崇嘉,牧野 翔矢,奥村 光一,源田 壮亮
西武,6月26日(水),松原 聖弥,児玉 亮涼,栗山 巧,岸 潤一郎,山村 崇嘉,外崎 修汰,鈴木 将平,炭谷 銀仁朗,源田 壮亮
西武,6月28日(金),松原 聖弥,児玉 亮涼,外崎 修汰,岸 潤一郎,中村 剛也,山村 崇嘉,長谷川 信哉,古賀 悠斗,源田 壮亮
西武,6月29日(土),松原 聖弥,児玉 亮涼,外崎 修汰,岸 潤一郎,栗山 巧,山村 崇嘉,長谷川 信哉,古賀 悠斗,源田 壮亮
西武,6月30日(日),松原 聖弥,児玉 亮涼,外崎 修汰,岸 潤一郎,中村 剛也,山村 崇嘉,長谷川 信哉,古賀 悠斗,源田 壮亮
西武,7月2日(火),松原 聖弥,児玉 亮涼,外崎 修汰,岸 潤一郎,栗山 巧,山村 崇嘉,牧野 翔矢,西川 愛也,源田 壮亮
西武,7月4日(木),源田 壮亮,滝澤 夏央,外崎 修汰,岸 潤一郎,栗山 巧,山村 崇嘉,西川 愛也,炭谷 銀仁朗,松原 聖弥
西武,7月5日(金),源田 壮亮,滝澤 夏央,外崎 修汰,岸 潤一郎,栗山 巧,山村 崇嘉,西川 愛也,古賀 悠斗,松原 聖弥
西武,7月6日(土),源田 壮亮,山野辺 翔,西川 愛也,岸 潤一郎,栗山 巧,山村 崇嘉,松原 聖弥,古賀 悠斗,児玉 亮涼
西武,7月7日(日),源田 壮亮,野村 大樹,外崎 修汰,岸 潤一郎,山村 崇嘉,栗山 巧,西川 愛也,牧野 翔矢,松原 聖弥
西武,7月9日(火),源田 壮亮,西川 愛也,外崎 修汰,岸 潤一郎,山村 崇嘉,中村 剛也,野村 大樹,古賀 悠斗,松原 聖弥
西武,7月10日(水),源田 壮亮,西川 愛也,外崎 修汰,岸 潤一郎,山村 崇嘉,栗山 巧,野村 大樹,松原 聖弥,古賀 悠斗
西武,7月12日(金),源田 壮亮,西川 愛也,外崎 修汰,岸 潤一郎,山村 崇嘉,野村 大樹,コルデロ,炭谷 銀仁朗,松原 聖弥
西武,7月13日(土),源田 壮亮,野村 大樹,西川 愛也,岸 潤一郎,山村 崇嘉,外崎 修汰,コルデロ,古賀 悠斗,長谷川 信哉
西武,7月14日(日),源田 壮亮,西川 愛也,野村 大樹,岸 潤一郎,山村 崇嘉,栗山 巧,外崎 修汰,松原 聖弥,古賀 悠斗
西武,7月15日(月),源田 壮亮,岸 潤一郎,西川 愛也,山村 崇嘉,野村 大樹,栗山 巧,蛭間 拓哉,コルデロ,炭谷 銀仁朗
西武,7月16日(火),源田 壮亮,鈴木 将平,西川 愛也,山村 崇嘉,野村 大樹,栗山 巧,蛭間 拓哉,外崎 修汰,炭谷 銀仁朗
西武,7月17日(水),源田 壮亮,奥村 光一,西川 愛也,山村 崇嘉,野村 大樹,岸 潤一郎,外崎 修汰,鈴木 将平,古賀 悠斗
西武,7月19日(金),源田 壮亮,奥村 光一,西川 愛也,山村 崇嘉,野村 大樹,岸 潤一郎,高木 渉,外崎 修汰,炭谷 銀仁朗
西武,7月20日(土),源田 壮亮,鈴木 将平,野村 大樹,山村 崇嘉,蛭間 拓哉,外崎 修汰,松原 聖弥,古賀 悠斗,滝澤 夏央
西武,7月21日(日),源田 壮亮,鈴木 将平,野村 大樹,山村 崇嘉,蛭間 拓哉,外崎 修汰,西川 愛也,古賀 悠斗,滝澤 夏央
西武,7月26日(金),源田 壮亮,鈴木 将平,野村 大樹,山村 崇嘉,蛭間 拓哉,外崎 修汰,西川 愛也,古賀 悠斗,奥村 光一
西武,7月27日(土),源田 壮亮,西川 愛也,野村 大樹,山村 崇嘉,蛭間 拓哉,外崎 修汰,高木 渉,奥村 光一,炭谷 銀仁朗
西武,7月28日(日),源田 壮亮,西川 愛也,蛭間 拓哉,山村 崇嘉,外崎 修汰,鈴木 将平,野村 大樹,松原 聖弥,炭谷 銀仁朗
西武,7月30日(火),源田 壮亮,奥村 光一,蛭間 拓哉,山村 崇嘉,外崎 修汰,岸 潤一郎,ガルシア,野村 大樹,炭谷 銀仁朗
西武,7月31日(水),源田 壮亮,奥村 光一,蛭間 拓哉,山村 崇嘉,外崎 修汰,岸 潤一郎,ガルシア,野村 大樹,柘植 世那
西武,8月1日(木),源田 壮亮,西川 愛也,蛭間 拓哉,山村 崇嘉,外崎 修汰,ガルシア,野村 大樹,鈴木 将平,柘植 世那
西武,8月2日(金),源田 壮亮,山野辺 翔,蛭間 拓哉,山村 崇嘉,外崎 修汰,ガルシア,鈴木 将平,野村 大樹,炭谷 銀仁朗
西武,8月3日(土),源田 壮亮,岸 潤一郎,蛭間 拓哉,山村 崇嘉,外崎 修汰,ガルシア,野村 大樹,松原 聖弥,炭谷 銀仁朗
西武,8月4日(日),源田 壮亮,西川 愛也,蛭間 拓哉,山村 崇嘉,外崎 修汰,ガルシア,野村 大樹,松原 聖弥,炭谷 銀仁朗
西武,8月6日(火),源田 壮亮,奥村 光一,蛭間 拓哉,山村 崇嘉,外崎 修汰,ガルシア,野村 大樹,鈴木 将平,古賀 悠斗
西武,8月7日(水),源田 壮亮,岸 潤一郎,蛭間 拓哉,山村 崇嘉,外崎 修汰,ガルシア,野村 大樹,奥村 光一,炭谷 銀仁朗
西武,8月8日(木),源田 壮亮,岸 潤一郎,蛭間 拓哉,山村 崇嘉,外崎 修汰,ガルシア,野村 大樹,西川 愛也,古賀 悠斗
西武,8月10日(土),源田 壮亮,ガルシア,蛭間 拓哉,山村 崇嘉,外崎 修汰,鈴木 将平,野村 大樹,松原 聖弥,古賀 悠斗
西武,8月11日(日),源田 壮亮,奥村 光一,蛭間 拓哉,山村 崇嘉,外崎 修汰,ガルシア,野村 大樹,西川 愛也,炭谷 銀仁朗
西武,8月12日(月),源田 壮亮,西川 愛也,蛭間 拓哉,山村 崇嘉,外崎 修汰,佐藤 龍世,ガルシア,野村 大樹,古賀 悠斗
西武,8月13日(火),外崎 修汰,源田 壮亮,ブランドン,山村 崇嘉,佐藤 龍世,蛭間 拓哉,岸 潤一郎,西川 愛也,古賀 悠斗
西武,8月14日(水),外崎 修汰,源田 壮亮,佐藤 龍世,山村 崇嘉,野村 大樹,蛭間 拓哉,ガルシア,西川 愛也,古賀 悠斗
西武,8月15日(木),外崎 修汰,源田 壮亮,佐藤 龍世,山村 崇嘉,野村 大樹,西川 愛也,蛭間 拓哉,ガルシア,古賀 悠斗
西武,8月17日(土),西川 愛也,源田 壮亮,外崎 修汰,山村 崇嘉,佐藤 龍世,野村 大樹,蛭間 拓哉,奥村 光一,古賀 悠斗
西武,8月18日(日),西川 愛也,源田 壮亮,外崎 修汰,山村 崇嘉,佐藤 龍世,野村 大樹,蛭間 拓哉,奥村 光一,炭谷 銀仁朗
西武,8月20日(火),外崎 修汰,源田 壮亮,野村 大樹,山村 崇嘉,佐藤 龍世,岸 潤一郎,蛭間 拓哉,西川 愛也,柘植 世那
西武,8月21日(水),外崎 修汰,源田 壮亮,岸 潤一郎,山村 崇嘉,佐藤 龍世,野村 大樹,蛭間 拓哉,古賀 悠斗,西川 愛也
西武,8月22日(木),源田 壮亮,西川 愛也,佐藤 龍世,山村 崇嘉,外崎 修汰,ガルシア,蛭間 拓哉,古賀 悠斗,滝澤 夏央
西武,8月23日(金),外崎 修汰,源田 壮亮,佐藤 龍世,山村 崇嘉,野村 大樹,ガルシア,蛭間 拓哉,古賀 悠斗,西川 愛也
西武,8月24日(土),岸 潤一郎,源田 壮亮,佐藤 龍世,山村 崇嘉,外崎 修汰,ガルシア,蛭間 拓哉,古賀 悠斗,西川 愛也
西武,8月25日(日),岸 潤一郎,源田 壮亮,佐藤 龍世,山村 崇嘉,外崎 修汰,ガルシア,蛭間 拓哉,古賀 悠斗,西川 愛也
西武,8月27日(火),奥村 光一,源田 壮亮,野村 大樹,佐藤 龍世,岸 潤一郎,山村 崇嘉,外崎 修汰,古賀 悠斗,西川 愛也
西武,8月28日(水),長谷川 信哉,源田 壮亮,西川 愛也,佐藤 龍世,ガルシア,外崎 修汰,元山 飛優,蛭間 拓哉,古賀 悠斗
西武,8月29日(木),長谷川 信哉,源田 壮亮,西川 愛也,佐藤 龍世,平沼 翔太,外崎 修汰,山村 崇嘉,蛭間 拓哉,古賀 悠斗
西武,8月30日(金),長谷川 信哉,源田 壮亮,西川 愛也,佐藤 龍世,平沼 翔太,外崎 修汰,山村 崇嘉,蛭間 拓哉,古賀 悠斗
西武,8月31日(土),長谷川 信哉,源田 壮亮,西川 愛也,佐藤 龍世,平沼 翔太,山野辺 翔,外崎 修汰,蛭間 拓哉,古賀 悠斗
西武,9月1日(日),長谷川 信哉,源田 壮亮,西川 愛也,佐藤 龍世,平沼 翔太,外崎 修汰,元山 飛優,蛭間 拓哉,炭谷 銀仁朗
西武,9月3日(火),長谷川 信哉,源田 壮亮,西川 愛也,佐藤 龍世,平沼 翔太,渡部 健人,外崎 修汰,山野辺 翔,柘植 世那
西武,9月4日(水),長谷川 信哉,源田 壮亮,西川 愛也,佐藤 龍世,平沼 翔太,外崎 修汰,元山 飛優,山野辺 翔,古賀 悠斗
西武,9月6日(金),長谷川 信哉,源田 壮亮,西川 愛也,佐藤 龍世,平沼 翔太,外崎 修汰,渡部 健人,蛭間 拓哉,古賀 悠斗
西武,9月7日(土),長谷川 信哉,源田 壮亮,西川 愛也,佐藤 龍世,平沼 翔太,外崎 修汰,元山 飛優,山野辺 翔,古賀 悠斗
西武,9月8日(日),長谷川 信哉,源田 壮亮,西川 愛也,佐藤 龍世,平沼 翔太,外崎 修汰,山野辺 翔,渡部 健人,炭谷 銀仁朗
西武,9月10日(火),長谷川 信哉,源田 壮亮,西川 愛也,佐藤 龍世,外崎 修汰,岸 潤一郎,元山 飛優,野村 大樹,柘植 世那
西武,9月11日(水),長谷川 信哉,源田 壮亮,西川 愛也,佐藤 龍世,外崎 修汰,平沼 翔太,岸 潤一郎,野村 大樹,古賀 悠斗
西武,9月12日(木),長谷川 信哉,源田 壮亮,野村 大樹,佐藤 龍世,外崎 修汰,岸 潤一郎,西川 愛也,山野辺 翔,古賀 悠斗
西武,9月13日(金),長谷川 信哉,源田 壮亮,野村 大樹,佐藤 龍世,外崎 修汰,岸 潤一郎,西川 愛也,山野辺 翔,古賀 悠斗
西武,9月14日(土),源田 壮亮,岡田 雅利,野村 大樹,佐藤 龍世,外崎 修汰,岸 潤一郎,西川 愛也,長谷川 信哉,平沼 翔太
西武,9月15日(日),金子 侑司,源田 壮亮,西川 愛也,佐藤 龍世,外崎 修汰,岸 潤一郎,野村 大樹,古賀 悠斗,滝澤 夏央
西武,9月16日(月),長谷川 信哉,源田 壮亮,西川 愛也,佐藤 龍世,外崎 修汰,岸 潤一郎,野村 大樹,炭谷 銀仁朗,滝澤 夏央
西武,9月18日(水),長谷川 信哉,源田 壮亮,西川 愛也,佐藤 龍世,野村 大樹,外崎 修汰,岸 潤一郎,古賀 悠斗,滝澤 夏央
西武,9月21日(土),長谷川 信哉,源田 壮亮,西川 愛也,佐藤 龍世,野村 大樹,外崎 修汰,奥村 光一,柘植 世那,滝澤 夏央
西武,9月22日(日),長谷川 信哉,源田 壮亮,西川 愛也,佐藤 龍世,野村 大樹,外崎 修汰,山野辺 翔,古賀 悠斗,滝澤 夏央
西武,9月23日(月),長谷川 信哉,源田 壮亮,西川 愛也,佐藤 龍世,野村 大樹,平沼 翔太,山野辺 翔,炭谷 銀仁朗,滝澤 夏央
西武,9月24日(火),長谷川 信哉,源田 壮亮,西川 愛也,佐藤 龍世,野村 大樹,平沼 翔太,山野辺 翔,古賀 悠斗,滝澤 夏央
西武,9月25日(水),長谷川 信哉,源田 壮亮,西川 愛也,佐藤 龍世,野村 大樹,外崎 修汰,岸 潤一郎,古賀 悠斗,滝澤 夏央
西武,9月26日(木),長谷川 信哉,源田 壮亮,西川 愛也,佐藤 龍世,野村 大樹,平沼 翔太,外崎 修汰,元山 飛優,古賀 悠斗
西武,9月28日(土),長谷川 信哉,源田 壮亮,西川 愛也,佐藤 龍世,野村 大樹,岸 潤一郎,平沼 翔太,古賀 悠斗,滝澤 夏央
西武,9月29日(日),長谷川 信哉,源田 壮亮,西川 愛也,佐藤 龍世,平沼 翔太,野村 大樹,岸 潤一郎,古賀 悠斗,滝澤 夏央
西武,9月30日(月),源田 壮亮,山野辺 翔,西川 愛也,佐藤 龍世,野村 大樹,平沼 翔太,外崎 修汰,岸 潤一郎,炭谷 銀仁朗
西武,10月1日(火),源田 壮亮,外崎 修汰,西川 愛也,佐藤 龍世,野村 大樹,平沼 翔太,元山 飛優,岸 潤一郎,古賀 悠斗
西武,10月9日(水),源田 壮亮,外崎 修汰,西川 愛也,佐藤 龍世,野村 大樹,岸 潤一郎,牧野 翔矢,古賀 悠斗,長谷川 信哉
ロッテ,3月29日(金),藤岡 裕大,ソト,ポランコ,山口 航輝,安田 尚憲,岡 大海,中村 奨吾,佐藤 都志也,友杉 篤輝
ロッテ,3月30日(土),荻野 貴司,藤岡 裕大,ソト,ポランコ,山口 航輝,岡 大海,中村 奨吾,田村 龍弘,茶谷 健太
ロッテ,3月31日(日),藤岡 裕大,ソト,ポランコ,山口 航輝,安田 尚憲,茶谷 健太,中村 奨吾,佐藤 都志也,和田 康士朗
ロッテ,4月2日(火),藤岡 裕大,ソト,ポランコ,山口 航輝,愛斗,茶谷 健太,中村 奨吾,田村 龍弘,和田 康士朗
ロッテ,4月3日(水),岡 大海,藤岡 裕大,ソト,ポランコ,山口 航輝,上田 希由翔,中村 奨吾,田村 龍弘,友杉 篤輝
ロッテ,4月4日(木),愛斗,ポランコ,藤岡 裕大,ソト,山口 航輝,佐藤 都志也,上田 希由翔,中村 奨吾,友杉 篤輝
ロッテ,4月5日(金),荻野 貴司,友杉 篤輝,ソト,山口 航輝,茶谷 健太,岡 大海,池田 来翔,佐藤 都志也,中村 奨吾
ロッテ,4月6日(土),愛斗,ポランコ,上田 希由翔,ソト,山口 航輝,池田 来翔,友杉 篤輝,田村 龍弘,中村 奨吾
ロッテ,4月7日(日),岡 大海,ポランコ,ソト,山口 航輝,茶谷 健太,佐藤 都志也,友杉 篤輝,池田 来翔,中村 奨吾
ロッテ,4月9日(火),岡 大海,ポランコ,角中 勝也,ソト,山口 航輝,友杉 篤輝,中村 奨吾,田村 龍弘,小川 龍成
ロッテ,4月10日(水),岡 大海,ポランコ,ソト,山口 航輝,上田 希由翔,池田 来翔,中村 奨吾,田村 龍弘,友杉 篤輝
ロッテ,4月12日(金),岡 大海,ポランコ,ソト,山口 航輝,佐藤 都志也,茶谷 健太,中村 奨吾,池田 来翔,友杉 篤輝
ロッテ,4月13日(土),岡 大海,友杉 篤輝,ソト,ポランコ,山口 航輝,角中 勝也,中村 奨吾,田村 龍弘,池田 来翔
ロッテ,4月14日(日),友杉 篤輝,岡 大海,ポランコ,ソト,佐藤 都志也,山口 航輝,中村 奨吾,大下 誠一郎,小川 龍成
ロッテ,4月16日(火),友杉 篤輝,岡 大海,ポランコ,ソト,角中 勝也,山口 航輝,佐藤 都志也,中村 奨吾,小川 龍成
ロッテ,4月17日(水),友杉 篤輝,岡 大海,ポランコ,ソト,山口 航輝,上田 希由翔,中村 奨吾,田村 龍弘,小川 龍成
ロッテ,4月19日(金),岡 大海,藤岡 裕大,ポランコ,ソト,角中 勝也,山口 航輝,中村 奨吾,田村 龍弘,友杉 篤輝
ロッテ,4月20日(土),岡 大海,ポランコ,山口 航輝,ソト,佐藤 都志也,上田 希由翔,中村 奨吾,小川 龍成,友杉 篤輝
ロッテ,4月21日(日),荻野 貴司,藤岡 裕大,ポランコ,ソト,岡 大海,山口 航輝,中村 奨吾,田村 龍弘,茶谷 健太
ロッテ,4月23日(火),岡 大海,藤岡 裕大,ポランコ,ソト,山口 航輝,佐藤 都志也,上田 希由翔,中村 奨吾,友杉 篤輝
ロッテ,4月24日(水),荻野 貴司,藤岡 裕大,ポランコ,ソト,山口 航輝,岡 大海,中村 奨吾,佐藤 都志也,友杉 篤輝
ロッテ,4月25日(木),岡 大海,藤岡 裕大,ポランコ,ソト,角中 勝也,山口 航輝,中村 奨吾,田村 龍弘,友杉 篤輝
ロッテ,4月27日(土),藤岡 裕大,角中 勝也,ポランコ,ソト,安田 尚憲,山口 航輝,佐藤 都志也,小川 龍成,和田 康士朗
ロッテ,4月28日(日),岡 大海,藤岡 裕大,ポランコ,ソト,角中 勝也,佐藤 都志也,山口 航輝,安田 尚憲,友杉 篤輝
ロッテ,4月29日(月),荻野 貴司,藤岡 裕大,ポランコ,ソト,角中 勝也,佐藤 都志也,田村 龍弘,安田 尚憲,友杉 篤輝
ロッテ,4月30日(火),荻野 貴司,藤岡 裕大,石川 慎吾,ソト,茶谷 健太,岡 大海,佐藤 都志也,山口 航輝,中村 奨吾
ロッテ,5月1日(水),岡 大海,石川 慎吾,ポランコ,ソト,茶谷 健太,佐藤 都志也,中村 奨吾,山口 航輝,小川 龍成
ロッテ,5月3日(金),岡 大海,藤岡 裕大,石川 慎吾,ポランコ,安田 尚憲,山口 航輝,友杉 篤輝,田村 龍弘,中村 奨吾
ロッテ,5月4日(土),荻野 貴司,藤岡 裕大,角中 勝也,ソト,ポランコ,石川 慎吾,佐藤 都志也,中村 奨吾,小川 龍成
ロッテ,5月5日(日),岡 大海,藤岡 裕大,角中 勝也,ソト,ポランコ,佐藤 都志也,中村 奨吾,安田 尚憲,友杉 篤輝
ロッテ,5月6日(月),岡 大海,藤岡 裕大,角中 勝也,ソト,ポランコ,佐藤 都志也,中村 奨吾,田村 龍弘,友杉 篤輝
ロッテ,5月7日(火),岡 大海,藤岡 裕大,角中 勝也,ソト,ポランコ,佐藤 都志也,中村 奨吾,山口 航輝,友杉 篤輝
ロッテ,5月10日(金),岡 大海,藤岡 裕大,角中 勝也,ソト,ポランコ,佐藤 都志也,中村 奨吾,山口 航輝,小川 龍成
ロッテ,5月11日(土),岡 大海,藤岡 裕大,荻野 貴司,石川 慎吾,山口 航輝,中村 奨吾,佐藤 都志也,茶谷 健太,友杉 篤輝
ロッテ,5月12日(日),岡 大海,藤岡 裕大,ポランコ,ソト,佐藤 都志也,安田 尚憲,中村 奨吾,山口 航輝,小川 龍成
ロッテ,5月14日(火),岡 大海,藤岡 裕大,友杉 篤輝,ソト,角中 勝也,安田 尚憲,山口 航輝,中村 奨吾,田村 龍弘
ロッテ,5月15日(水),藤岡 裕大,ポランコ,佐藤 都志也,ソト,角中 勝也,安田 尚憲,小川 龍成,田村 龍弘,和田 康士朗
ロッテ,5月17日(金),岡 大海,藤岡 裕大,中村 奨吾,ソト,ポランコ,山口 航輝,安田 尚憲,佐藤 都志也,友杉 篤輝
ロッテ,5月18日(土),荻野 貴司,岡 大海,ポランコ,ソト,石川 慎吾,友杉 篤輝,中村 奨吾,田村 龍弘,小川 龍成
ロッテ,5月19日(日),岡 大海,髙部 瑛斗,ポランコ,ソト,角中 勝也,佐藤 都志也,安田 尚憲,友杉 篤輝,小川 龍成
ロッテ,5月21日(火),岡 大海,友杉 篤輝,髙部 瑛斗,ソト,ポランコ,中村 奨吾,佐藤 都志也,安田 尚憲,小川 龍成
ロッテ,5月22日(水),岡 大海,石川 慎吾,髙部 瑛斗,ソト,ポランコ,中村 奨吾,佐藤 都志也,友杉 篤輝,小川 龍成
ロッテ,5月24日(金),岡 大海,石川 慎吾,髙部 瑛斗,ソト,中村 奨吾,池田 来翔,佐藤 都志也,友杉 篤輝,小川 龍成
ロッテ,5月25日(土),岡 大海,ポランコ,髙部 瑛斗,ソト,角中 勝也,佐藤 都志也,安田 尚憲,友杉 篤輝,小川 龍成
ロッテ,5月26日(日),荻野 貴司,岡 大海,ポランコ,ソト,佐藤 都志也,中村 奨吾,安田 尚憲,友杉 篤輝,小川 龍成
ロッテ,5月28日(火),岡 大海,友杉 篤輝,髙部 瑛斗,ソト,角中 勝也,佐藤 都志也,安田 尚憲,小川 龍成,小島 和哉
ロッテ,5月29日(水),荻野 貴司,友杉 篤輝,髙部 瑛斗,ソト,角中 勝也,佐藤 都志也,安田 尚憲,小川 龍成,種市 篤暉
ロッテ,5月30日(木),荻野 貴司,岡 大海,中村 奨吾,ソト,佐藤 都志也,愛斗,友杉 篤輝,小川 龍成,西野 勇士
ロッテ,5月31日(金),荻野 貴司,小川 龍成,髙部 瑛斗,ポランコ,安田 尚憲,中村 奨吾,佐藤 都志也,友杉 篤輝,和田 康士朗
ロッテ,6月1日(土),岡 大海,小川 龍成,髙部 瑛斗,ソト,ポランコ,安田 尚憲,佐藤 都志也,友杉 篤輝,和田 康士朗
ロッテ,6月2日(日),岡 大海,小川 龍成,髙部 瑛斗,ソト,ポランコ,安田 尚憲,中村 奨吾,佐藤 都志也,友杉 篤輝
ロッテ,6月4日(火),岡 大海,小川 龍成,髙部 瑛斗,ポランコ,佐藤 都志也,中村 奨吾,安田 尚憲,友杉 篤輝,小島 和哉
ロッテ,6月5日(水),荻野 貴司,ポランコ,髙部 瑛斗,ソト,佐藤 都志也,中村 奨吾,小川 龍成,友杉 篤輝,種市 篤暉
ロッテ,6月6日(木),岡 大海,友杉 篤輝,髙部 瑛斗,ソト,ポランコ,中村 奨吾,小川 龍成,田村 龍弘,西野 勇士
ロッテ,6月7日(金),友杉 篤輝,角中 勝也,髙部 瑛斗,ポランコ,佐藤 都志也,中村 奨吾,安田 尚憲,小川 龍成,美馬 学
ロッテ,6月8日(土),荻野 貴司,友杉 篤輝,髙部 瑛斗,ソト,岡 大海,佐藤 都志也,中村 奨吾,小川 龍成,佐々木 朗希
ロッテ,6月9日(日),友杉 篤輝,ポランコ,髙部 瑛斗,ソト,角中 勝也,佐藤 都志也,安田 尚憲,小川 龍成,メルセデス
ロッテ,6月11日(火),石川 慎吾,友杉 篤輝,髙部 瑛斗,岡 大海,佐藤 都志也,ポランコ,池田 来翔,中村 奨吾,小川 龍成
ロッテ,6月12日(水),石川 慎吾,友杉 篤輝,佐藤 都志也,ソト,岡 大海,愛斗,中村 奨吾,田村 龍弘,小川 龍成
ロッテ,6月13日(木),佐藤 都志也,ポランコ,髙部 瑛斗,ソト,角中 勝也,中村 奨吾,友杉 篤輝,田村 龍弘,小川 龍成
ロッテ,6月14日(金),岡 大海,ポランコ,藤岡 裕大,ソト,角中 勝也,佐藤 都志也,上田 希由翔,友杉 篤輝,髙部 瑛斗
ロッテ,6月15日(土),岡 大海,藤岡 裕大,ポランコ,ソト,角中 勝也,佐藤 都志也,髙部 瑛斗,上田 希由翔,友杉 篤輝
ロッテ,6月16日(日),岡 大海,藤岡 裕大,ポランコ,ソト,佐藤 都志也,中村 奨吾,髙部 瑛斗,上田 希由翔,友杉 篤輝
ロッテ,6月21日(金),岡 大海,藤岡 裕大,ポランコ,ソト,佐藤 都志也,愛斗,髙部 瑛斗,上田 希由翔,友杉 篤輝
ロッテ,6月22日(土),岡 大海,上田 希由翔,ポランコ,ソト,佐藤 都志也,髙部 瑛斗,茶谷 健太,小川 龍成,友杉 篤輝
ロッテ,6月23日(日),岡 大海,藤岡 裕大,荻野 貴司,ソト,佐藤 都志也,愛斗,髙部 瑛斗,中村 奨吾,友杉 篤輝
ロッテ,6月25日(火),岡 大海,角中 勝也,髙部 瑛斗,ソト,佐藤 都志也,中村 奨吾,小川 龍成,田村 龍弘,友杉 篤輝
ロッテ,6月26日(水),岡 大海,角中 勝也,ポランコ,ソト,佐藤 都志也,中村 奨吾,髙部 瑛斗,小川 龍成,友杉 篤輝
ロッテ,6月28日(金),藤原 恭大,角中 勝也,ポランコ,ソト,佐藤 都志也,上田 希由翔,髙部 瑛斗,友杉 篤輝,小川 龍成
ロッテ,6月29日(土),岡 大海,藤岡 裕大,荻野 貴司,ソト,佐藤 都志也,中村 奨吾,髙部 瑛斗,上田 希由翔,友杉 篤輝
ロッテ,6月30日(日),岡 大海,角中 勝也,藤原 恭大,ソト,ポランコ,上田 希由翔,田村 龍弘,友杉 篤輝,小川 龍成
ロッテ,7月2日(火),岡 大海,藤岡 裕大,ポランコ,ソト,佐藤 都志也,上田 希由翔,髙部 瑛斗,友杉 篤輝,藤原 恭大
ロッテ,7月3日(水),岡 大海,藤岡 裕大,荻野 貴司,ソト,角中 勝也,中村 奨吾,佐藤 都志也,友杉 篤輝,藤原 恭大
ロッテ,7月4日(木),髙部 瑛斗,小川 龍成,荻野 貴司,ポランコ,中村 奨吾,安田 尚憲,田村 龍弘,友杉 篤輝,藤原 恭大
ロッテ,7月5日(金),髙部 瑛斗,小川 龍成,藤岡 裕大,ソト,ポランコ,佐藤 都志也,中村 奨吾,安田 尚憲,藤原 恭大
ロッテ,7月6日(土),岡 大海,藤岡 裕大,佐藤 都志也,ソト,ポランコ,中村 奨吾,髙部 瑛斗,友杉 篤輝,藤原 恭大
ロッテ,7月7日(日),岡 大海,藤岡 裕大,佐藤 都志也,ソト,ポランコ,角中 勝也,安田 尚憲,友杉 篤輝,藤原 恭大
ロッテ,7月9日(火),岡 大海,藤岡 裕大,佐藤 都志也,ポランコ,角中 勝也,中村 奨吾,安田 尚憲,友杉 篤輝,藤原 恭大
ロッテ,7月10日(水),髙部 瑛斗,小川 龍成,藤岡 裕大,ソト,ポランコ,角中 勝也,中村 奨吾,田村 龍弘,藤原 恭大
ロッテ,7月12日(金),岡 大海,藤岡 裕大,佐藤 都志也,ソト,石川 慎吾,中村 奨吾,髙部 瑛斗,友杉 篤輝,藤原 恭大
ロッテ,7月13日(土),髙部 瑛斗,小川 龍成,藤岡 裕大,ソト,ポランコ,角中 勝也,佐藤 都志也,安田 尚憲,岡 大海
ロッテ,7月14日(日),髙部 瑛斗,小川 龍成,藤岡 裕大,ソト,ポランコ,佐藤 都志也,岡 大海,安田 尚憲,藤原 恭大
ロッテ,7月15日(月),岡 大海,小川 龍成,石川 慎吾,ソト,佐藤 都志也,中村 奨吾,髙部 瑛斗,田村 龍弘,友杉 篤輝
ロッテ,7月16日(火),藤原 恭大,藤岡 裕大,佐藤 都志也,ソト,ポランコ,中村 奨吾,髙部 瑛斗,安田 尚憲,友杉 篤輝
ロッテ,7月17日(水),髙部 瑛斗,小川 龍成,佐藤 都志也,ソト,岡 大海,ポランコ,安田 尚憲,友杉 篤輝,藤原 恭大
ロッテ,7月19日(金),岡 大海,藤岡 裕大,佐藤 都志也,ソト,石川 慎吾,中村 奨吾,髙部 瑛斗,山口 航輝,友杉 篤輝
ロッテ,7月20日(土),髙部 瑛斗,小川 龍成,角中 勝也,ソト,佐藤 都志也,山口 航輝,藤原 恭大,安田 尚憲,茶谷 健太
ロッテ,7月21日(日),岡 大海,小川 龍成,藤岡 裕大,ソト,髙部 瑛斗,安田 尚憲,山口 航輝,田村 龍弘,藤原 恭大
ロッテ,7月26日(金),岡 大海,藤岡 裕大,角中 勝也,ソト,佐藤 都志也,中村 奨吾,髙部 瑛斗,田村 龍弘,友杉 篤輝
ロッテ,7月27日(土),岡 大海,藤岡 裕大,角中 勝也,ソト,佐藤 都志也,山口 航輝,髙部 瑛斗,安田 尚憲,友杉 篤輝
ロッテ,7月28日(日),藤原 恭大,藤岡 裕大,角中 勝也,ソト,佐藤 都志也,髙部 瑛斗,友杉 篤輝,中村 奨吾,和田 康士朗
ロッテ,7月30日(火),岡 大海,藤岡 裕大,ポランコ,ソト,佐藤 都志也,中村 奨吾,髙部 瑛斗,友杉 篤輝,藤原 恭大
ロッテ,7月31日(水),髙部 瑛斗,小川 龍成,ポランコ,ソト,角中 勝也,佐藤 都志也,安田 尚憲,友杉 篤輝,藤原 恭大
ロッテ,8月1日(木),髙部 瑛斗,藤岡 裕大,ポランコ,ソト,角中 勝也,佐藤 都志也,藤原 恭大,安田 尚憲,友杉 篤輝
ロッテ,8月2日(金),岡 大海,藤岡 裕大,藤原 恭大,ソト,石川 慎吾,中村 奨吾,髙部 瑛斗,田村 龍弘,友杉 篤輝
ロッテ,8月3日(土),岡 大海,藤岡 裕大,荻野 貴司,佐藤 都志也,石川 慎吾,中村 奨吾,藤原 恭大,田村 龍弘,小川 龍成
ロッテ,8月4日(日),岡 大海,藤岡 裕大,ポランコ,ソト,佐藤 都志也,山本 大斗,中村 奨吾,友杉 篤輝,藤原 恭大
ロッテ,8月6日(火),岡 大海,藤岡 裕大,石川 慎吾,ソト,佐藤 都志也,髙部 瑛斗,山本 大斗,中村 奨吾,友杉 篤輝
ロッテ,8月7日(水),岡 大海,藤岡 裕大,ポランコ,ソト,佐藤 都志也,藤原 恭大,中村 奨吾,山本 大斗,小川 龍成
ロッテ,8月8日(木),岡 大海,藤岡 裕大,ポランコ,ソト,佐藤 都志也,荻野 貴司,藤原 恭大,池田 来翔,小川 龍成
ロッテ,8月10日(土),荻野 貴司,藤岡 裕大,石川 慎吾,ソト,佐藤 都志也,髙部 瑛斗,藤原 恭大,茶谷 健太,友杉 篤輝
ロッテ,8月11日(日),荻野 貴司,藤岡 裕大,ポランコ,ソト,佐藤 都志也,髙部 瑛斗,藤原 恭大,中村 奨吾,友杉 篤輝
ロッテ,8月12日(月),愛斗,藤岡 裕大,ポランコ,ソト,石川 慎吾,中村 奨吾,和田 康士朗,田村 龍弘,小川 龍成
ロッテ,8月13日(火),髙部 瑛斗,藤原 恭大,角中 勝也,ソト,佐藤 都志也,ポランコ,中村 奨吾,友杉 篤輝,小川 龍成
ロッテ,8月14日(水),髙部 瑛斗,藤原 恭大,荻野 貴司,ソト,石川 慎吾,佐藤 都志也,中村 奨吾,友杉 篤輝,小川 龍成
ロッテ,8月15日(木),荻野 貴司,髙部 瑛斗,藤原 恭大,ソト,佐藤 都志也,石川 慎吾,中村 奨吾,友杉 篤輝,小川 龍成
ロッテ,8月16日(金),池田 来翔,藤原 恭大,荻野 貴司,ポランコ,佐藤 都志也,愛斗,田村 龍弘,友杉 篤輝,小川 龍成
ロッテ,8月17日(土),髙部 瑛斗,小川 龍成,藤原 恭大,ソト,角中 勝也,ポランコ,中村 奨吾,田村 龍弘,友杉 篤輝
ロッテ,8月18日(日),荻野 貴司,小川 龍成,藤原 恭大,ソト,佐藤 都志也,ポランコ,髙部 瑛斗,中村 奨吾,友杉 篤輝
ロッテ,8月20日(火),池田 来翔,藤原 恭大,ポランコ,ソト,角中 勝也,中村 奨吾,髙部 瑛斗,田村 龍弘,友杉 篤輝
ロッテ,8月21日(水),池田 来翔,藤原 恭大,ポランコ,ソト,山口 航輝,髙部 瑛斗,田村 龍弘,中村 奨吾,友杉 篤輝
ロッテ,8月22日(木),荻野 貴司,髙部 瑛斗,ポランコ,ソト,山口 航輝,中村 奨吾,友杉 篤輝,小川 龍成,松川 虎生
ロッテ,8月23日(金),藤原 恭大,小川 龍成,ポランコ,ソト,角中 勝也,中村 奨吾,和田 康士朗,田村 龍弘,友杉 篤輝
ロッテ,8月24日(土),荻野 貴司,藤岡 裕大,藤原 恭大,ソト,佐藤 都志也,中村 奨吾,髙部 瑛斗,田村 龍弘,友杉 篤輝
ロッテ,8月25日(日),藤原 恭大,藤岡 裕大,ポランコ,ソト,佐藤 都志也,髙部 瑛斗,山口 航輝,中村 奨吾,友杉 篤輝
ロッテ,8月27日(火),藤岡 裕大,角中 勝也,ポランコ,ソト,佐藤 都志也,山口 航輝,髙部 瑛斗,中村 奨吾,友杉 篤輝
ロッテ,8月28日(水),髙部 瑛斗,藤岡 裕大,ポランコ,ソト,佐藤 都志也,山口 航輝,中村 奨吾,友杉 篤輝,藤原 恭大
ロッテ,8月29日(木),藤岡 裕大,角中 勝也,藤原 恭大,ソト,ポランコ,髙部 瑛斗,田村 龍弘,中村 奨吾,友杉 篤輝
ロッテ,8月30日(金),藤原 恭大,藤岡 裕大,ソト,角中 勝也,ポランコ,山口 航輝,佐藤 都志也,安田 尚憲,小川 龍成
ロッテ,8月31日(土),藤原 恭大,藤岡 裕大,ソト,角中 勝也,ポランコ,佐藤 都志也,中村 奨吾,安田 尚憲,小川 龍成
ロッテ,9月1日(日),藤原 恭大,藤岡 裕大,佐藤 都志也,ポランコ,角中 勝也,山口 航輝,中村 奨吾,安田 尚憲,友杉 篤輝
ロッテ,9月5日(木),藤岡 裕大,佐藤 都志也,藤原 恭大,ソト,山口 航輝,髙部 瑛斗,田村 龍弘,中村 奨吾,友杉 篤輝
ロッテ,9月6日(金),藤岡 裕大,ポランコ,藤原 恭大,ソト,髙部 瑛斗,山口 航輝,田村 龍弘,中村 奨吾,友杉 篤輝
ロッテ,9月7日(土),藤原 恭大,藤岡 裕大,ソト,ポランコ,角中 勝也,荻野 貴司,佐藤 都志也,中村 奨吾,小川 龍成
ロッテ,9月8日(日),小川 龍成,藤岡 裕大,ソト,角中 勝也,ポランコ,髙部 瑛斗,中村 奨吾,佐藤 都志也,藤原 恭大
ロッテ,9月10日(火),小川 龍成,藤岡 裕大,角中 勝也,ソト,ポランコ,佐藤 都志也,安田 尚憲,和田 康士朗,藤原 恭大
ロッテ,9月11日(水),岡 大海,藤岡 裕大,ポランコ,ソト,荻野 貴司,中村 奨吾,藤原 恭大,田村 龍弘,小川 龍成
ロッテ,9月13日(金),岡 大海,藤岡 裕大,ポランコ,ソト,角中 勝也,中村 奨吾,藤原 恭大,佐藤 都志也,小川 龍成
ロッテ,9月14日(土),岡 大海,藤岡 裕大,ポランコ,ソト,佐藤 都志也,荻野 貴司,藤原 恭大,中村 奨吾,小川 龍成
ロッテ,9月15日(日),荻野 貴司,藤岡 裕大,藤原 恭大,ソト,ポランコ,安田 尚憲,中村 奨吾,佐藤 都志也,友杉 篤輝
ロッテ,9月16日(月),荻野 貴司,岡 大海,佐藤 都志也,ソト,ポランコ,中村 奨吾,愛斗,友杉 篤輝,小川 龍成
ロッテ,9月17日(火),山本 大斗,藤岡 裕大,ポランコ,ソト,岡 大海,田村 龍弘,藤原 恭大,中村 奨吾,茶谷 健太
ロッテ,9月18日(水),藤原 恭大,藤岡 裕大,荻野 貴司,ソト,ポランコ,中村 奨吾,山本 大斗,田村 龍弘,友杉 篤輝
ロッテ,9月21日(土),岡 大海,藤岡 裕大,角中 勝也,ソト,ポランコ,藤原 恭大,佐藤 都志也,安田 尚憲,小川 龍成
ロッテ,9月22日(日),岡 大海,藤岡 裕大,ポランコ,ソト,荻野 貴司,佐藤 都志也,茶谷 健太,中村 奨吾,藤原 恭大
ロッテ,9月23日(月),岡 大海,藤岡 裕大,角中 勝也,ソト,ポランコ,佐藤 都志也,中村 奨吾,小川 龍成,藤原 恭大
ロッテ,9月26日(木),岡 大海,藤岡 裕大,荻野 貴司,ソト,ポランコ,佐藤 都志也,中村 奨吾,友杉 篤輝,藤原 恭大
ロッテ,9月28日(土),荻野 貴司,藤岡 裕大,佐藤 都志也,ソト,ポランコ,藤原 恭大,中村 奨吾,田村 龍弘,小川 龍成
ロッテ,9月29日(日),岡 大海,藤岡 裕大,角中 勝也,ソト,ポランコ,佐藤 都志也,藤原 恭大,安田 尚憲,友杉 篤輝
ロッテ,9月30日(月),岡 大海,藤岡 裕大,荻野 貴司,ソト,ポランコ,佐藤 都志也,藤原 恭大,中村 奨吾,友杉 篤輝
ロッテ,10月1日(火),岡 大海,藤岡 裕大,角中 勝也,ポランコ,佐藤 都志也,中村 奨吾,藤原 恭大,安田 尚憲,友杉 篤輝
ロッテ,10月3日(木),寺地 隆成,角中 勝也,藤原 恭大,安田 尚憲,中村 奨吾,茶谷 健太,和田 康士朗,田村 龍弘,小川 龍成
ロッテ,10月4日(金),岡 大海,藤岡 裕大,角中 勝也,ソト,藤原 恭大,石川 慎吾,寺地 隆成,安田 尚憲,友杉 篤輝
