球団,日付,1番,2番,3番,4番,5番,6番,7番,8番,9番
阪神,3月31日(金),近本 光司,中野 拓夢,ノイジー,大山 悠輔,佐藤 輝明,森下 翔太,梅野 隆太郎,小幡 竜平,青柳 晃洋
阪神,4月1日(土),近本 光司,中野 拓夢,ノイジー,大山 悠輔,佐藤 輝明,森下 翔太,梅野 隆太郎,小幡 竜平,秋山 拓巳
阪神,4月2日(日),近本 光司,中野 拓夢,ノイジー,大山 悠輔,佐藤 輝明,森下 翔太,梅野 隆太郎,小幡 竜平,才木 浩人
阪神,4月4日(火),近本 光司,中野 拓夢,ノイジー,大山 悠輔,佐藤 輝明,森下 翔太,梅野 隆太郎,小幡 竜平,西 勇輝
阪神,4月6日(木),近本 光司,中野 拓夢,ノイジー,大山 悠輔,佐藤 輝明,森下 翔太,梅野 隆太郎,小幡 竜平,西 純矢
阪神,4月7日(金),近本 光司,中野 拓夢,ノイジー,大山 悠輔,佐藤 輝明,森下 翔太,梅野 隆太郎,小幡 竜平,青柳 晃洋
阪神,4月8日(土),近本 光司,中野 拓夢,ノイジー,大山 悠輔,佐藤 輝明,島田 海吏,坂本 誠志郎,木浪 聖也,大竹 耕太郎
阪神,4月9日(日),近本 光司,中野 拓夢,ノイジー,大山 悠輔,佐藤 輝明,板山 祐太郎,梅野 隆太郎,木浪 聖也,才木 浩人
阪神,4月11日(火),近本 光司,中野 拓夢,ノイジー,大山 悠輔,佐藤 輝明,森下 翔太,梅野 隆太郎,木浪 聖也,西 勇輝
阪神,4月12日(水),近本 光司,中野 拓夢,ノイジー,大山 悠輔,佐藤 輝明,森下 翔太,坂本 誠志郎,木浪 聖也,村上 頌樹
阪神,4月13日(木),近本 光司,中野 拓夢,渡邉 諒,大山 悠輔,ノイジー,梅野 隆太郎,板山 祐太郎,木浪 聖也,西 純矢
阪神,4月14日(金),近本 光司,中野 拓夢,渡邉 諒,大山 悠輔,ノイジー,板山 祐太郎,梅野 隆太郎,木浪 聖也,青柳 晃洋
阪神,4月16日(日),近本 光司,中野 拓夢,ノイジー,大山 悠輔,佐藤 輝明,森下 翔太,梅野 隆太郎,木浪 聖也,才木 浩人
阪神,4月18日(火),近本 光司,中野 拓夢,ノイジー,大山 悠輔,佐藤 輝明,島田 海吏,梅野 隆太郎,木浪 聖也,西 勇輝
阪神,4月19日(水),近本 光司,中野 拓夢,ノイジー,大山 悠輔,佐藤 輝明,井上 広大,坂本 誠志郎,木浪 聖也,大竹 耕太郎
阪神,4月20日(木),近本 光司,中野 拓夢,ノイジー,大山 悠輔,佐藤 輝明,井上 広大,梅野 隆太郎,木浪 聖也,西 純矢
阪神,4月21日(金),近本 光司,中野 拓夢,ノイジー,大山 悠輔,佐藤 輝明,井上 広大,梅野 隆太郎,木浪 聖也,青柳 晃洋
阪神,4月22日(土),近本 光司,中野 拓夢,ノイジー,大山 悠輔,佐藤 輝明,島田 海吏,坂本 誠志郎,木浪 聖也,村上 頌樹
阪神,4月23日(日),近本 光司,中野 拓夢,ノイジー,大山 悠輔,佐藤 輝明,井上 広大,梅野 隆太郎,木浪 聖也,才木 浩人
阪神,4月26日(水),近本 光司,梅野 隆太郎,中野 拓夢,大山 悠輔,ノイジー,佐藤 輝明,島田 海吏,木浪 聖也,西 勇輝
阪神,4月27日(木),近本 光司,中野 拓夢,ノイジー,大山 悠輔,佐藤 輝明,井上 広大,坂本 誠志郎,木浪 聖也,伊藤 将司
阪神,4月28日(金),近本 光司,中野 拓夢,ノイジー,大山 悠輔,佐藤 輝明,井上 広大,坂本 誠志郎,木浪 聖也,大竹 耕太郎
阪神,4月29日(土),近本 光司,中野 拓夢,ノイジー,大山 悠輔,佐藤 輝明,井上 広大,坂本 誠志郎,木浪 聖也,村上 頌樹
阪神,4月30日(日),近本 光司,中野 拓夢,ノイジー,大山 悠輔,佐藤 輝明,井上 広大,梅野 隆太郎,木浪 聖也,才木 浩人
阪神,5月2日(火),近本 光司,中野 拓夢,ノイジー,大山 悠輔,佐藤 輝明,小野寺 暖,梅野 隆太郎,木浪 聖也,青柳 晃洋
阪神,5月3日(水),近本 光司,中野 拓夢,ノイジー,大山 悠輔,佐藤 輝明,島田 海吏,梅野 隆太郎,木浪 聖也,西 勇輝
阪神,5月4日(木),近本 光司,中野 拓夢,ノイジー,大山 悠輔,佐藤 輝明,小野寺 暖,坂本 誠志郎,木浪 聖也,伊藤 将司
阪神,5月5日(金),近本 光司,中野 拓夢,ノイジー,大山 悠輔,佐藤 輝明,ミエセス,坂本 誠志郎,木浪 聖也,大竹 耕太郎
阪神,5月9日(火),近本 光司,中野 拓夢,ノイジー,大山 悠輔,佐藤 輝明,ミエセス,坂本 誠志郎,木浪 聖也,村上 頌樹
阪神,5月10日(水),近本 光司,中野 拓夢,小野寺 暖,大山 悠輔,佐藤 輝明,井上 広大,梅野 隆太郎,木浪 聖也,西 勇輝
阪神,5月11日(木),近本 光司,中野 拓夢,ノイジー,大山 悠輔,佐藤 輝明,ミエセス,坂本 誠志郎,木浪 聖也,伊藤 将司
阪神,5月12日(金),近本 光司,中野 拓夢,ノイジー,大山 悠輔,佐藤 輝明,ミエセス,梅野 隆太郎,木浪 聖也,青柳 晃洋
阪神,5月13日(土),近本 光司,中野 拓夢,ノイジー,大山 悠輔,佐藤 輝明,ミエセス,坂本 誠志郎,木浪 聖也,大竹 耕太郎
阪神,5月14日(日),近本 光司,中野 拓夢,ノイジー,大山 悠輔,佐藤 輝明,島田 海吏,梅野 隆太郎,木浪 聖也,西 純矢
阪神,5月16日(火),近本 光司,中野 拓夢,ノイジー,大山 悠輔,佐藤 輝明,ミエセス,坂本 誠志郎,木浪 聖也,村上 頌樹
阪神,5月17日(水),近本 光司,中野 拓夢,ノイジー,大山 悠輔,佐藤 輝明,島田 海吏,梅野 隆太郎,木浪 聖也,西 勇輝
阪神,5月18日(木),近本 光司,中野 拓夢,ノイジー,大山 悠輔,佐藤 輝明,ミエセス,坂本 誠志郎,木浪 聖也,伊藤 将司
阪神,5月19日(金),近本 光司,中野 拓夢,ノイジー,大山 悠輔,佐藤 輝明,ミエセス,梅野 隆太郎,木浪 聖也,青柳 晃洋
阪神,5月20日(土),近本 光司,中野 拓夢,ノイジー,大山 悠輔,佐藤 輝明,森下 翔太,坂本 誠志郎,木浪 聖也,大竹 耕太郎
阪神,5月21日(日),近本 光司,中野 拓夢,ノイジー,大山 悠輔,佐藤 輝明,森下 翔太,梅野 隆太郎,木浪 聖也,才木 浩人
阪神,5月23日(火),近本 光司,中野 拓夢,ノイジー,大山 悠輔,佐藤 輝明,森下 翔太,坂本 誠志郎,木浪 聖也,村上 頌樹
阪神,5月24日(水),近本 光司,中野 拓夢,ノイジー,大山 悠輔,佐藤 輝明,森下 翔太,梅野 隆太郎,木浪 聖也,西 勇輝
阪神,5月25日(木),近本 光司,中野 拓夢,ノイジー,大山 悠輔,佐藤 輝明,ミエセス,坂本 誠志郎,木浪 聖也,伊藤 将司
阪神,5月26日(金),近本 光司,中野 拓夢,ノイジー,大山 悠輔,佐藤 輝明,森下 翔太,梅野 隆太郎,木浪 聖也,桐敷 拓馬
阪神,5月27日(土),近本 光司,中野 拓夢,ノイジー,大山 悠輔,佐藤 輝明,森下 翔太,坂本 誠志郎,木浪 聖也,大竹 耕太郎
阪神,5月28日(日),近本 光司,中野 拓夢,ノイジー,大山 悠輔,佐藤 輝明,ミエセス,梅野 隆太郎,木浪 聖也,才木 浩人
阪神,5月30日(火),近本 光司,中野 拓夢,ノイジー,大山 悠輔,佐藤 輝明,前川 右京,島田 海吏,木浪 聖也,坂本 誠志郎
阪神,5月31日(水),近本 光司,中野 拓夢,ノイジー,大山 悠輔,佐藤 輝明,ミエセス,前川 右京,木浪 聖也,梅野 隆太郎
阪神,6月1日(木),近本 光司,中野 拓夢,ノイジー,大山 悠輔,佐藤 輝明,渡邉 諒,森下 翔太,木浪 聖也,坂本 誠志郎
阪神,6月3日(土),近本 光司,中野 拓夢,ノイジー,大山 悠輔,佐藤 輝明,森下 翔太,坂本 誠志郎,木浪 聖也,大竹 耕太郎
阪神,6月4日(日),近本 光司,中野 拓夢,ノイジー,大山 悠輔,佐藤 輝明,森下 翔太,梅野 隆太郎,木浪 聖也,才木 浩人
阪神,6月5日(月),近本 光司,中野 拓夢,ノイジー,大山 悠輔,佐藤 輝明,森下 翔太,梅野 隆太郎,木浪 聖也,桐敷 拓馬
阪神,6月6日(火),近本 光司,中野 拓夢,ノイジー,大山 悠輔,佐藤 輝明,島田 海吏,前川 右京,木浪 聖也,坂本 誠志郎
阪神,6月7日(水),近本 光司,中野 拓夢,前川 右京,大山 悠輔,佐藤 輝明,梅野 隆太郎,ミエセス,小幡 竜平,島田 海吏
阪神,6月8日(木),近本 光司,中野 拓夢,ノイジー,大山 悠輔,佐藤 輝明,渡邉 諒,ミエセス,小幡 竜平,梅野 隆太郎
阪神,6月9日(金),近本 光司,中野 拓夢,前川 右京,大山 悠輔,佐藤 輝明,糸原 健斗,木浪 聖也,梅野 隆太郎,島田 海吏
阪神,6月10日(土),近本 光司,中野 拓夢,ノイジー,大山 悠輔,佐藤 輝明,前川 右京,ミエセス,木浪 聖也,坂本 誠志郎
阪神,6月11日(日),近本 光司,中野 拓夢,ノイジー,大山 悠輔,前川 右京,渡邉 諒,糸原 健斗,木浪 聖也,梅野 隆太郎
阪神,6月13日(火),近本 光司,中野 拓夢,ノイジー,大山 悠輔,前川 右京,渡邉 諒,坂本 誠志郎,木浪 聖也,村上 頌樹
阪神,6月14日(水),近本 光司,中野 拓夢,ノイジー,大山 悠輔,ミエセス,佐藤 輝明,梅野 隆太郎,木浪 聖也,西 勇輝
阪神,6月15日(木),近本 光司,中野 拓夢,ノイジー,大山 悠輔,佐藤 輝明,前川 右京,梅野 隆太郎,木浪 聖也,伊藤 将司
阪神,6月16日(金),近本 光司,中野 拓夢,ノイジー,大山 悠輔,ミエセス,佐藤 輝明,梅野 隆太郎,木浪 聖也,ビーズリー
阪神,6月17日(土),近本 光司,中野 拓夢,ノイジー,大山 悠輔,佐藤 輝明,前川 右京,坂本 誠志郎,木浪 聖也,大竹 耕太郎
阪神,6月18日(日),近本 光司,中野 拓夢,前川 右京,大山 悠輔,佐藤 輝明,ミエセス,梅野 隆太郎,木浪 聖也,才木 浩人
阪神,6月23日(金),近本 光司,中野 拓夢,ノイジー,大山 悠輔,佐藤 輝明,森下 翔太,梅野 隆太郎,木浪 聖也,ビーズリー
阪神,6月24日(土),近本 光司,中野 拓夢,渡邉 諒,大山 悠輔,ミエセス,森下 翔太,梅野 隆太郎,木浪 聖也,伊藤 将司
阪神,6月25日(日),中野 拓夢,近本 光司,前川 右京,大山 悠輔,糸原 健斗,森下 翔太,梅野 隆太郎,小幡 竜平,才木 浩人
阪神,6月27日(火),近本 光司,中野 拓夢,前川 右京,大山 悠輔,ミエセス,糸原 健斗,梅野 隆太郎,木浪 聖也,西 勇輝
阪神,6月28日(水),近本 光司,中野 拓夢,前川 右京,大山 悠輔,ミエセス,糸原 健斗,坂本 誠志郎,木浪 聖也,大竹 耕太郎
阪神,6月29日(木),近本 光司,中野 拓夢,渡邉 諒,大山 悠輔,ノイジー,前川 右京,坂本 誠志郎,木浪 聖也,村上 頌樹
阪神,6月30日(金),近本 光司,中野 拓夢,前川 右京,大山 悠輔,ノイジー,糸原 健斗,梅野 隆太郎,木浪 聖也,西 純矢
阪神,7月1日(土),近本 光司,中野 拓夢,糸原 健斗,大山 悠輔,ノイジー,前川 右京,梅野 隆太郎,木浪 聖也,伊藤 将司
阪神,7月2日(日),近本 光司,中野 拓夢,ノイジー,大山 悠輔,渡邉 諒,ミエセス,梅野 隆太郎,木浪 聖也,才木 浩人
阪神,7月4日(火),中野 拓夢,木浪 聖也,渡邉 諒,大山 悠輔,ノイジー,ミエセス,梅野 隆太郎,島田 海吏,西 勇輝
阪神,7月5日(水),島田 海吏,中野 拓夢,前川 右京,大山 悠輔,佐藤 輝明,ノイジー,坂本 誠志郎,木浪 聖也,大竹 耕太郎
阪神,7月6日(木),島田 海吏,中野 拓夢,前川 右京,大山 悠輔,佐藤 輝明,ノイジー,坂本 誠志郎,木浪 聖也,村上 頌樹
阪神,7月8日(土),森下 翔太,中野 拓夢,ノイジー,大山 悠輔,佐藤 輝明,ミエセス,梅野 隆太郎,木浪 聖也,伊藤 将司
阪神,7月9日(日),森下 翔太,中野 拓夢,ノイジー,大山 悠輔,佐藤 輝明,ミエセス,梅野 隆太郎,木浪 聖也,西 純矢
阪神,7月11日(火),森下 翔太,中野 拓夢,ノイジー,大山 悠輔,佐藤 輝明,ミエセス,梅野 隆太郎,木浪 聖也,青柳 晃洋
阪神,7月12日(水),森下 翔太,中野 拓夢,前川 右京,大山 悠輔,佐藤 輝明,ノイジー,坂本 誠志郎,木浪 聖也,大竹 耕太郎
阪神,7月13日(木),森下 翔太,中野 拓夢,小野寺 暖,大山 悠輔,ミエセス,佐藤 輝明,坂本 誠志郎,木浪 聖也,村上 頌樹
阪神,7月15日(土),森下 翔太,中野 拓夢,前川 右京,大山 悠輔,小野寺 暖,佐藤 輝明,梅野 隆太郎,木浪 聖也,才木 浩人
阪神,7月16日(日),森下 翔太,中野 拓夢,前川 右京,大山 悠輔,ノイジー,佐藤 輝明,坂本 誠志郎,木浪 聖也,伊藤 将司
阪神,7月17日(月),森下 翔太,中野 拓夢,ノイジー,大山 悠輔,佐藤 輝明,島田 海吏,坂本 誠志郎,木浪 聖也,西 純矢
阪神,7月22日(土),近本 光司,中野 拓夢,ノイジー,大山 悠輔,佐藤 輝明,森下 翔太,梅野 隆太郎,木浪 聖也,青柳 晃洋
阪神,7月23日(日),近本 光司,中野 拓夢,ノイジー,大山 悠輔,佐藤 輝明,森下 翔太,梅野 隆太郎,木浪 聖也,伊藤 将司
阪神,7月25日(火),近本 光司,中野 拓夢,森下 翔太,大山 悠輔,佐藤 輝明,島田 海吏,梅野 隆太郎,木浪 聖也,西 純矢
阪神,7月26日(水),近本 光司,中野 拓夢,森下 翔太,大山 悠輔,佐藤 輝明,ノイジー,坂本 誠志郎,木浪 聖也,大竹 耕太郎
阪神,7月27日(木),近本 光司,中野 拓夢,森下 翔太,大山 悠輔,佐藤 輝明,ノイジー,梅野 隆太郎,木浪 聖也,才木 浩人
阪神,7月28日(金),近本 光司,中野 拓夢,森下 翔太,大山 悠輔,佐藤 輝明,前川 右京,坂本 誠志郎,木浪 聖也,村上 頌樹
阪神,7月29日(土),近本 光司,中野 拓夢,森下 翔太,大山 悠輔,佐藤 輝明,前川 右京,坂本 誠志郎,木浪 聖也,青柳 晃洋
阪神,7月30日(日),近本 光司,中野 拓夢,森下 翔太,大山 悠輔,佐藤 輝明,ノイジー,梅野 隆太郎,小幡 竜平,伊藤 将司
阪神,8月1日(火),近本 光司,中野 拓夢,森下 翔太,大山 悠輔,佐藤 輝明,ノイジー,梅野 隆太郎,木浪 聖也,西 純矢
阪神,8月2日(水),近本 光司,中野 拓夢,森下 翔太,大山 悠輔,佐藤 輝明,ノイジー,坂本 誠志郎,木浪 聖也,秋山 拓巳
阪神,8月3日(木),近本 光司,中野 拓夢,森下 翔太,大山 悠輔,佐藤 輝明,島田 海吏,梅野 隆太郎,木浪 聖也,ビーズリー
阪神,8月4日(金),近本 光司,中野 拓夢,森下 翔太,大山 悠輔,佐藤 輝明,ノイジー,坂本 誠志郎,木浪 聖也,村上 頌樹
阪神,8月5日(土),近本 光司,中野 拓夢,森下 翔太,大山 悠輔,佐藤 輝明,ノイジー,坂本 誠志郎,木浪 聖也,青柳 晃洋
阪神,8月6日(日),近本 光司,中野 拓夢,森下 翔太,大山 悠輔,佐藤 輝明,ノイジー,梅野 隆太郎,小幡 竜平,伊藤 将司
阪神,8月8日(火),近本 光司,中野 拓夢,森下 翔太,大山 悠輔,佐藤 輝明,ノイジー,梅野 隆太郎,木浪 聖也,西 純矢
阪神,8月9日(水),近本 光司,中野 拓夢,森下 翔太,大山 悠輔,ノイジー,佐藤 輝明,梅野 隆太郎,木浪 聖也,ビーズリー
阪神,8月10日(木),近本 光司,中野 拓夢,森下 翔太,大山 悠輔,佐藤 輝明,ノイジー,梅野 隆太郎,木浪 聖也,才木 浩人
阪神,8月11日(金),近本 光司,中野 拓夢,森下 翔太,大山 悠輔,ノイジー,佐藤 輝明,坂本 誠志郎,木浪 聖也,村上 頌樹
阪神,8月12日(土),近本 光司,中野 拓夢,森下 翔太,大山 悠輔,佐藤 輝明,ノイジー,坂本 誠志郎,木浪 聖也,青柳 晃洋
阪神,8月13日(日),近本 光司,中野 拓夢,森下 翔太,大山 悠輔,小野寺 暖,佐藤 輝明,梅野 隆太郎,木浪 聖也,伊藤 将司
阪神,8月15日(火),近本 光司,中野 拓夢,森下 翔太,大山 悠輔,佐藤 輝明,ノイジー,坂本 誠志郎,木浪 聖也,西 純矢
阪神,8月16日(水),近本 光司,中野 拓夢,小野寺 暖,大山 悠輔,森下 翔太,ミエセス,坂本 誠志郎,木浪 聖也,大竹 耕太郎
阪神,8月17日(木),近本 光司,中野 拓夢,森下 翔太,大山 悠輔,ノイジー,小野寺 暖,坂本 誠志郎,木浪 聖也,ビーズリー
阪神,8月18日(金),近本 光司,中野 拓夢,森下 翔太,大山 悠輔,ノイジー,佐藤 輝明,坂本 誠志郎,小幡 竜平,村上 頌樹
阪神,8月19日(土),近本 光司,中野 拓夢,小野寺 暖,大山 悠輔,ノイジー,佐藤 輝明,坂本 誠志郎,小幡 竜平,青柳 晃洋
阪神,8月20日(日),近本 光司,中野 拓夢,森下 翔太,大山 悠輔,ノイジー,佐藤 輝明,坂本 誠志郎,木浪 聖也,伊藤 将司
阪神,8月22日(火),近本 光司,中野 拓夢,森下 翔太,大山 悠輔,ノイジー,佐藤 輝明,坂本 誠志郎,木浪 聖也,西 勇輝
阪神,8月23日(水),近本 光司,中野 拓夢,森下 翔太,大山 悠輔,ノイジー,佐藤 輝明,坂本 誠志郎,木浪 聖也,大竹 耕太郎
阪神,8月25日(金),近本 光司,中野 拓夢,森下 翔太,大山 悠輔,佐藤 輝明,ノイジー,坂本 誠志郎,木浪 聖也,村上 頌樹
阪神,8月26日(土),近本 光司,中野 拓夢,森下 翔太,大山 悠輔,ノイジー,佐藤 輝明,坂本 誠志郎,木浪 聖也,青柳 晃洋
阪神,8月27日(日),近本 光司,中野 拓夢,森下 翔太,大山 悠輔,ノイジー,佐藤 輝明,坂本 誠志郎,木浪 聖也,伊藤 将司
阪神,8月29日(火),近本 光司,中野 拓夢,森下 翔太,大山 悠輔,佐藤 輝明,ノイジー,坂本 誠志郎,木浪 聖也,西 勇輝
阪神,8月30日(水),近本 光司,中野 拓夢,森下 翔太,大山 悠輔,佐藤 輝明,ノイジー,坂本 誠志郎,木浪 聖也,大竹 耕太郎
阪神,9月1日(金),近本 光司,中野 拓夢,ミエセス,大山 悠輔,佐藤 輝明,森下 翔太,坂本 誠志郎,木浪 聖也,村上 頌樹
阪神,9月2日(土),近本 光司,中野 拓夢,小野寺 暖,大山 悠輔,佐藤 輝明,森下 翔太,坂本 誠志郎,小幡 竜平,青柳 晃洋
阪神,9月3日(日),近本 光司,中野 拓夢,ノイジー,大山 悠輔,佐藤 輝明,森下 翔太,坂本 誠志郎,木浪 聖也,伊藤 将司
阪神,9月5日(火),森下 翔太,中野 拓夢,ミエセス,大山 悠輔,佐藤 輝明,ノイジー,坂本 誠志郎,木浪 聖也,西 勇輝
阪神,9月6日(水),小野寺 暖,中野 拓夢,森下 翔太,大山 悠輔,佐藤 輝明,ノイジー,坂本 誠志郎,木浪 聖也,才木 浩人
阪神,9月8日(金),近本 光司,中野 拓夢,森下 翔太,大山 悠輔,佐藤 輝明,ノイジー,坂本 誠志郎,木浪 聖也,村上 頌樹
阪神,9月9日(土),近本 光司,中野 拓夢,森下 翔太,大山 悠輔,佐藤 輝明,ノイジー,坂本 誠志郎,木浪 聖也,大竹 耕太郎
阪神,9月10日(日),近本 光司,中野 拓夢,森下 翔太,大山 悠輔,佐藤 輝明,ノイジー,坂本 誠志郎,木浪 聖也,伊藤 将司
阪神,9月12日(火),近本 光司,中野 拓夢,森下 翔太,大山 悠輔,佐藤 輝明,ノイジー,坂本 誠志郎,木浪 聖也,西 勇輝
阪神,9月13日(水),近本 光司,中野 拓夢,森下 翔太,大山 悠輔,佐藤 輝明,ノイジー,坂本 誠志郎,木浪 聖也,青柳 晃洋
阪神,9月14日(木),近本 光司,中野 拓夢,森下 翔太,大山 悠輔,佐藤 輝明,ノイジー,坂本 誠志郎,木浪 聖也,才木 浩人
阪神,9月15日(金),近本 光司,中野 拓夢,森下 翔太,大山 悠輔,佐藤 輝明,小野寺 暖,榮枝 裕貴,小幡 竜平,及川 雅貴
阪神,9月16日(土),近本 光司,中野 拓夢,森下 翔太,大山 悠輔,佐藤 輝明,ノイジー,坂本 誠志郎,木浪 聖也,大竹 耕太郎
阪神,9月17日(日),近本 光司,中野 拓夢,森下 翔太,大山 悠輔,佐藤 輝明,ノイジー,坂本 誠志郎,木浪 聖也,村上 頌樹
阪神,9月18日(月),島田 海吏,中野 拓夢,森下 翔太,大山 悠輔,佐藤 輝明,ミエセス,長坂 拳弥,小幡 竜平,ビーズリー
阪神,9月20日(水),近本 光司,中野 拓夢,森下 翔太,大山 悠輔,佐藤 輝明,ノイジー,坂本 誠志郎,木浪 聖也,伊藤 将司
阪神,9月21日(木),近本 光司,中野 拓夢,小野寺 暖,大山 悠輔,佐藤 輝明,ノイジー,坂本 誠志郎,木浪 聖也,青柳 晃洋
阪神,9月23日(土),近本 光司,中野 拓夢,森下 翔太,大山 悠輔,佐藤 輝明,ノイジー,坂本 誠志郎,小幡 竜平,大竹 耕太郎
阪神,9月24日(日),小野寺 暖,中野 拓夢,森下 翔太,大山 悠輔,佐藤 輝明,ノイジー,坂本 誠志郎,木浪 聖也,才木 浩人
阪神,9月25日(月),小野寺 暖,中野 拓夢,森下 翔太,大山 悠輔,佐藤 輝明,ミエセス,坂本 誠志郎,木浪 聖也,村上 頌樹
阪神,9月26日(火),森下 翔太,中野 拓夢,小野寺 暖,大山 悠輔,佐藤 輝明,ノイジー,長坂 拳弥,小幡 竜平,西 勇輝
阪神,9月27日(水),近本 光司,中野 拓夢,森下 翔太,大山 悠輔,佐藤 輝明,ノイジー,坂本 誠志郎,木浪 聖也,富田 蓮
阪神,9月29日(金),近本 光司,中野 拓夢,森下 翔太,大山 悠輔,佐藤 輝明,ノイジー,坂本 誠志郎,木浪 聖也,青柳 晃洋
阪神,9月30日(土),島田 海吏,中野 拓夢,小野寺 暖,大山 悠輔,佐藤 輝明,ミエセス,小幡 竜平,長坂 拳弥,門別 啓人
阪神,10月1日(日),近本 光司,中野 拓夢,森下 翔太,大山 悠輔,佐藤 輝明,ノイジー,坂本 誠志郎,木浪 聖也,馬場 皐輔
阪神,10月4日(水),近本 光司,中野 拓夢,森下 翔太,大山 悠輔,佐藤 輝明,ノイジー,坂本 誠志郎,木浪 聖也,大竹 耕太郎
DeNA,3月31日(金),佐野 恵太,林 琢真,神里 和毅,牧 秀悟,楠本 泰史,関根 大気,戸柱 恭孝,森 敬斗,石田 健大
DeNA,4月1日(土),佐野 恵太,宮﨑 敏郎,楠本 泰史,牧 秀悟,ソト,桑原 将志,伊藤 光,森 敬斗,ガゼルマン
DeNA,4月2日(日),佐野 恵太,宮﨑 敏郎,大田 泰示,牧 秀悟,ソト,桑原 将志,京田 陽太,山本 祐大,笠原 祥太郎
DeNA,4月4日(火),佐野 恵太,宮﨑 敏郎,楠本 泰史,牧 秀悟,ソト,桑原 将志,戸柱 恭孝,京田 陽太,濵口 遥大
DeNA,4月5日(水),佐野 恵太,林 琢真,宮﨑 敏郎,牧 秀悟,桑原 将志,関根 大気,ソト,伊藤 光,平良 拳太郎
DeNA,4月6日(木),佐野 恵太,林 琢真,宮﨑 敏郎,牧 秀悟,桑原 将志,関根 大気,ソト,山本 祐大,東 克樹
DeNA,4月8日(土),佐野 恵太,林 琢真,宮﨑 敏郎,牧 秀悟,楠本 泰史,関根 大気,桑原 将志,伊藤 光,ガゼルマン
DeNA,4月9日(日),佐野 恵太,林 琢真,宮﨑 敏郎,牧 秀悟,桑原 将志,関根 大気,ソト,戸柱 恭孝,石田 健大
DeNA,4月11日(火),佐野 恵太,林 琢真,宮﨑 敏郎,牧 秀悟,桑原 将志,関根 大気,ソト,戸柱 恭孝,濵口 遥大
DeNA,4月12日(水),佐野 恵太,林 琢真,宮﨑 敏郎,牧 秀悟,桑原 将志,関根 大気,大田 泰示,山本 祐大,東 克樹
DeNA,4月14日(金),佐野 恵太,神里 和毅,宮﨑 敏郎,牧 秀悟,桑原 将志,関根 大気,伊藤 光,京田 陽太,ガゼルマン
DeNA,4月16日(日),佐野 恵太,京田 陽太,宮﨑 敏郎,牧 秀悟,桑原 将志,関根 大気,ソト,伊藤 光,平良 拳太郎
DeNA,4月18日(火),佐野 恵太,京田 陽太,宮﨑 敏郎,牧 秀悟,桑原 将志,関根 大気,ソト,戸柱 恭孝,石田 健大
DeNA,4月19日(水),佐野 恵太,京田 陽太,宮﨑 敏郎,牧 秀悟,桑原 将志,関根 大気,ソト,山本 祐大,濵口 遥大
DeNA,4月21日(金),佐野 恵太,京田 陽太,宮﨑 敏郎,牧 秀悟,桑原 将志,関根 大気,ソト,戸柱 恭孝,今永 昇太
DeNA,4月22日(土),佐野 恵太,京田 陽太,宮﨑 敏郎,牧 秀悟,桑原 将志,関根 大気,大和,山本 祐大,大貫 晋一
DeNA,4月23日(日),佐野 恵太,大和,大田 泰示,牧 秀悟,桑原 将志,関根 大気,山本 祐大,京田 陽太,東 克樹
DeNA,4月25日(火),佐野 恵太,京田 陽太,神里 和毅,牧 秀悟,桑原 将志,関根 大気,伊藤 光,柴田 竜拓,ガゼルマン
DeNA,4月26日(水),佐野 恵太,京田 陽太,ソト,牧 秀悟,桑原 将志,関根 大気,戸柱 恭孝,林 琢真,石田 健大
DeNA,4月27日(木),佐野 恵太,京田 陽太,大田 泰示,牧 秀悟,桑原 将志,関根 大気,大和,伊藤 光,平良 拳太郎
DeNA,4月28日(金),佐野 恵太,林 琢真,神里 和毅,牧 秀悟,桑原 将志,関根 大気,大和,戸柱 恭孝,今永 昇太
DeNA,4月29日(土),佐野 恵太,林 琢真,宮﨑 敏郎,牧 秀悟,桑原 将志,関根 大気,ソト,山本 祐大,大貫 晋一
DeNA,4月30日(日),佐野 恵太,京田 陽太,宮﨑 敏郎,牧 秀悟,桑原 将志,関根 大気,神里 和毅,山本 祐大,東 克樹
DeNA,5月2日(火),佐野 恵太,大田 泰示,宮﨑 敏郎,牧 秀悟,桑原 将志,関根 大気,大和,伊藤 光,ガゼルマン
DeNA,5月3日(水),佐野 恵太,楠本 泰史,宮﨑 敏郎,牧 秀悟,桑原 将志,関根 大気,伊藤 光,京田 陽太,バウアー
DeNA,5月4日(木),佐野 恵太,楠本 泰史,宮﨑 敏郎,牧 秀悟,桑原 将志,関根 大気,戸柱 恭孝,京田 陽太,石田 健大
DeNA,5月5日(金),佐野 恵太,京田 陽太,ソト,牧 秀悟,桑原 将志,関根 大気,大和,戸柱 恭孝,今永 昇太
DeNA,5月6日(土),佐野 恵太,京田 陽太,宮﨑 敏郎,牧 秀悟,桑原 将志,関根 大気,ソト,戸柱 恭孝,濵口 遥大
DeNA,5月9日(火),佐野 恵太,京田 陽太,宮﨑 敏郎,牧 秀悟,桑原 将志,関根 大気,ソト,伊藤 光,バウアー
DeNA,5月11日(木),佐野 恵太,京田 陽太,宮﨑 敏郎,牧 秀悟,桑原 将志,関根 大気,ソト,山本 祐大,東 克樹
DeNA,5月12日(金),佐野 恵太,京田 陽太,神里 和毅,牧 秀悟,桑原 将志,関根 大気,戸柱 恭孝,林 琢真,今永 昇太
DeNA,5月13日(土),佐野 恵太,ソト,宮﨑 敏郎,牧 秀悟,桑原 将志,関根 大気,大和,伊藤 光,ガゼルマン
DeNA,5月14日(日),佐野 恵太,京田 陽太,宮﨑 敏郎,牧 秀悟,楠本 泰史,関根 大気,ソト,伊藤 光,平良 拳太郎
DeNA,5月16日(火),佐野 恵太,ソト,宮﨑 敏郎,牧 秀悟,桑原 将志,関根 大気,大和,山本 祐大,バウアー
DeNA,5月17日(水),佐野 恵太,関根 大気,宮﨑 敏郎,牧 秀悟,ソト,桑原 将志,戸柱 恭孝,京田 陽太,石田 健大
DeNA,5月18日(木),佐野 恵太,関根 大気,宮﨑 敏郎,牧 秀悟,ソト,桑原 将志,京田 陽太,山本 祐大,東 克樹
DeNA,5月20日(土),佐野 恵太,関根 大気,宮﨑 敏郎,牧 秀悟,ソト,桑原 将志,京田 陽太,伊藤 光,ガゼルマン
DeNA,5月21日(日),佐野 恵太,関根 大気,宮﨑 敏郎,牧 秀悟,ソト,戸柱 恭孝,桑原 将志,京田 陽太,今永 昇太
DeNA,5月23日(火),佐野 恵太,関根 大気,宮﨑 敏郎,牧 秀悟,ソト,桑原 将志,京田 陽太,伊藤 光,平良 拳太郎
DeNA,5月24日(水),佐野 恵太,関根 大気,宮﨑 敏郎,牧 秀悟,オースティン,桑原 将志,戸柱 恭孝,京田 陽太,石田 健大
DeNA,5月25日(木),佐野 恵太,関根 大気,宮﨑 敏郎,牧 秀悟,ソト,桑原 将志,京田 陽太,山本 祐大,東 克樹
DeNA,5月26日(金),佐野 恵太,関根 大気,宮﨑 敏郎,牧 秀悟,ソト,桑原 将志,大和,伊藤 光,ガゼルマン
DeNA,5月27日(土),佐野 恵太,関根 大気,宮﨑 敏郎,牧 秀悟,ソト,桑原 将志,伊藤 光,京田 陽太,バウアー
DeNA,5月28日(日),佐野 恵太,関根 大気,楠本 泰史,牧 秀悟,桑原 将志,京田 陽太,戸柱 恭孝,林 琢真,大貫 晋一
DeNA,5月30日(火),佐野 恵太,関根 大気,宮﨑 敏郎,牧 秀悟,ソト,オースティン,戸柱 恭孝,桑原 将志,京田 陽太
DeNA,5月31日(水),佐野 恵太,関根 大気,宮﨑 敏郎,牧 秀悟,オースティン,楠本 泰史,戸柱 恭孝,桑原 将志,京田 陽太
DeNA,6月1日(木),佐野 恵太,関根 大気,宮﨑 敏郎,牧 秀悟,オースティン,ソト,桑原 将志,京田 陽太,山本 祐大
DeNA,6月3日(土),佐野 恵太,関根 大気,宮﨑 敏郎,牧 秀悟,オースティン,桑原 将志,京田 陽太,伊藤 光,バウアー
DeNA,6月4日(日),佐野 恵太,関根 大気,宮﨑 敏郎,牧 秀悟,ソト,桑原 将志,京田 陽太,伊藤 光,ガゼルマン
DeNA,6月5日(月),佐野 恵太,関根 大気,宮﨑 敏郎,牧 秀悟,ソト,桑原 将志,京田 陽太,伊藤 光,平良 拳太郎
DeNA,6月6日(火),佐野 恵太,関根 大気,オースティン,牧 秀悟,ソト,桑原 将志,京田 陽太,戸柱 恭孝,林 琢真
DeNA,6月7日(水),佐野 恵太,関根 大気,宮﨑 敏郎,牧 秀悟,オースティン,ソト,戸柱 恭孝,梶原 昂希,京田 陽太
DeNA,6月8日(木),梶原 昂希,関根 大気,佐野 恵太,牧 秀悟,オースティン,桑原 将志,京田 陽太,山本 祐大,林 琢真
DeNA,6月9日(金),大田 泰示,関根 大気,佐野 恵太,牧 秀悟,オースティン,桑原 将志,京田 陽太,伊藤 光,林 琢真
DeNA,6月10日(土),関根 大気,オースティン,佐野 恵太,牧 秀悟,ソト,桑原 将志,大和,伊藤 光,京田 陽太
DeNA,6月11日(日),関根 大気,オースティン,佐野 恵太,牧 秀悟,宮﨑 敏郎,ソト,大和,戸柱 恭孝,桑原 将志
DeNA,6月13日(火),関根 大気,桑原 将志,佐野 恵太,牧 秀悟,宮﨑 敏郎,ソト,大和,戸柱 恭孝,今永 昇太
DeNA,6月14日(水),関根 大気,蝦名 達夫,佐野 恵太,牧 秀悟,宮﨑 敏郎,ソト,大和,伊藤 光,バウアー
DeNA,6月16日(金),関根 大気,大田 泰示,佐野 恵太,牧 秀悟,宮﨑 敏郎,ソト,大和,伊藤 光,濵口 遥大
DeNA,6月17日(土),関根 大気,蝦名 達夫,佐野 恵太,牧 秀悟,宮﨑 敏郎,ソト,戸柱 恭孝,京田 陽太,大貫 晋一
DeNA,6月18日(日),関根 大気,楠本 泰史,佐野 恵太,牧 秀悟,宮﨑 敏郎,ソト,戸柱 恭孝,京田 陽太,石田 健大
DeNA,6月19日(月),関根 大気,蝦名 達夫,佐野 恵太,牧 秀悟,宮﨑 敏郎,ソト,大和,山本 祐大,上茶谷 大河
DeNA,6月23日(金),関根 大気,京田 陽太,佐野 恵太,牧 秀悟,宮﨑 敏郎,ソト,楠本 泰史,戸柱 恭孝,今永 昇太
DeNA,6月24日(土),関根 大気,大田 泰示,佐野 恵太,牧 秀悟,宮﨑 敏郎,ソト,大和,山本 祐大,東 克樹
DeNA,6月25日(日),関根 大気,桑原 将志,佐野 恵太,牧 秀悟,宮﨑 敏郎,ソト,森 敬斗,伊藤 光,バウアー
DeNA,6月27日(火),関根 大気,桑原 将志,佐野 恵太,牧 秀悟,宮﨑 敏郎,ソト,大和,戸柱 恭孝,大貫 晋一
DeNA,6月28日(水),関根 大気,京田 陽太,佐野 恵太,牧 秀悟,宮﨑 敏郎,楠本 泰史,大和,戸柱 恭孝,石田 健大
DeNA,6月29日(木),関根 大気,桑原 将志,佐野 恵太,牧 秀悟,ソト,京田 陽太,伊藤 光,森 敬斗,ガゼルマン
DeNA,6月30日(金),関根 大気,桑原 将志,佐野 恵太,牧 秀悟,ソト,大和,戸柱 恭孝,知野 直人,今永 昇太
DeNA,7月1日(土),関根 大気,桑原 将志,佐野 恵太,牧 秀悟,ソト,大和,京田 陽太,伊藤 光,バウアー
DeNA,7月2日(日),関根 大気,京田 陽太,佐野 恵太,牧 秀悟,ソト,楠本 泰史,柴田 竜拓,山本 祐大,東 克樹
DeNA,7月4日(火),関根 大気,桑原 将志,佐野 恵太,牧 秀悟,宮﨑 敏郎,ソト,戸柱 恭孝,柴田 竜拓,大貫 晋一
DeNA,7月5日(水),関根 大気,桑原 将志,佐野 恵太,牧 秀悟,宮﨑 敏郎,ソト,柴田 竜拓,戸柱 恭孝,石田 健大
DeNA,7月6日(木),楠本 泰史,桑原 将志,佐野 恵太,牧 秀悟,ソト,大和,柴田 竜拓,伊藤 光,バウアー
DeNA,7月7日(金),楠本 泰史,関根 大気,佐野 恵太,牧 秀悟,宮﨑 敏郎,ソト,京田 陽太,戸柱 恭孝,今永 昇太
DeNA,7月8日(土),関根 大気,桑原 将志,佐野 恵太,牧 秀悟,宮﨑 敏郎,楠本 泰史,柴田 竜拓,山本 祐大,ガゼルマン
DeNA,7月9日(日),関根 大気,京田 陽太,佐野 恵太,牧 秀悟,ソト,桑原 将志,大和,山本 祐大,東 克樹
DeNA,7月11日(火),梶原 昂希,関根 大気,佐野 恵太,牧 秀悟,宮﨑 敏郎,桑原 将志,京田 陽太,戸柱 恭孝,笠原 祥太郎
DeNA,7月12日(水),楠本 泰史,関根 大気,宮﨑 敏郎,牧 秀悟,佐野 恵太,ソト,大和,伊藤 光,バウアー
DeNA,7月13日(木),楠本 泰史,関根 大気,宮﨑 敏郎,牧 秀悟,佐野 恵太,ソト,京田 陽太,山本 祐大,石田 健大
DeNA,7月15日(土),楠本 泰史,関根 大気,宮﨑 敏郎,牧 秀悟,佐野 恵太,桑原 将志,京田 陽太,戸柱 恭孝,今永 昇太
DeNA,7月16日(日),梶原 昂希,桑原 将志,佐野 恵太,牧 秀悟,ソト,京田 陽太,柴田 竜拓,山本 祐大,東 克樹
DeNA,7月17日(月),蝦名 達夫,関根 大気,佐野 恵太,牧 秀悟,桑原 将志,大和,京田 陽太,伊藤 光,バウアー
DeNA,7月22日(土),梶原 昂希,佐野 恵太,宮﨑 敏郎,牧 秀悟,桑原 将志,関根 大気,京田 陽太,山本 祐大,石田 健大
DeNA,7月23日(日),梶原 昂希,佐野 恵太,宮﨑 敏郎,牧 秀悟,楠本 泰史,関根 大気,大和,戸柱 恭孝,平良 拳太郎
DeNA,7月25日(火),桑原 将志,関根 大気,宮﨑 敏郎,牧 秀悟,佐野 恵太,大和,梶原 昂希,戸柱 恭孝,今永 昇太
DeNA,7月26日(水),桑原 将志,関根 大気,宮﨑 敏郎,牧 秀悟,佐野 恵太,京田 陽太,梶原 昂希,伊藤 光,ガゼルマン
DeNA,7月27日(木),桑原 将志,関根 大気,宮﨑 敏郎,牧 秀悟,佐野 恵太,梶原 昂希,伊藤 光,京田 陽太,バウアー
DeNA,7月28日(金),桑原 将志,関根 大気,宮﨑 敏郎,牧 秀悟,佐野 恵太,大田 泰示,山本 祐大,柴田 竜拓,東 克樹
DeNA,7月29日(土),桑原 将志,関根 大気,宮﨑 敏郎,牧 秀悟,佐野 恵太,大田 泰示,伊藤 光,柴田 竜拓,大貫 晋一
DeNA,7月30日(日),桑原 将志,関根 大気,楠本 泰史,牧 秀悟,佐野 恵太,大和,戸柱 恭孝,柴田 竜拓,石田 健大
DeNA,8月1日(火),桑原 将志,関根 大気,宮﨑 敏郎,牧 秀悟,佐野 恵太,梶原 昂希,戸柱 恭孝,京田 陽太,今永 昇太
DeNA,8月2日(水),桑原 将志,関根 大気,宮﨑 敏郎,牧 秀悟,佐野 恵太,大田 泰示,大和,山本 祐大,濵口 遥大
DeNA,8月3日(木),桑原 将志,関根 大気,宮﨑 敏郎,牧 秀悟,佐野 恵太,大田 泰示,大和,伊藤 光,バウアー
DeNA,8月4日(金),桑原 将志,梶原 昂希,宮﨑 敏郎,牧 秀悟,佐野 恵太,大田 泰示,山本 祐大,京田 陽太,東 克樹
DeNA,8月5日(土),佐野 恵太,関根 大気,宮﨑 敏郎,牧 秀悟,楠本 泰史,大和,戸柱 恭孝,京田 陽太,大貫 晋一
DeNA,8月6日(日),佐野 恵太,関根 大気,宮﨑 敏郎,牧 秀悟,ソト,大田 泰示,大和,伊藤 光,石田 健大
DeNA,8月8日(火),佐野 恵太,桑原 将志,宮﨑 敏郎,牧 秀悟,ソト,大田 泰示,大和,戸柱 恭孝,今永 昇太
DeNA,8月9日(水),佐野 恵太,桑原 将志,宮﨑 敏郎,牧 秀悟,ソト,大田 泰示,伊藤 光,京田 陽太,バウアー
DeNA,8月10日(木),佐野 恵太,大田 泰示,関根 大気,牧 秀悟,ソト,京田 陽太,山本 祐大,林 琢真,濵口 遥大
DeNA,8月11日(金),佐野 恵太,桑原 将志,宮﨑 敏郎,牧 秀悟,ソト,大田 泰示,大和,山本 祐大,東 克樹
DeNA,8月12日(土),佐野 恵太,関根 大気,宮﨑 敏郎,牧 秀悟,ソト,大田 泰示,伊藤 光,林 琢真,平良 拳太郎
DeNA,8月13日(日),佐野 恵太,桑原 将志,宮﨑 敏郎,牧 秀悟,ソト,大田 泰示,大和,伊藤 光,石田 健大
DeNA,8月15日(火),佐野 恵太,桑原 将志,宮﨑 敏郎,牧 秀悟,ソト,関根 大気,伊藤 光,京田 陽太,バウアー
DeNA,8月16日(水),佐野 恵太,桑原 将志,宮﨑 敏郎,牧 秀悟,ソト,大田 泰示,戸柱 恭孝,京田 陽太,今永 昇太
DeNA,8月17日(木),佐野 恵太,関根 大気,楠本 泰史,牧 秀悟,ソト,大和,山本 祐大,京田 陽太,濵口 遥大
DeNA,8月18日(金),佐野 恵太,関根 大気,宮﨑 敏郎,牧 秀悟,ソト,梶原 昂希,山本 祐大,京田 陽太,東 克樹
DeNA,8月19日(土),佐野 恵太,梶原 昂希,宮﨑 敏郎,牧 秀悟,楠本 泰史,京田 陽太,戸柱 恭孝,林 琢真,石田 健大
DeNA,8月20日(日),佐野 恵太,大田 泰示,関根 大気,牧 秀悟,ソト,大和,伊藤 光,林 琢真,バウアー
DeNA,8月22日(火),梶原 昂希,桑原 将志,佐野 恵太,牧 秀悟,ソト,戸柱 恭孝,京田 陽太,林 琢真,今永 昇太
DeNA,8月23日(水),桑原 将志,京田 陽太,佐野 恵太,牧 秀悟,ソト,大田 泰示,山本 祐大,林 琢真,濵口 遥大
DeNA,8月24日(木),大田 泰示,関根 大気,佐野 恵太,牧 秀悟,ソト,大和,山本 祐大,西浦 直亨,東 克樹
DeNA,8月25日(金),大田 泰示,桑原 将志,佐野 恵太,牧 秀悟,ソト,大和,伊藤 光,知野 直人,バウアー
DeNA,8月26日(土),大田 泰示,関根 大気,佐野 恵太,牧 秀悟,ソト,京田 陽太,山本 祐大,林 琢真,石田 健大
DeNA,8月27日(日),桑原 将志,関根 大気,佐野 恵太,牧 秀悟,ソト,京田 陽太,伊藤 光,林 琢真,平良 拳太郎
DeNA,8月29日(火),桑原 将志,関根 大気,佐野 恵太,牧 秀悟,ソト,京田 陽太,山本 祐大,林 琢真,今永 昇太
DeNA,8月30日(水),桑原 将志,蝦名 達夫,佐野 恵太,牧 秀悟,ソト,大和,伊藤 光,林 琢真,バウアー
DeNA,9月1日(金),関根 大気,桑原 将志,佐野 恵太,牧 秀悟,宮﨑 敏郎,ソト,山本 祐大,林 琢真,東 克樹
DeNA,9月2日(土),関根 大気,桑原 将志,佐野 恵太,牧 秀悟,宮﨑 敏郎,ソト,大和,山本 祐大,石田 健大
DeNA,9月3日(日),関根 大気,桑原 将志,佐野 恵太,牧 秀悟,宮﨑 敏郎,ソト,大和,山本 祐大,濵口 遥大
DeNA,9月5日(火),関根 大気,桑原 将志,佐野 恵太,牧 秀悟,宮﨑 敏郎,ソト,大和,山本 祐大,坂本 裕哉
DeNA,9月6日(水),蝦名 達夫,桑原 将志,佐野 恵太,牧 秀悟,宮﨑 敏郎,ソト,山本 祐大,京田 陽太,今永 昇太
DeNA,9月7日(木),関根 大気,桑原 将志,佐野 恵太,牧 秀悟,宮﨑 敏郎,ソト,山本 祐大,柴田 竜拓,東 克樹
DeNA,9月8日(金),桑原 将志,知野 直人,佐野 恵太,牧 秀悟,ソト,大和,アンバギー,伊藤 光,平良 拳太郎
DeNA,9月9日(土),桑原 将志,関根 大気,佐野 恵太,牧 秀悟,宮﨑 敏郎,ソト,山本 祐大,知野 直人,石田 健大
DeNA,9月10日(日),知野 直人,桑原 将志,佐野 恵太,牧 秀悟,宮﨑 敏郎,大和,アンバギー,山本 祐大,濵口 遥大
DeNA,9月12日(火),関根 大気,蝦名 達夫,佐野 恵太,牧 秀悟,宮﨑 敏郎,大和,伊藤 光,知野 直人,大貫 晋一
DeNA,9月13日(水),関根 大気,桑原 将志,佐野 恵太,牧 秀悟,宮﨑 敏郎,ソト,山本 祐大,知野 直人,今永 昇太
DeNA,9月14日(木),大田 泰示,桑原 将志,佐野 恵太,牧 秀悟,宮﨑 敏郎,ソト,大和,山本 祐大,東 克樹
DeNA,9月15日(金),大田 泰示,関根 大気,佐野 恵太,牧 秀悟,宮﨑 敏郎,ソト,大和,伊藤 光,平良 拳太郎
DeNA,9月16日(土),大田 泰示,桑原 将志,佐野 恵太,牧 秀悟,宮﨑 敏郎,ソト,山本 祐大,知野 直人,石田 健大
DeNA,9月17日(日),関根 大気,桑原 将志,佐野 恵太,牧 秀悟,ソト,大和,山本 祐大,林 琢真,濵口 遥大
DeNA,9月18日(月),大田 泰示,関根 大気,佐野 恵太,牧 秀悟,宮﨑 敏郎,ソト,伊藤 光,林 琢真,大貫 晋一
DeNA,9月20日(水),大田 泰示,桑原 将志,佐野 恵太,牧 秀悟,宮﨑 敏郎,ソト,山本 祐大,林 琢真,東 克樹
DeNA,9月23日(土),大田 泰示,関根 大気,佐野 恵太,牧 秀悟,宮﨑 敏郎,ソト,山本 祐大,林 琢真,濵口 遥大
DeNA,9月24日(日),関根 大気,桑原 将志,佐野 恵太,牧 秀悟,宮﨑 敏郎,ソト,山本 祐大,林 琢真,今永 昇太
DeNA,9月25日(月),大田 泰示,桑原 将志,佐野 恵太,牧 秀悟,宮﨑 敏郎,伊藤 光,知野 直人,林 琢真,大貫 晋一
DeNA,9月26日(火),大田 泰示,桑原 将志,佐野 恵太,牧 秀悟,宮﨑 敏郎,ソト,山本 祐大,林 琢真,東 克樹
DeNA,9月27日(水),大田 泰示,関根 大気,佐野 恵太,牧 秀悟,宮﨑 敏郎,ソト,戸柱 恭孝,林 琢真,坂本 裕哉
DeNA,9月29日(金),林 琢真,関根 大気,佐野 恵太,牧 秀悟,宮﨑 敏郎,楠本 泰史,山本 祐大,蝦名 達夫,石田 健大
DeNA,9月30日(土),林 琢真,関根 大気,佐野 恵太,牧 秀悟,宮﨑 敏郎,楠本 泰史,ソト,山本 祐大,今永 昇太
DeNA,10月1日(日),林 琢真,関根 大気,大田 泰示,牧 秀悟,宮﨑 敏郎,楠本 泰史,ソト,伊藤 光,大貫 晋一
DeNA,10月4日(水),林 琢真,関根 大気,大田 泰示,牧 秀悟,宮﨑 敏郎,ソト,山本 祐大,桑原 将志,東 克樹
巨人,3月31日(金),オコエ 瑠偉,吉川 尚輝,丸 佳浩,岡本 和真,中田 翔,坂本 勇人,ブリンソン,大城 卓三,ビーディ
巨人,4月1日(土),梶谷 隆幸,吉川 尚輝,丸 佳浩,岡本 和真,中田 翔,坂本 勇人,大城 卓三,ブリンソン,グリフィン
巨人,4月2日(日),梶谷 隆幸,吉川 尚輝,丸 佳浩,岡本 和真,中田 翔,坂本 勇人,大城 卓三,ブリンソン,赤星 優志
巨人,4月4日(火),オコエ 瑠偉,吉川 尚輝,丸 佳浩,岡本 和真,中田 翔,坂本 勇人,大城 卓三,ブリンソン,戸郷 翔征
巨人,4月5日(水),梶谷 隆幸,吉川 尚輝,丸 佳浩,岡本 和真,中田 翔,大城 卓三,ブリンソン,門脇 誠,メンデス
巨人,4月6日(木),長野 久義,吉川 尚輝,丸 佳浩,岡本 和真,中田 翔,ブリンソン,坂本 勇人,大城 卓三,横川 凱
巨人,4月7日(金),中山 礼都,ブリンソン,丸 佳浩,岡本 和真,中田 翔,梶谷 隆幸,大城 卓三,吉川 尚輝,ビーディ
巨人,4月8日(土),長野 久義,オコエ 瑠偉,丸 佳浩,岡本 和真,中田 翔,坂本 勇人,吉川 尚輝,大城 卓三,グリフィン
巨人,4月9日(日),オコエ 瑠偉,坂本 勇人,梶谷 隆幸,岡本 和真,中田 翔,大城 卓三,ブリンソン,門脇 誠,赤星 優志
巨人,4月11日(火),オコエ 瑠偉,丸 佳浩,梶谷 隆幸,岡本 和真,中田 翔,坂本 勇人,大城 卓三,吉川 尚輝,戸郷 翔征
巨人,4月12日(水),オコエ 瑠偉,丸 佳浩,梶谷 隆幸,岡本 和真,中田 翔,坂本 勇人,大城 卓三,吉川 尚輝,メンデス
巨人,4月13日(木),オコエ 瑠偉,吉川 尚輝,丸 佳浩,岡本 和真,中田 翔,大城 卓三,ブリンソン,門脇 誠,横川 凱
巨人,4月14日(金),オコエ 瑠偉,丸 佳浩,坂本 勇人,岡本 和真,中田 翔,中山 礼都,ブリンソン,小林 誠司,ビーディ
巨人,4月15日(土),オコエ 瑠偉,丸 佳浩,坂本 勇人,岡本 和真,中田 翔,梶谷 隆幸,大城 卓三,中山 礼都,グリフィン
巨人,4月16日(日),オコエ 瑠偉,中山 礼都,坂本 勇人,岡本 和真,中田 翔,丸 佳浩,ウォーカー,大城 卓三,赤星 優志
巨人,4月18日(火),オコエ 瑠偉,中山 礼都,中田 翔,岡本 和真,丸 佳浩,ウォーカー,門脇 誠,大城 卓三,戸郷 翔征
巨人,4月19日(水),オコエ 瑠偉,中山 礼都,中田 翔,岡本 和真,丸 佳浩,ブリンソン,大城 卓三,吉川 尚輝,山﨑 伊織
巨人,4月21日(金),オコエ 瑠偉,中山 礼都,中田 翔,岡本 和真,ウォーカー,吉川 尚輝,ブリンソン,大城 卓三,ビーディ
巨人,4月22日(土),オコエ 瑠偉,中山 礼都,ブリンソン,岡本 和真,中田 翔,吉川 尚輝,秋広 優人,大城 卓三,グリフィン
巨人,4月23日(日),オコエ 瑠偉,吉川 尚輝,ブリンソン,岡本 和真,中田 翔,大城 卓三,坂本 勇人,秋広 優人,横川 凱
巨人,4月26日(水),オコエ 瑠偉,吉川 尚輝,ブリンソン,岡本 和真,中田 翔,大城 卓三,坂本 勇人,秋広 優人,戸郷 翔征
巨人,4月27日(木),オコエ 瑠偉,吉川 尚輝,ブリンソン,岡本 和真,中田 翔,ウォーカー,坂本 勇人,大城 卓三,山﨑 伊織
巨人,4月28日(金),オコエ 瑠偉,中山 礼都,ブリンソン,岡本 和真,中田 翔,大城 卓三,坂本 勇人,秋広 優人,髙橋 優貴
巨人,4月29日(土),オコエ 瑠偉,秋広 優人,ブリンソン,岡本 和真,中田 翔,大城 卓三,坂本 勇人,中山 礼都,グリフィン
巨人,4月30日(日),オコエ 瑠偉,秋広 優人,坂本 勇人,岡本 和真,中田 翔,大城 卓三,廣岡 大志,ブリンソン,ビーディ
巨人,5月2日(火),廣岡 大志,秋広 優人,坂本 勇人,岡本 和真,中田 翔,丸 佳浩,大城 卓三,ブリンソン,戸郷 翔征
巨人,5月3日(水),廣岡 大志,秋広 優人,坂本 勇人,岡本 和真,中田 翔,丸 佳浩,大城 卓三,ブリンソン,髙橋 優貴
巨人,5月4日(木),廣岡 大志,秋広 優人,坂本 勇人,岡本 和真,中田 翔,丸 佳浩,ブリンソン,小林 誠司,山﨑 伊織
巨人,5月5日(金),廣岡 大志,秋広 優人,ウォーカー,岡本 和真,丸 佳浩,ブリンソン,中山 礼都,山瀬 慎之助,横川 凱
巨人,5月6日(土),廣岡 大志,梶谷 隆幸,ウォーカー,岡本 和真,丸 佳浩,大城 卓三,秋広 優人,中山 礼都,グリフィン
巨人,5月7日(日),梶谷 隆幸,中山 礼都,坂本 勇人,岡本 和真,丸 佳浩,ウォーカー,大城 卓三,秋広 優人,赤星 優志
巨人,5月9日(火),吉川 尚輝,丸 佳浩,坂本 勇人,岡本 和真,大城 卓三,ブリンソン,梶谷 隆幸,門脇 誠,戸郷 翔征
巨人,5月11日(木),吉川 尚輝,丸 佳浩,坂本 勇人,岡本 和真,大城 卓三,ウォーカー,門脇 誠,ブリンソン,山﨑 伊織
巨人,5月12日(金),吉川 尚輝,丸 佳浩,坂本 勇人,岡本 和真,大城 卓三,秋広 優人,門脇 誠,ブリンソン,横川 凱
巨人,5月13日(土),吉川 尚輝,丸 佳浩,坂本 勇人,岡本 和真,大城 卓三,秋広 優人,岡田 悠希,門脇 誠,グリフィン
巨人,5月14日(日),吉川 尚輝,丸 佳浩,坂本 勇人,岡本 和真,大城 卓三,秋広 優人,ブリンソン,門脇 誠,赤星 優志
巨人,5月16日(火),吉川 尚輝,丸 佳浩,坂本 勇人,岡本 和真,大城 卓三,秋広 優人,ブリンソン,門脇 誠,戸郷 翔征
巨人,5月17日(水),吉川 尚輝,丸 佳浩,坂本 勇人,岡本 和真,大城 卓三,秋広 優人,ブリンソン,門脇 誠,山﨑 伊織
巨人,5月18日(木),吉川 尚輝,丸 佳浩,坂本 勇人,岡本 和真,大城 卓三,秋広 優人,ブリンソン,門脇 誠,横川 凱
巨人,5月20日(土),吉川 尚輝,丸 佳浩,坂本 勇人,岡本 和真,大城 卓三,秋広 優人,ウォーカー,門脇 誠,グリフィン
巨人,5月21日(日),中山 礼都,丸 佳浩,坂本 勇人,岡本 和真,大城 卓三,秋広 優人,ウォーカー,門脇 誠,松井 颯
巨人,5月23日(火),中山 礼都,丸 佳浩,坂本 勇人,岡本 和真,大城 卓三,秋広 優人,ウォーカー,門脇 誠,赤星 優志
巨人,5月24日(水),吉川 尚輝,丸 佳浩,坂本 勇人,岡本 和真,大城 卓三,秋広 優人,ウォーカー,門脇 誠,戸郷 翔征
巨人,5月25日(木),吉川 尚輝,坂本 勇人,秋広 優人,岡本 和真,大城 卓三,中田 翔,ブリンソン,門脇 誠,山﨑 伊織
巨人,5月26日(金),吉川 尚輝,坂本 勇人,秋広 優人,岡本 和真,大城 卓三,中田 翔,ブリンソン,門脇 誠,横川 凱
巨人,5月27日(土),吉川 尚輝,坂本 勇人,秋広 優人,岡本 和真,大城 卓三,長野 久義,ブリンソン,門脇 誠,グリフィン
巨人,5月28日(日),吉川 尚輝,坂本 勇人,秋広 優人,岡本 和真,大城 卓三,丸 佳浩,萩尾 匡也,門脇 誠,松井 颯
巨人,5月30日(火),萩尾 匡也,坂本 勇人,秋広 優人,岡本 和真,大城 卓三,梶谷 隆幸,ウォーカー,吉川 尚輝,門脇 誠
巨人,5月31日(水),丸 佳浩,坂本 勇人,秋広 優人,岡本 和真,中田 翔,大城 卓三,ブリンソン,北村 拓己,門脇 誠
巨人,6月1日(木),丸 佳浩,坂本 勇人,秋広 優人,岡本 和真,中田 翔,大城 卓三,ブリンソン,吉川 尚輝,門脇 誠
巨人,6月2日(金),丸 佳浩,梶谷 隆幸,秋広 優人,岡本 和真,大城 卓三,中山 礼都,吉川 尚輝,門脇 誠,横川 凱
巨人,6月3日(土),丸 佳浩,坂本 勇人,秋広 優人,岡本 和真,大城 卓三,ブリンソン,吉川 尚輝,門脇 誠,グリフィン
巨人,6月4日(日),丸 佳浩,坂本 勇人,秋広 優人,岡本 和真,中田 翔,吉川 尚輝,大城 卓三,ブリンソン,松井 颯
巨人,6月6日(火),丸 佳浩,坂本 勇人,秋広 優人,岡本 和真,中田 翔,ウォーカー,大城 卓三,ブリンソン,門脇 誠
巨人,6月7日(水),丸 佳浩,坂本 勇人,秋広 優人,岡本 和真,中田 翔,ウォーカー,大城 卓三,ブリンソン,吉川 尚輝
巨人,6月8日(木),坂本 勇人,梶谷 隆幸,秋広 優人,岡本 和真,中田 翔,大城 卓三,ウォーカー,吉川 尚輝,オコエ 瑠偉
巨人,6月9日(金),坂本 勇人,梶谷 隆幸,秋広 優人,岡本 和真,中田 翔,ウォーカー,オコエ 瑠偉,吉川 尚輝,岸田 行倫
巨人,6月10日(土),坂本 勇人,梶谷 隆幸,秋広 優人,岡本 和真,中田 翔,丸 佳浩,大城 卓三,中山 礼都,重信 慎之介
巨人,6月11日(日),坂本 勇人,梶谷 隆幸,秋広 優人,岡本 和真,大城 卓三,中田 翔,丸 佳浩,中山 礼都,重信 慎之介
巨人,6月13日(火),坂本 勇人,梶谷 隆幸,秋広 優人,岡本 和真,大城 卓三,中田 翔,丸 佳浩,中山 礼都,メンデス
巨人,6月14日(水),坂本 勇人,オコエ 瑠偉,秋広 優人,岡本 和真,丸 佳浩,中田 翔,大城 卓三,吉川 尚輝,戸郷 翔征
巨人,6月15日(木),坂本 勇人,梶谷 隆幸,秋広 優人,岡本 和真,丸 佳浩,中田 翔,大城 卓三,吉川 尚輝,山﨑 伊織
巨人,6月16日(金),オコエ 瑠偉,ウォーカー,坂本 勇人,岡本 和真,丸 佳浩,中田 翔,吉川 尚輝,岸田 行倫,横川 凱
巨人,6月17日(土),坂本 勇人,梶谷 隆幸,秋広 優人,岡本 和真,丸 佳浩,中田 翔,大城 卓三,吉川 尚輝,グリフィン
巨人,6月18日(日),坂本 勇人,梶谷 隆幸,秋広 優人,岡本 和真,丸 佳浩,中田 翔,大城 卓三,吉川 尚輝,菅野 智之
巨人,6月23日(金),坂本 勇人,重信 慎之介,秋広 優人,岡本 和真,丸 佳浩,中田 翔,大城 卓三,吉川 尚輝,井上 温大
巨人,6月24日(土),重信 慎之介,吉川 尚輝,秋広 優人,岡本 和真,丸 佳浩,中田 翔,大城 卓三,門脇 誠,メンデス
巨人,6月25日(日),オコエ 瑠偉,吉川 尚輝,秋広 優人,岡本 和真,中田 翔,ウォーカー,大城 卓三,中山 礼都,山﨑 伊織
巨人,6月28日(水),吉川 尚輝,中山 礼都,秋広 優人,岡本 和真,中田 翔,大城 卓三,丸 佳浩,ブリンソン,グリフィン
巨人,6月30日(金),吉川 尚輝,ブリンソン,秋広 優人,岡本 和真,大城 卓三,中田 翔,丸 佳浩,門脇 誠,戸郷 翔征
巨人,7月1日(土),吉川 尚輝,ブリンソン,秋広 優人,岡本 和真,大城 卓三,ウォーカー,中田 翔,北村 拓己,菅野 智之
巨人,7月2日(日),ブリンソン,丸 佳浩,秋広 優人,岡本 和真,大城 卓三,梶谷 隆幸,吉川 尚輝,門脇 誠,メンデス
巨人,7月4日(火),ブリンソン,丸 佳浩,秋広 優人,岡本 和真,大城 卓三,梶谷 隆幸,吉川 尚輝,中山 礼都,山﨑 伊織
巨人,7月5日(水),ブリンソン,丸 佳浩,秋広 優人,岡本 和真,大城 卓三,梶谷 隆幸,中山 礼都,吉川 尚輝,グリフィン
巨人,7月7日(金),ブリンソン,丸 佳浩,秋広 優人,岡本 和真,大城 卓三,中田 翔,吉川 尚輝,北村 拓己,戸郷 翔征
巨人,7月8日(土),ブリンソン,梶谷 隆幸,秋広 優人,岡本 和真,大城 卓三,中田 翔,吉川 尚輝,門脇 誠,菅野 智之
巨人,7月9日(日),ブリンソン,丸 佳浩,秋広 優人,岡本 和真,大城 卓三,中田 翔,吉川 尚輝,門脇 誠,メンデス
巨人,7月11日(火),ブリンソン,丸 佳浩,秋広 優人,岡本 和真,大城 卓三,中田 翔,吉川 尚輝,門脇 誠,山﨑 伊織
巨人,7月12日(水),ブリンソン,丸 佳浩,秋広 優人,岡本 和真,大城 卓三,中田 翔,吉川 尚輝,門脇 誠,グリフィン
巨人,7月13日(木),ブリンソン,丸 佳浩,秋広 優人,岡本 和真,大城 卓三,中田 翔,吉川 尚輝,門脇 誠,戸郷 翔征
巨人,7月15日(土),増田 大輝,丸 佳浩,秋広 優人,岡本 和真,大城 卓三,長野 久義,門脇 誠,吉川 尚輝,井上 温大
巨人,7月16日(日),丸 佳浩,門脇 誠,秋広 優人,岡本 和真,ウォーカー,大城 卓三,中島 宏之,吉川 尚輝,メンデス
巨人,7月17日(月),吉川 尚輝,ウォーカー,秋広 優人,岡本 和真,大城 卓三,中島 宏之,丸 佳浩,門脇 誠,菅野 智之
巨人,7月22日(土),吉川 尚輝,ウォーカー,秋広 優人,岡本 和真,大城 卓三,中島 宏之,岡田 悠希,門脇 誠,山﨑 伊織
巨人,7月23日(日),吉川 尚輝,梶谷 隆幸,秋広 優人,岡本 和真,大城 卓三,中田 翔,岡田 悠希,門脇 誠,メンデス
巨人,7月25日(火),吉川 尚輝,梶谷 隆幸,秋広 優人,岡本 和真,大城 卓三,中島 宏之,岡田 悠希,門脇 誠,菅野 智之
巨人,7月26日(水),吉川 尚輝,梶谷 隆幸,秋広 優人,岡本 和真,大城 卓三,長野 久義,岡田 悠希,門脇 誠,グリフィン
巨人,7月27日(木),吉川 尚輝,梶谷 隆幸,秋広 優人,岡本 和真,大城 卓三,中田 翔,長野 久義,門脇 誠,戸郷 翔征
巨人,7月28日(金),吉川 尚輝,坂本 勇人,梶谷 隆幸,岡本 和真,秋広 優人,丸 佳浩,大城 卓三,門脇 誠,井上 温大
巨人,7月29日(土),吉川 尚輝,坂本 勇人,梶谷 隆幸,岡本 和真,秋広 優人,丸 佳浩,大城 卓三,門脇 誠,山﨑 伊織
巨人,7月30日(日),吉川 尚輝,坂本 勇人,梶谷 隆幸,岡本 和真,秋広 優人,丸 佳浩,岸田 行倫,門脇 誠,メンデス
巨人,8月1日(火),吉川 尚輝,坂本 勇人,梶谷 隆幸,岡本 和真,秋広 優人,丸 佳浩,大城 卓三,門脇 誠,菅野 智之
巨人,8月2日(水),吉川 尚輝,坂本 勇人,梶谷 隆幸,岡本 和真,秋広 優人,大城 卓三,ブリンソン,門脇 誠,グリフィン
巨人,8月3日(木),吉川 尚輝,坂本 勇人,梶谷 隆幸,岡本 和真,秋広 優人,大城 卓三,ブリンソン,門脇 誠,戸郷 翔征
巨人,8月4日(金),吉川 尚輝,坂本 勇人,梶谷 隆幸,岡本 和真,秋広 優人,大城 卓三,ブリンソン,門脇 誠,横川 凱
巨人,8月5日(土),吉川 尚輝,坂本 勇人,ブリンソン,岡本 和真,秋広 優人,オコエ 瑠偉,岸田 行倫,門脇 誠,山﨑 伊織
巨人,8月6日(日),吉川 尚輝,坂本 勇人,秋広 優人,岡本 和真,大城 卓三,長野 久義,ブリンソン,門脇 誠,メンデス
巨人,8月8日(火),吉川 尚輝,坂本 勇人,秋広 優人,岡本 和真,大城 卓三,長野 久義,ブリンソン,門脇 誠,菅野 智之
巨人,8月9日(水),吉川 尚輝,梶谷 隆幸,秋広 優人,岡本 和真,大城 卓三,ブリンソン,門脇 誠,中山 礼都,グリフィン
巨人,8月10日(木),吉川 尚輝,坂本 勇人,梶谷 隆幸,岡本 和真,大城 卓三,中田 翔,秋広 優人,長野 久義,戸郷 翔征
巨人,8月11日(金),長野 久義,吉川 尚輝,坂本 勇人,岡本 和真,大城 卓三,ブリンソン,秋広 優人,浅野 翔吾,横川 凱
巨人,8月12日(土),梶谷 隆幸,吉川 尚輝,坂本 勇人,岡本 和真,秋広 優人,長野 久義,大城 卓三,ブリンソン,山﨑 伊織
巨人,8月13日(日),長野 久義,吉川 尚輝,坂本 勇人,岡本 和真,秋広 優人,ブリンソン,大城 卓三,浅野 翔吾,メンデス
巨人,8月16日(水),長野 久義,吉川 尚輝,坂本 勇人,岡本 和真,秋広 優人,中田 翔,ブリンソン,大城 卓三,グリフィン
巨人,8月17日(木),長野 久義,吉川 尚輝,坂本 勇人,岡本 和真,秋広 優人,中田 翔,ブリンソン,岸田 行倫,菅野 智之
巨人,8月18日(金),ブリンソン,吉川 尚輝,坂本 勇人,岡本 和真,秋広 優人,中田 翔,浅野 翔吾,岸田 行倫,戸郷 翔征
巨人,8月19日(土),梶谷 隆幸,吉川 尚輝,秋広 優人,岡本 和真,大城 卓三,丸 佳浩,中山 礼都,門脇 誠,横川 凱
巨人,8月20日(日),長野 久義,吉川 尚輝,秋広 優人,岡本 和真,中田 翔,梶谷 隆幸,岸田 行倫,門脇 誠,メンデス
巨人,8月22日(火),梶谷 隆幸,吉川 尚輝,坂本 勇人,岡本 和真,秋広 優人,丸 佳浩,ブリンソン,大城 卓三,山﨑 伊織
巨人,8月23日(水),梶谷 隆幸,坂本 勇人,秋広 優人,岡本 和真,丸 佳浩,大城 卓三,ブリンソン,門脇 誠,菅野 智之
巨人,8月24日(木),梶谷 隆幸,門脇 誠,秋広 優人,岡本 和真,坂本 勇人,丸 佳浩,ブリンソン,岸田 行倫,赤星 優志
巨人,8月25日(金),長野 久義,門脇 誠,秋広 優人,岡本 和真,坂本 勇人,丸 佳浩,大城 卓三,ブリンソン,戸郷 翔征
巨人,8月26日(土),梶谷 隆幸,門脇 誠,秋広 優人,岡本 和真,坂本 勇人,丸 佳浩,大城 卓三,ブリンソン,横川 凱
巨人,8月27日(日),梶谷 隆幸,北村 拓己,坂本 勇人,岡本 和真,丸 佳浩,中田 翔,長野 久義,岸田 行倫,メンデス
巨人,8月29日(火),長野 久義,門脇 誠,秋広 優人,坂本 勇人,丸 佳浩,中田 翔,大城 卓三,吉川 尚輝,山﨑 伊織
巨人,8月30日(水),長野 久義,門脇 誠,秋広 優人,坂本 勇人,丸 佳浩,大城 卓三,岡田 悠希,吉川 尚輝,菅野 智之
巨人,8月31日(木),浅野 翔吾,北村 拓己,秋広 優人,坂本 勇人,丸 佳浩,松田 宣浩,門脇 誠,岸田 行倫,赤星 優志
巨人,9月1日(金),浅野 翔吾,吉川 尚輝,坂本 勇人,岡本 和真,長野 久義,岸田 行倫,門脇 誠,ブリンソン,戸郷 翔征
巨人,9月2日(土),浅野 翔吾,丸 佳浩,秋広 優人,岡本 和真,坂本 勇人,大城 卓三,長野 久義,門脇 誠,横川 凱
巨人,9月3日(日),長野 久義,丸 佳浩,坂本 勇人,岡本 和真,大城 卓三,吉川 尚輝,萩尾 匡也,門脇 誠,井上 温大
巨人,9月5日(火),梶谷 隆幸,門脇 誠,丸 佳浩,岡本 和真,大城 卓三,吉川 尚輝,秋広 優人,中山 礼都,山﨑 伊織
巨人,9月6日(水),梶谷 隆幸,門脇 誠,丸 佳浩,岡本 和真,大城 卓三,吉川 尚輝,岡田 悠希,中山 礼都,ビーディ
巨人,9月7日(木),梶谷 隆幸,長野 久義,丸 佳浩,岡本 和真,坂本 勇人,吉川 尚輝,岸田 行倫,門脇 誠,赤星 優志
巨人,9月8日(金),梶谷 隆幸,門脇 誠,丸 佳浩,岡本 和真,坂本 勇人,秋広 優人,大城 卓三,吉川 尚輝,戸郷 翔征
巨人,9月9日(土),梶谷 隆幸,門脇 誠,丸 佳浩,岡本 和真,坂本 勇人,大城 卓三,吉川 尚輝,岡田 悠希,菅野 智之
巨人,9月10日(日),梶谷 隆幸,門脇 誠,丸 佳浩,岡本 和真,坂本 勇人,大城 卓三,秋広 優人,吉川 尚輝,メンデス
巨人,9月12日(火),梶谷 隆幸,門脇 誠,丸 佳浩,岡本 和真,坂本 勇人,大城 卓三,岡田 悠希,吉川 尚輝,山﨑 伊織
巨人,9月13日(水),門脇 誠,秋広 優人,丸 佳浩,岡本 和真,坂本 勇人,大城 卓三,岡田 悠希,吉川 尚輝,横川 凱
巨人,9月14日(木),長野 久義,門脇 誠,丸 佳浩,岡本 和真,坂本 勇人,秋広 優人,岸田 行倫,中山 礼都,赤星 優志
巨人,9月15日(金),梶谷 隆幸,門脇 誠,長野 久義,岡本 和真,坂本 勇人,大城 卓三,中田 翔,吉川 尚輝,戸郷 翔征
巨人,9月16日(土),長野 久義,門脇 誠,梶谷 隆幸,岡本 和真,坂本 勇人,大城 卓三,中田 翔,吉川 尚輝,菅野 智之
巨人,9月17日(日),梶谷 隆幸,門脇 誠,坂本 勇人,岡本 和真,大城 卓三,中田 翔,岡田 悠希,吉川 尚輝,メンデス
巨人,9月18日(月),長野 久義,門脇 誠,坂本 勇人,岡本 和真,大城 卓三,中田 翔,丸 佳浩,吉川 尚輝,グリフィン
巨人,9月20日(水),長野 久義,門脇 誠,坂本 勇人,岡本 和真,大城 卓三,丸 佳浩,増田 大輝,吉川 尚輝,山﨑 伊織
巨人,9月21日(木),重信 慎之介,門脇 誠,坂本 勇人,岡本 和真,丸 佳浩,秋広 優人,岸田 行倫,吉川 尚輝,赤星 優志
巨人,9月23日(土),梶谷 隆幸,門脇 誠,坂本 勇人,岡本 和真,大城 卓三,秋広 優人,ブリンソン,吉川 尚輝,菅野 智之
巨人,9月24日(日),長野 久義,門脇 誠,坂本 勇人,岡本 和真,大城 卓三,丸 佳浩,ブリンソン,北村 拓己,戸郷 翔征
巨人,9月25日(月),長野 久義,門脇 誠,坂本 勇人,岡本 和真,大城 卓三,丸 佳浩,秋広 優人,吉川 尚輝,メンデス
巨人,9月26日(火),長野 久義,門脇 誠,坂本 勇人,岡本 和真,大城 卓三,秋広 優人,ブリンソン,吉川 尚輝,山﨑 伊織
巨人,9月30日(土),梶谷 隆幸,門脇 誠,坂本 勇人,岡本 和真,大城 卓三,秋広 優人,丸 佳浩,吉川 尚輝,戸郷 翔征
巨人,10月1日(日),長野 久義,ウォーカー,坂本 勇人,岡本 和真,丸 佳浩,松田 宣浩,岸田 行倫,北村 拓己,グリフィン
巨人,10月3日(火),浅野 翔吾,門脇 誠,坂本 勇人,岡本 和真,大城 卓三,ウォーカー,秋広 優人,吉川 尚輝,赤星 優志
巨人,10月4日(水),浅野 翔吾,門脇 誠,坂本 勇人,岡本 和真,大城 卓三,長野 久義,秋広 優人,吉川 尚輝,山﨑 伊織
中日,3月31日(金),岡林 勇希,大島 洋平,高橋 周平,アキーノ,ビシエド,木下 拓哉,福永 裕基,龍空,小笠原 慎之介
中日,4月1日(土),岡林 勇希,大島 洋平,高橋 周平,アキーノ,ビシエド,カリステ,木下 拓哉,福永 裕基,涌井 秀章
中日,4月2日(日),岡林 勇希,カリステ,アルモンテ,アキーノ,高橋 周平,細川 成也,木下 拓哉,福永 裕基,福谷 浩司
中日,4月4日(火),岡林 勇希,大島 洋平,高橋 周平,アキーノ,ビシエド,カリステ,木下 拓哉,福永 裕基,大野 雄大
中日,4月5日(水),岡林 勇希,大島 洋平,カリステ,アキーノ,ビシエド,高橋 周平,福永 裕基,木下 拓哉,柳 裕也
中日,4月6日(木),岡林 勇希,大島 洋平,細川 成也,ビシエド,高橋 周平,カリステ,木下 拓哉,龍空,髙橋 宏斗
中日,4月8日(土),岡林 勇希,大島 洋平,カリステ,アルモンテ,ビシエド,福永 裕基,木下 拓哉,龍空,涌井 秀章
中日,4月9日(日),大島 洋平,岡林 勇希,カリステ,ビシエド,アキーノ,福永 裕基,木下 拓哉,龍空,福谷 浩司
中日,4月11日(火),大島 洋平,岡林 勇希,細川 成也,ビシエド,高橋 周平,福永 裕基,木下 拓哉,龍空,柳 裕也
中日,4月12日(水),大島 洋平,岡林 勇希,高橋 周平,アルモンテ,細川 成也,福永 裕基,木下 拓哉,龍空,福谷 浩司
中日,4月14日(金),大島 洋平,岡林 勇希,アキーノ,石川 昂弥,細川 成也,福永 裕基,木下 拓哉,龍空,小笠原 慎之介
中日,4月15日(土),大島 洋平,岡林 勇希,アキーノ,石川 昂弥,細川 成也,福永 裕基,木下 拓哉,龍空,髙橋 宏斗
中日,4月16日(日),大島 洋平,アキーノ,岡林 勇希,石川 昂弥,細川 成也,福永 裕基,木下 拓哉,龍空,鈴木 博志
中日,4月18日(火),大島 洋平,アキーノ,岡林 勇希,石川 昂弥,細川 成也,福永 裕基,木下 拓哉,龍空,涌井 秀章
中日,4月20日(木),大島 洋平,アキーノ,岡林 勇希,石川 昂弥,細川 成也,福永 裕基,木下 拓哉,龍空,柳 裕也
中日,4月21日(金),大島 洋平,岡林 勇希,アルモンテ,石川 昂弥,細川 成也,溝脇 隼人,木下 拓哉,龍空,小笠原 慎之介
中日,4月22日(土),大島 洋平,岡林 勇希,アルモンテ,石川 昂弥,福永 裕基,細川 成也,加藤 匠馬,龍空,髙橋 宏斗
中日,4月23日(日),岡林 勇希,大島 洋平,細川 成也,石川 昂弥,アルモンテ,福永 裕基,溝脇 隼人,木下 拓哉,福谷 浩司
中日,4月26日(水),岡林 勇希,大島 洋平,細川 成也,石川 昂弥,福永 裕基,アキーノ,木下 拓哉,龍空,涌井 秀章
中日,4月27日(木),岡林 勇希,大島 洋平,細川 成也,石川 昂弥,カリステ,アキーノ,木下 拓哉,龍空,柳 裕也
中日,4月28日(金),岡林 勇希,大島 洋平,細川 成也,石川 昂弥,アキーノ,村松 開人,木下 拓哉,龍空,小笠原 慎之介
中日,4月29日(土),岡林 勇希,大島 洋平,細川 成也,石川 昂弥,高橋 周平,村松 開人,アキーノ,味谷 大誠,松葉 貴大
中日,4月30日(日),岡林 勇希,大島 洋平,細川 成也,石川 昂弥,高橋 周平,村松 開人,アキーノ,木下 拓哉,髙橋 宏斗
中日,5月2日(火),岡林 勇希,大島 洋平,アルモンテ,石川 昂弥,細川 成也,溝脇 隼人,村松 開人,木下 拓哉,福谷 浩司
中日,5月3日(水),岡林 勇希,大島 洋平,細川 成也,石川 昂弥,ビシエド,福永 裕基,村松 開人,木下 拓哉,涌井 秀章
中日,5月4日(木),岡林 勇希,大島 洋平,細川 成也,石川 昂弥,ビシエド,福永 裕基,木下 拓哉,村松 開人,柳 裕也
中日,5月5日(金),岡林 勇希,伊藤 康祐,細川 成也,石川 昂弥,ビシエド,福永 裕基,木下 拓哉,村松 開人,小笠原 慎之介
中日,5月6日(土),岡林 勇希,大島 洋平,細川 成也,石川 昂弥,ビシエド,福永 裕基,木下 拓哉,村松 開人,松葉 貴大
中日,5月7日(日),岡林 勇希,大島 洋平,細川 成也,石川 昂弥,ビシエド,福永 裕基,木下 拓哉,村松 開人,髙橋 宏斗
中日,5月9日(火),大島 洋平,岡林 勇希,細川 成也,石川 昂弥,福永 裕基,ビシエド,木下 拓哉,村松 開人,福谷 浩司
中日,5月10日(水),岡林 勇希,福永 裕基,細川 成也,石川 昂弥,アルモンテ,鵜飼 航丞,木下 拓哉,村松 開人,涌井 秀章
中日,5月11日(木),大島 洋平,岡林 勇希,細川 成也,石川 昂弥,福永 裕基,鵜飼 航丞,木下 拓哉,村松 開人,柳 裕也
中日,5月12日(金),大島 洋平,岡林 勇希,細川 成也,石川 昂弥,アルモンテ,福永 裕基,木下 拓哉,村松 開人,小笠原 慎之介
中日,5月13日(土),大島 洋平,岡林 勇希,細川 成也,石川 昂弥,福永 裕基,木下 拓哉,鵜飼 航丞,村松 開人,仲地 礼亜
中日,5月14日(日),大島 洋平,岡林 勇希,細川 成也,石川 昂弥,アルモンテ,福永 裕基,木下 拓哉,村松 開人,髙橋 宏斗
中日,5月16日(火),大島 洋平,岡林 勇希,細川 成也,石川 昂弥,アルモンテ,福永 裕基,木下 拓哉,村松 開人,福谷 浩司
中日,5月17日(水),大島 洋平,福永 裕基,岡林 勇希,石川 昂弥,細川 成也,村松 開人,木下 拓哉,龍空,涌井 秀章
中日,5月18日(木),大島 洋平,福永 裕基,岡林 勇希,石川 昂弥,細川 成也,村松 開人,加藤 匠馬,龍空,柳 裕也
中日,5月20日(土),岡林 勇希,村松 開人,細川 成也,石川 昂弥,福永 裕基,大島 洋平,木下 拓哉,龍空,小笠原 慎之介
中日,5月21日(日),岡林 勇希,大島 洋平,細川 成也,石川 昂弥,福永 裕基,高橋 周平,木下 拓哉,村松 開人,髙橋 宏斗
中日,5月23日(火),岡林 勇希,福永 裕基,細川 成也,石川 昂弥,ビシエド,大島 洋平,木下 拓哉,村松 開人,福谷 浩司
中日,5月24日(水),岡林 勇希,福永 裕基,細川 成也,石川 昂弥,ビシエド,大島 洋平,木下 拓哉,村松 開人,涌井 秀章
中日,5月25日(木),岡林 勇希,福永 裕基,細川 成也,石川 昂弥,ビシエド,大島 洋平,木下 拓哉,村松 開人,柳 裕也
中日,5月26日(金),岡林 勇希,村松 開人,細川 成也,石川 昂弥,ビシエド,大島 洋平,木下 拓哉,龍空,小笠原 慎之介
中日,5月27日(土),岡林 勇希,福永 裕基,細川 成也,石川 昂弥,ビシエド,大島 洋平,木下 拓哉,龍空,松葉 貴大
中日,5月28日(日),岡林 勇希,大島 洋平,細川 成也,石川 昂弥,ビシエド,福永 裕基,木下 拓哉,村松 開人,髙橋 宏斗
中日,5月30日(火),岡林 勇希,ブライト 健太,細川 成也,石川 昂弥,ビシエド,福永 裕基,木下 拓哉,村松 開人,鵜飼 航丞
中日,5月31日(水),岡林 勇希,ブライト 健太,細川 成也,石川 昂弥,ビシエド,大島 洋平,木下 拓哉,村松 開人,福永 裕基
中日,6月1日(木),岡林 勇希,ブライト 健太,細川 成也,石川 昂弥,ビシエド,大島 洋平,木下 拓哉,村松 開人,福永 裕基
中日,6月2日(金),岡林 勇希,村松 開人,細川 成也,石川 昂弥,高橋 周平,大島 洋平,木下 拓哉,福永 裕基,小笠原 慎之介
中日,6月3日(土),岡林 勇希,ブライト 健太,細川 成也,石川 昂弥,ビシエド,福永 裕基,木下 拓哉,村松 開人,松葉 貴大
中日,6月4日(日),岡林 勇希,鵜飼 航丞,細川 成也,石川 昂弥,高橋 周平,福永 裕基,木下 拓哉,村松 開人,髙橋 宏斗
中日,6月6日(火),大島 洋平,岡林 勇希,細川 成也,石川 昂弥,高橋 周平,ビシエド,村松 開人,木下 拓哉,龍空
中日,6月7日(水),大島 洋平,岡林 勇希,細川 成也,石川 昂弥,高橋 周平,ビシエド,木下 拓哉,龍空,福永 裕基
中日,6月8日(木),大島 洋平,鵜飼 航丞,岡林 勇希,細川 成也,高橋 周平,ビシエド,村松 開人,木下 拓哉,龍空
中日,6月9日(金),大島 洋平,鵜飼 航丞,岡林 勇希,細川 成也,高橋 周平,石川 昂弥,村松 開人,木下 拓哉,龍空
中日,6月10日(土),鵜飼 航丞,岡林 勇希,福永 裕基,細川 成也,高橋 周平,ビシエド,石川 昂弥,木下 拓哉,村松 開人
中日,6月13日(火),鵜飼 航丞,村松 開人,岡林 勇希,細川 成也,ビシエド,福永 裕基,木下 拓哉,龍空,髙橋 宏斗
中日,6月14日(水),大島 洋平,村松 開人,岡林 勇希,細川 成也,ビシエド,福永 裕基,木下 拓哉,龍空,涌井 秀章
中日,6月15日(木),大島 洋平,村松 開人,岡林 勇希,細川 成也,ビシエド,福永 裕基,石橋 康太,龍空,柳 裕也
中日,6月16日(金),岡林 勇希,ブライト 健太,福永 裕基,細川 成也,福田 永将,村松 開人,石橋 康太,龍空,小笠原 慎之介
中日,6月17日(土),大島 洋平,村松 開人,岡林 勇希,細川 成也,福永 裕基,ビシエド,石橋 康太,龍空,松葉 貴大
中日,6月18日(日),大島 洋平,福永 裕基,岡林 勇希,細川 成也,石川 昂弥,村松 開人,石橋 康太,龍空,福谷 浩司
中日,6月21日(水),大島 洋平,村松 開人,岡林 勇希,細川 成也,石川 昂弥,福田 永将,福永 裕基,龍空,石橋 康太
中日,6月23日(金),大島 洋平,岡林 勇希,ビシエド,細川 成也,石川 昂弥,福永 裕基,石橋 康太,龍空,小笠原 慎之介
中日,6月24日(土),大島 洋平,岡林 勇希,ビシエド,細川 成也,石川 昂弥,福永 裕基,龍空,石橋 康太,メヒア
中日,6月25日(日),大島 洋平,岡林 勇希,ビシエド,細川 成也,石川 昂弥,福永 裕基,龍空,石橋 康太,涌井 秀章
中日,6月27日(火),大島 洋平,岡林 勇希,ビシエド,細川 成也,石川 昂弥,福永 裕基,龍空,石橋 康太,柳 裕也
中日,6月28日(水),大島 洋平,岡林 勇希,ビシエド,細川 成也,石川 昂弥,福永 裕基,石橋 康太,龍空,髙橋 宏斗
中日,6月29日(木),大島 洋平,岡林 勇希,福永 裕基,細川 成也,石川 昂弥,高橋 周平,宇佐見 真吾,龍空,松葉 貴大
中日,6月30日(金),大島 洋平,岡林 勇希,石川 昂弥,細川 成也,高橋 周平,村松 開人,石橋 康太,龍空,小笠原 慎之介
中日,7月1日(土),大島 洋平,岡林 勇希,高橋 周平,細川 成也,石川 昂弥,村松 開人,石橋 康太,龍空,メヒア
中日,7月2日(日),大島 洋平,岡林 勇希,石川 昂弥,細川 成也,高橋 周平,福永 裕基,石橋 康太,龍空,涌井 秀章
中日,7月4日(火),大島 洋平,岡林 勇希,石川 昂弥,細川 成也,宇佐見 真吾,高橋 周平,村松 開人,龍空,柳 裕也
中日,7月5日(水),鵜飼 航丞,岡林 勇希,細川 成也,石川 昂弥,ビシエド,村松 開人,石橋 康太,龍空,髙橋 宏斗
中日,7月7日(金),大島 洋平,岡林 勇希,ビシエド,石川 昂弥,宇佐見 真吾,細川 成也,村松 開人,龍空,小笠原 慎之介
中日,7月8日(土),岡林 勇希,大島 洋平,細川 成也,ビシエド,宇佐見 真吾,石川 昂弥,福永 裕基,龍空,メヒア
中日,7月9日(日),鵜飼 航丞,岡林 勇希,細川 成也,ビシエド,石川 昂弥,宇佐見 真吾,福永 裕基,龍空,涌井 秀章
中日,7月11日(火),大島 洋平,岡林 勇希,細川 成也,ビシエド,石川 昂弥,宇佐見 真吾,村松 開人,龍空,柳 裕也
中日,7月12日(水),大島 洋平,岡林 勇希,細川 成也,ビシエド,石川 昂弥,宇佐見 真吾,福永 裕基,龍空,福谷 浩司
中日,7月13日(木),大島 洋平,岡林 勇希,細川 成也,石川 昂弥,宇佐見 真吾,ビシエド,村松 開人,龍空,小笠原 慎之介
中日,7月15日(土),大島 洋平,岡林 勇希,細川 成也,石川 昂弥,宇佐見 真吾,ビシエド,村松 開人,龍空,髙橋 宏斗
中日,7月16日(日),大島 洋平,岡林 勇希,細川 成也,石川 昂弥,宇佐見 真吾,ビシエド,村松 開人,龍空,メヒア
中日,7月17日(月),大島 洋平,岡林 勇希,細川 成也,石川 昂弥,宇佐見 真吾,ビシエド,村松 開人,龍空,涌井 秀章
中日,7月22日(土),大島 洋平,岡林 勇希,ビシエド,石川 昂弥,宇佐見 真吾,細川 成也,村松 開人,龍空,髙橋 宏斗
中日,7月23日(日),大島 洋平,岡林 勇希,ビシエド,石川 昂弥,宇佐見 真吾,細川 成也,村松 開人,龍空,柳 裕也
中日,7月25日(火),ビシエド,岡林 勇希,細川 成也,石川 昂弥,宇佐見 真吾,大島 洋平,福永 裕基,村松 開人,小笠原 慎之介
中日,7月26日(水),岡林 勇希,龍空,川越 誠司,細川 成也,宇佐見 真吾,大島 洋平,高橋 周平,福永 裕基,仲地 礼亜
中日,7月27日(木),岡林 勇希,龍空,宇佐見 真吾,細川 成也,大島 洋平,ビシエド,高橋 周平,福永 裕基,メヒア
中日,7月28日(金),岡林 勇希,龍空,宇佐見 真吾,細川 成也,福永 裕基,ビシエド,村松 開人,鵜飼 航丞,涌井 秀章
中日,7月29日(土),村松 開人,福永 裕基,岡林 勇希,細川 成也,大島 洋平,ビシエド,龍空,石橋 康太,髙橋 宏斗
中日,7月30日(日),樋口 正修,福永 裕基,岡林 勇希,細川 成也,宇佐見 真吾,大島 洋平,ビシエド,龍空,柳 裕也
中日,8月1日(火),大島 洋平,岡林 勇希,細川 成也,石川 昂弥,宇佐見 真吾,川越 誠司,福永 裕基,龍空,小笠原 慎之介
中日,8月2日(水),大島 洋平,岡林 勇希,細川 成也,石川 昂弥,宇佐見 真吾,川越 誠司,福永 裕基,龍空,メヒア
中日,8月3日(木),大島 洋平,岡林 勇希,細川 成也,石川 昂弥,宇佐見 真吾,川越 誠司,福永 裕基,龍空,仲地 礼亜
中日,8月4日(金),岡林 勇希,川越 誠司,ビシエド,石川 昂弥,宇佐見 真吾,細川 成也,高橋 周平,龍空,松葉 貴大
中日,8月5日(土),岡林 勇希,大島 洋平,ビシエド,石川 昂弥,宇佐見 真吾,細川 成也,高橋 周平,龍空,髙橋 宏斗
中日,8月6日(日),岡林 勇希,大島 洋平,ビシエド,細川 成也,宇佐見 真吾,高橋 周平,村松 開人,龍空,柳 裕也
中日,8月8日(火),岡林 勇希,大島 洋平,細川 成也,石川 昂弥,宇佐見 真吾,ビシエド,高橋 周平,龍空,小笠原 慎之介
中日,8月9日(水),岡林 勇希,大島 洋平,細川 成也,石川 昂弥,宇佐見 真吾,ビシエド,高橋 周平,龍空,鈴木 博志
中日,8月10日(木),岡林 勇希,大島 洋平,細川 成也,石川 昂弥,ビシエド,高橋 周平,石橋 康太,龍空,仲地 礼亜
中日,8月11日(金),岡林 勇希,大島 洋平,宇佐見 真吾,石川 昂弥,高橋 周平,細川 成也,村松 開人,龍空,松葉 貴大
中日,8月12日(土),岡林 勇希,大島 洋平,細川 成也,石川 昂弥,宇佐見 真吾,高橋 周平,福永 裕基,龍空,髙橋 宏斗
中日,8月13日(日),岡林 勇希,大島 洋平,細川 成也,石川 昂弥,宇佐見 真吾,高橋 周平,福永 裕基,龍空,柳 裕也
中日,8月16日(水),岡林 勇希,石垣 雅海,ビシエド,石川 昂弥,細川 成也,大島 洋平,木下 拓哉,龍空,小笠原 慎之介
中日,8月17日(木),岡林 勇希,龍空,宇佐見 真吾,石川 昂弥,細川 成也,大島 洋平,木下 拓哉,村松 開人,松葉 貴大
中日,8月18日(金),岡林 勇希,龍空,細川 成也,石川 昂弥,宇佐見 真吾,ビシエド,川越 誠司,村松 開人,仲地 礼亜
中日,8月19日(土),岡林 勇希,石垣 雅海,細川 成也,石川 昂弥,ビシエド,木下 拓哉,川越 誠司,村松 開人,髙橋 宏斗
中日,8月20日(日),岡林 勇希,大島 洋平,ビシエド,細川 成也,宇佐見 真吾,高橋 周平,石垣 雅海,村松 開人,柳 裕也
中日,8月22日(火),岡林 勇希,大島 洋平,カリステ,細川 成也,宇佐見 真吾,木下 拓哉,村松 開人,龍空,涌井 秀章
中日,8月23日(水),岡林 勇希,龍空,細川 成也,宇佐見 真吾,木下 拓哉,カリステ,鵜飼 航丞,村松 開人,小笠原 慎之介
中日,8月25日(金),岡林 勇希,大島 洋平,細川 成也,宇佐見 真吾,木下 拓哉,カリステ,村松 開人,龍空,松葉 貴大
中日,8月26日(土),岡林 勇希,大島 洋平,カリステ,細川 成也,宇佐見 真吾,木下 拓哉,村松 開人,龍空,髙橋 宏斗
中日,8月27日(日),岡林 勇希,大島 洋平,カリステ,細川 成也,宇佐見 真吾,木下 拓哉,村松 開人,龍空,柳 裕也
中日,8月29日(火),岡林 勇希,村松 開人,細川 成也,石川 昂弥,宇佐見 真吾,大島 洋平,木下 拓哉,龍空,涌井 秀章
中日,8月30日(水),岡林 勇希,村松 開人,細川 成也,石川 昂弥,宇佐見 真吾,大島 洋平,カリステ,木下 拓哉,小笠原 慎之介
中日,8月31日(木),岡林 勇希,村松 開人,細川 成也,石川 昂弥,宇佐見 真吾,大島 洋平,木下 拓哉,龍空,梅津 晃大
中日,9月1日(金),岡林 勇希,カリステ,細川 成也,石川 昂弥,ビシエド,木下 拓哉,村松 開人,鵜飼 航丞,仲地 礼亜
中日,9月2日(土),岡林 勇希,カリステ,細川 成也,石川 昂弥,ビシエド,宇佐見 真吾,村松 開人,鵜飼 航丞,髙橋 宏斗
中日,9月3日(日),大島 洋平,岡林 勇希,カリステ,ビシエド,細川 成也,宇佐見 真吾,石川 昂弥,石垣 雅海,柳 裕也
中日,9月5日(火),大島 洋平,岡林 勇希,細川 成也,石川 昂弥,カリステ,宇佐見 真吾,ビシエド,村松 開人,涌井 秀章
中日,9月6日(水),大島 洋平,岡林 勇希,細川 成也,石川 昂弥,カリステ,ビシエド,木下 拓哉,福永 裕基,小笠原 慎之介
中日,9月8日(金),岡林 勇希,ブライト 健太,カリステ,細川 成也,宇佐見 真吾,石川 昂弥,木下 拓哉,福永 裕基,仲地 礼亜
中日,9月9日(土),岡林 勇希,ブライト 健太,カリステ,細川 成也,宇佐見 真吾,石川 昂弥,木下 拓哉,福永 裕基,髙橋 宏斗
中日,9月10日(日),ブライト 健太,岡林 勇希,カリステ,細川 成也,ビシエド,宇佐見 真吾,石川 昂弥,福永 裕基,柳 裕也
中日,9月12日(火),岡林 勇希,ブライト 健太,カリステ,石川 昂弥,宇佐見 真吾,細川 成也,木下 拓哉,龍空,涌井 秀章
中日,9月13日(水),岡林 勇希,ブライト 健太,カリステ,石川 昂弥,ビシエド,細川 成也,木下 拓哉,龍空,梅津 晃大
中日,9月14日(木),岡林 勇希,カリステ,細川 成也,石川 昂弥,ビシエド,大島 洋平,木下 拓哉,龍空,小笠原 慎之介
中日,9月15日(金),岡林 勇希,後藤 駿太,カリステ,石川 昂弥,ビシエド,細川 成也,宇佐見 真吾,龍空,仲地 礼亜
中日,9月16日(土),岡林 勇希,ブライト 健太,細川 成也,ビシエド,石川 昂弥,カリステ,木下 拓哉,龍空,髙橋 宏斗
中日,9月17日(日),岡林 勇希,大島 洋平,細川 成也,ビシエド,石川 昂弥,宇佐見 真吾,カリステ,龍空,柳 裕也
中日,9月18日(月),岡林 勇希,大島 洋平,カリステ,ビシエド,石川 昂弥,細川 成也,福永 裕基,石橋 康太,根尾 昂
中日,9月20日(水),岡林 勇希,加藤 翔平,カリステ,ビシエド,石川 昂弥,宇佐見 真吾,細川 成也,龍空,メヒア
中日,9月21日(木),岡林 勇希,大島 洋平,カリステ,ビシエド,石川 昂弥,木下 拓哉,細川 成也,龍空,小笠原 慎之介
中日,9月23日(土),岡林 勇希,大島 洋平,カリステ,ビシエド,石川 昂弥,細川 成也,木下 拓哉,村松 開人,髙橋 宏斗
中日,9月24日(日),岡林 勇希,大島 洋平,カリステ,ビシエド,細川 成也,石川 昂弥,木下 拓哉,龍空,柳 裕也
中日,9月25日(月),岡林 勇希,大島 洋平,カリステ,細川 成也,宇佐見 真吾,石川 昂弥,木下 拓哉,龍空,梅津 晃大
中日,9月26日(火),岡林 勇希,細川 成也,カリステ,石川 昂弥,ビシエド,後藤 駿太,木下 拓哉,龍空,涌井 秀章
中日,9月27日(水),岡林 勇希,カリステ,細川 成也,石川 昂弥,ビシエド,宇佐見 真吾,三好 大倫,龍空,メヒア
中日,9月29日(金),岡林 勇希,カリステ,細川 成也,石川 昂弥,ビシエド,大島 洋平,木下 拓哉,龍空,仲地 礼亜
中日,9月30日(土),岡林 勇希,カリステ,細川 成也,石川 昂弥,宇佐見 真吾,石橋 康太,鵜飼 航丞,龍空,根尾 昂
中日,10月1日(日),岡林 勇希,カリステ,細川 成也,石川 昂弥,宇佐見 真吾,木下 拓哉,鵜飼 航丞,龍空,髙橋 宏斗
中日,10月3日(火),岡林 勇希,カリステ,細川 成也,石川 昂弥,福田 永将,木下 拓哉,鵜飼 航丞,堂上 直倫,小笠原 慎之介
広島,3月31日(金),小園 海斗,野間 峻祥,秋山 翔吾,マクブルーム,西川 龍馬,デビッドソン,坂倉 将吾,菊池 涼介,大瀬良 大地
広島,4月1日(土),菊池 涼介,野間 峻祥,秋山 翔吾,マクブルーム,西川 龍馬,デビッドソン,坂倉 将吾,小園 海斗,床田 寛樹
広島,4月2日(日),菊池 涼介,野間 峻祥,秋山 翔吾,マクブルーム,西川 龍馬,デビッドソン,坂倉 将吾,小園 海斗,玉村 昇悟
広島,4月4日(火),菊池 涼介,野間 峻祥,秋山 翔吾,マクブルーム,西川 龍馬,デビッドソン,坂倉 将吾,小園 海斗,九里 亜蓮
広島,4月6日(木),菊池 涼介,野間 峻祥,秋山 翔吾,マクブルーム,西川 龍馬,デビッドソン,田中 広輔,會澤 翼,遠藤 淳志
広島,4月7日(金),菊池 涼介,野間 峻祥,秋山 翔吾,マクブルーム,西川 龍馬,デビッドソン,坂倉 将吾,田中 広輔,大瀬良 大地
広島,4月8日(土),菊池 涼介,上本 崇司,秋山 翔吾,マクブルーム,西川 龍馬,デビッドソン,坂倉 将吾,堂林 翔太,床田 寛樹
広島,4月9日(日),菊池 涼介,野間 峻祥,秋山 翔吾,マクブルーム,西川 龍馬,デビッドソン,坂倉 将吾,田中 広輔,玉村 昇悟
広島,4月11日(火),菊池 涼介,堂林 翔太,秋山 翔吾,マクブルーム,西川 龍馬,デビッドソン,坂倉 将吾,上本 崇司,九里 亜蓮
広島,4月12日(水),菊池 涼介,野間 峻祥,秋山 翔吾,マクブルーム,西川 龍馬,デビッドソン,田中 広輔,會澤 翼,遠藤 淳志
広島,4月14日(金),菊池 涼介,野間 峻祥,秋山 翔吾,マクブルーム,西川 龍馬,デビッドソン,坂倉 将吾,上本 崇司,大瀬良 大地
広島,4月15日(土),菊池 涼介,大盛 穂,秋山 翔吾,マクブルーム,西川 龍馬,デビッドソン,坂倉 将吾,田中 広輔,床田 寛樹
広島,4月16日(日),菊池 涼介,上本 崇司,秋山 翔吾,マクブルーム,西川 龍馬,デビッドソン,坂倉 将吾,田中 広輔,玉村 昇悟
広島,4月18日(火),菊池 涼介,野間 峻祥,秋山 翔吾,マクブルーム,西川 龍馬,デビッドソン,坂倉 将吾,小園 海斗,九里 亜蓮
広島,4月19日(水),菊池 涼介,野間 峻祥,秋山 翔吾,マクブルーム,西川 龍馬,デビッドソン,上本 崇司,會澤 翼,遠藤 淳志
広島,4月20日(木),菊池 涼介,野間 峻祥,秋山 翔吾,マクブルーム,西川 龍馬,デビッドソン,坂倉 将吾,田中 広輔,アンダーソン
広島,4月21日(金),菊池 涼介,野間 峻祥,秋山 翔吾,マクブルーム,西川 龍馬,デビッドソン,坂倉 将吾,上本 崇司,コルニエル
広島,4月22日(土),田中 広輔,野間 峻祥,秋山 翔吾,マクブルーム,西川 龍馬,デビッドソン,坂倉 将吾,韮澤 雄也,床田 寛樹
広島,4月23日(日),菊池 涼介,上本 崇司,秋山 翔吾,マクブルーム,西川 龍馬,デビッドソン,坂倉 将吾,堂林 翔太,玉村 昇悟
広島,4月26日(水),菊池 涼介,野間 峻祥,秋山 翔吾,マクブルーム,西川 龍馬,坂倉 将吾,デビッドソン,矢野 雅哉,大瀬良 大地
広島,4月27日(木),菊池 涼介,野間 峻祥,秋山 翔吾,マクブルーム,西川 龍馬,坂倉 将吾,デビッドソン,上本 崇司,九里 亜蓮
広島,4月28日(金),菊池 涼介,野間 峻祥,秋山 翔吾,マクブルーム,西川 龍馬,デビッドソン,上本 崇司,會澤 翼,遠藤 淳志
広島,4月29日(土),菊池 涼介,野間 峻祥,秋山 翔吾,マクブルーム,西川 龍馬,デビッドソン,坂倉 将吾,上本 崇司,コルニエル
広島,4月30日(日),菊池 涼介,西川 龍馬,秋山 翔吾,マクブルーム,松山 竜平,デビッドソン,坂倉 将吾,上本 崇司,アンダーソン
広島,5月2日(火),菊池 涼介,野間 峻祥,秋山 翔吾,マクブルーム,西川 龍馬,坂倉 将吾,デビッドソン,上本 崇司,床田 寛樹
広島,5月3日(水),野間 峻祥,西川 龍馬,秋山 翔吾,マクブルーム,坂倉 将吾,デビッドソン,田中 広輔,韮澤 雄也,九里 亜蓮
広島,5月4日(木),菊池 涼介,上本 崇司,秋山 翔吾,マクブルーム,西川 龍馬,デビッドソン,堂林 翔太,會澤 翼,森下 暢仁
広島,5月5日(金),菊池 涼介,上本 崇司,秋山 翔吾,マクブルーム,西川 龍馬,堂林 翔太,デビッドソン,磯村 嘉孝,遠藤 淳志
広島,5月9日(火),菊池 涼介,西川 龍馬,秋山 翔吾,マクブルーム,坂倉 将吾,野間 峻祥,デビッドソン,矢野 雅哉,床田 寛樹
広島,5月10日(水),菊池 涼介,野間 峻祥,秋山 翔吾,マクブルーム,西川 龍馬,坂倉 将吾,デビッドソン,矢野 雅哉,九里 亜蓮
広島,5月11日(木),菊池 涼介,野間 峻祥,秋山 翔吾,マクブルーム,西川 龍馬,坂倉 将吾,デビッドソン,上本 崇司,コルニエル
広島,5月12日(金),菊池 涼介,堂林 翔太,秋山 翔吾,マクブルーム,西川 龍馬,坂倉 将吾,デビッドソン,上本 崇司,大瀬良 大地
広島,5月13日(土),菊池 涼介,野間 峻祥,秋山 翔吾,マクブルーム,西川 龍馬,デビッドソン,韮澤 雄也,會澤 翼,森下 暢仁
広島,5月14日(日),菊池 涼介,西川 龍馬,秋山 翔吾,マクブルーム,松山 竜平,坂倉 将吾,デビッドソン,田中 広輔,アンダーソン
広島,5月16日(火),菊池 涼介,野間 峻祥,秋山 翔吾,マクブルーム,西川 龍馬,坂倉 将吾,デビッドソン,韮澤 雄也,床田 寛樹
広島,5月17日(水),菊池 涼介,上本 崇司,秋山 翔吾,マクブルーム,西川 龍馬,デビッドソン,坂倉 将吾,堂林 翔太,九里 亜蓮
広島,5月18日(木),菊池 涼介,上本 崇司,秋山 翔吾,マクブルーム,西川 龍馬,堂林 翔太,磯村 嘉孝,韮澤 雄也,コルニエル
広島,5月19日(金),中村 貴浩,西川 龍馬,秋山 翔吾,松山 竜平,坂倉 将吾,林 晃汰,田中 広輔,韮澤 雄也,玉村 昇悟
広島,5月20日(土),菊池 涼介,上本 崇司,秋山 翔吾,マクブルーム,西川 龍馬,堂林 翔太,林 晃汰,會澤 翼,森下 暢仁
広島,5月21日(日),菊池 涼介,中村 貴浩,秋山 翔吾,マクブルーム,西川 龍馬,坂倉 将吾,林 晃汰,矢野 雅哉,アンダーソン
広島,5月23日(火),菊池 涼介,西川 龍馬,秋山 翔吾,マクブルーム,坂倉 将吾,林 晃汰,中村 貴浩,矢野 雅哉,大瀬良 大地
広島,5月24日(水),菊池 涼介,西川 龍馬,秋山 翔吾,マクブルーム,坂倉 将吾,林 晃汰,中村 貴浩,矢野 雅哉,九里 亜蓮
広島,5月25日(木),菊池 涼介,上本 崇司,秋山 翔吾,マクブルーム,西川 龍馬,坂倉 将吾,林 晃汰,中村 貴浩,コルニエル
広島,5月26日(金),菊池 涼介,上本 崇司,秋山 翔吾,マクブルーム,西川 龍馬,坂倉 将吾,林 晃汰,田中 広輔,黒原 拓未
広島,5月27日(土),菊池 涼介,上本 崇司,秋山 翔吾,マクブルーム,西川 龍馬,堂林 翔太,會澤 翼,田中 広輔,森下 暢仁
広島,5月28日(日),菊池 涼介,上本 崇司,秋山 翔吾,マクブルーム,西川 龍馬,坂倉 将吾,田中 広輔,中村 貴浩,アンダーソン
広島,5月30日(火),菊池 涼介,西川 龍馬,秋山 翔吾,松山 竜平,坂倉 将吾,林 晃汰,韮澤 雄也,田中 広輔,中村 貴浩
広島,5月31日(水),菊池 涼介,上本 崇司,秋山 翔吾,マクブルーム,西川 龍馬,堂林 翔太,坂倉 将吾,磯村 嘉孝,田中 広輔
広島,6月1日(木),西川 龍馬,韮澤 雄也,秋山 翔吾,松山 竜平,坂倉 将吾,堂林 翔太,田中 広輔,林 晃汰,羽月 隆太郎
広島,6月2日(金),菊池 涼介,西川 龍馬,秋山 翔吾,マクブルーム,坂倉 将吾,田中 広輔,堂林 翔太,矢野 雅哉,床田 寛樹
広島,6月3日(土),菊池 涼介,矢野 雅哉,秋山 翔吾,マクブルーム,西川 龍馬,林 晃汰,會澤 翼,曽根 海成,森下 暢仁
広島,6月4日(日),菊池 涼介,矢野 雅哉,秋山 翔吾,マクブルーム,西川 龍馬,坂倉 将吾,林 晃汰,曽根 海成,アンダーソン
広島,6月6日(火),菊池 涼介,野間 峻祥,秋山 翔吾,マクブルーム,西川 龍馬,上本 崇司,堂林 翔太,會澤 翼,矢野 雅哉
広島,6月7日(水),菊池 涼介,上本 崇司,秋山 翔吾,松山 竜平,西川 龍馬,マクブルーム,坂倉 将吾,野間 峻祥,矢野 雅哉
広島,6月8日(木),菊池 涼介,野間 峻祥,秋山 翔吾,松山 竜平,西川 龍馬,マクブルーム,坂倉 将吾,上本 崇司,矢野 雅哉
広島,6月9日(金),菊池 涼介,西川 龍馬,秋山 翔吾,松山 竜平,坂倉 将吾,マクブルーム,田中 広輔,デビッドソン,野間 峻祥
広島,6月10日(土),菊池 涼介,西川 龍馬,秋山 翔吾,松山 竜平,マクブルーム,堂林 翔太,デビッドソン,田中 広輔,會澤 翼
広島,6月11日(日),西川 龍馬,野間 峻祥,秋山 翔吾,松山 竜平,坂倉 将吾,田中 広輔,韮澤 雄也,デビッドソン,羽月 隆太郎
広島,6月13日(火),菊池 涼介,田中 広輔,秋山 翔吾,西川 龍馬,デビッドソン,野間 峻祥,林 晃汰,會澤 翼,大瀬良 大地
広島,6月14日(水),菊池 涼介,野間 峻祥,秋山 翔吾,西川 龍馬,坂倉 将吾,デビッドソン,林 晃汰,矢野 雅哉,九里 亜蓮
広島,6月15日(木),菊池 涼介,野間 峻祥,秋山 翔吾,西川 龍馬,坂倉 将吾,デビッドソン,末包 昇大,田中 広輔,コルニエル
広島,6月16日(金),菊池 涼介,上本 崇司,秋山 翔吾,西川 龍馬,デビッドソン,末包 昇大,堂林 翔太,會澤 翼,床田 寛樹
広島,6月17日(土),野間 峻祥,羽月 隆太郎,秋山 翔吾,西川 龍馬,坂倉 将吾,田中 広輔,林 晃汰,矢野 雅哉,森下 暢仁
広島,6月18日(日),菊池 涼介,野間 峻祥,秋山 翔吾,西川 龍馬,坂倉 将吾,田中 広輔,林 晃汰,矢野 雅哉,河野 佳
広島,6月23日(金),菊池 涼介,上本 崇司,秋山 翔吾,西川 龍馬,堂林 翔太,坂倉 将吾,デビッドソン,野間 峻祥,九里 亜蓮
広島,6月24日(土),菊池 涼介,上本 崇司,秋山 翔吾,西川 龍馬,デビッドソン,末包 昇大,會澤 翼,堂林 翔太,大瀬良 大地
広島,6月25日(日),菊池 涼介,野間 峻祥,秋山 翔吾,西川 龍馬,坂倉 将吾,田中 広輔,デビッドソン,林 晃汰,森 翔平
広島,6月27日(火),菊池 涼介,野間 峻祥,秋山 翔吾,西川 龍馬,坂倉 将吾,田中 広輔,デビッドソン,林 晃汰,床田 寛樹
広島,6月28日(水),菊池 涼介,野間 峻祥,秋山 翔吾,西川 龍馬,堂林 翔太,デビッドソン,會澤 翼,矢野 雅哉,森下 暢仁
広島,6月29日(木),菊池 涼介,野間 峻祥,秋山 翔吾,西川 龍馬,坂倉 将吾,田中 広輔,デビッドソン,上本 崇司,野村 祐輔
広島,6月30日(金),菊池 涼介,野間 峻祥,秋山 翔吾,西川 龍馬,坂倉 将吾,田中 広輔,デビッドソン,矢野 雅哉,九里 亜蓮
広島,7月1日(土),菊池 涼介,野間 峻祥,秋山 翔吾,西川 龍馬,デビッドソン,上本 崇司,堂林 翔太,會澤 翼,大瀬良 大地
広島,7月2日(日),菊池 涼介,野間 峻祥,秋山 翔吾,西川 龍馬,坂倉 将吾,上本 崇司,デビッドソン,堂林 翔太,森 翔平
広島,7月4日(火),菊池 涼介,野間 峻祥,秋山 翔吾,西川 龍馬,松山 竜平,坂倉 将吾,田中 広輔,小園 海斗,床田 寛樹
広島,7月5日(水),菊池 涼介,野間 峻祥,秋山 翔吾,西川 龍馬,田中 広輔,デビッドソン,會澤 翼,小園 海斗,森下 暢仁
広島,7月6日(木),菊池 涼介,野間 峻祥,秋山 翔吾,西川 龍馬,松山 竜平,坂倉 将吾,田中 広輔,小園 海斗,野村 祐輔
広島,7月7日(金),菊池 涼介,野間 峻祥,秋山 翔吾,西川 龍馬,上本 崇司,坂倉 将吾,デビッドソン,小園 海斗,九里 亜蓮
広島,7月8日(土),菊池 涼介,野間 峻祥,秋山 翔吾,西川 龍馬,松山 竜平,坂倉 将吾,田中 広輔,小園 海斗,大瀬良 大地
広島,7月9日(日),菊池 涼介,野間 峻祥,秋山 翔吾,西川 龍馬,松山 竜平,坂倉 将吾,田中 広輔,小園 海斗,森 翔平
広島,7月11日(火),菊池 涼介,野間 峻祥,秋山 翔吾,西川 龍馬,松山 竜平,坂倉 将吾,上本 崇司,田中 広輔,床田 寛樹
広島,7月12日(水),上本 崇司,野間 峻祥,秋山 翔吾,デビッドソン,松山 竜平,末包 昇大,會澤 翼,小園 海斗,森下 暢仁
広島,7月13日(木),上本 崇司,野間 峻祥,秋山 翔吾,松山 竜平,坂倉 将吾,小園 海斗,羽月 隆太郎,大盛 穂,九里 亜蓮
広島,7月15日(土),上本 崇司,野間 峻祥,秋山 翔吾,菊池 涼介,坂倉 将吾,デビッドソン,小園 海斗,末包 昇大,大瀬良 大地
広島,7月16日(日),上本 崇司,野間 峻祥,秋山 翔吾,菊池 涼介,坂倉 将吾,デビッドソン,小園 海斗,末包 昇大,野村 祐輔
広島,7月17日(月),上本 崇司,野間 峻祥,秋山 翔吾,松山 竜平,坂倉 将吾,田中 広輔,小園 海斗,大盛 穂,床田 寛樹
広島,7月22日(土),田中 広輔,野間 峻祥,秋山 翔吾,上本 崇司,小園 海斗,デビッドソン,會澤 翼,大盛 穂,森下 暢仁
広島,7月23日(日),小園 海斗,野間 峻祥,秋山 翔吾,上本 崇司,坂倉 将吾,田中 広輔,デビッドソン,大盛 穂,大瀬良 大地
広島,7月25日(火),中村 奨成,堂林 翔太,秋山 翔吾,上本 崇司,坂倉 将吾,デビッドソン,小園 海斗,末包 昇大,九里 亜蓮
広島,7月26日(水),小園 海斗,野間 峻祥,秋山 翔吾,上本 崇司,坂倉 将吾,デビッドソン,堂林 翔太,末包 昇大,森 翔平
広島,7月27日(木),小園 海斗,野間 峻祥,秋山 翔吾,上本 崇司,末包 昇大,堂林 翔太,會澤 翼,田中 広輔,床田 寛樹
広島,7月28日(金),小園 海斗,野間 峻祥,秋山 翔吾,松山 竜平,坂倉 将吾,上本 崇司,田中 広輔,大盛 穂,野村 祐輔
広島,7月29日(土),小園 海斗,野間 峻祥,秋山 翔吾,松山 竜平,坂倉 将吾,田中 広輔,大盛 穂,矢野 雅哉,森下 暢仁
広島,7月30日(日),小園 海斗,菊池 涼介,秋山 翔吾,上本 崇司,坂倉 将吾,堂林 翔太,中村 奨成,末包 昇大,大瀬良 大地
広島,8月1日(火),菊池 涼介,野間 峻祥,秋山 翔吾,上本 崇司,坂倉 将吾,堂林 翔太,小園 海斗,末包 昇大,九里 亜蓮
広島,8月2日(水),菊池 涼介,野間 峻祥,秋山 翔吾,上本 崇司,坂倉 将吾,堂林 翔太,小園 海斗,末包 昇大,森 翔平
広島,8月3日(木),小園 海斗,野間 峻祥,秋山 翔吾,上本 崇司,坂倉 将吾,田中 広輔,羽月 隆太郎,矢野 雅哉,床田 寛樹
広島,8月4日(金),菊池 涼介,野間 峻祥,秋山 翔吾,上本 崇司,小園 海斗,デビッドソン,會澤 翼,末包 昇大,野村 祐輔
広島,8月5日(土),小園 海斗,野間 峻祥,秋山 翔吾,上本 崇司,坂倉 将吾,デビッドソン,田中 広輔,大盛 穂,玉村 昇悟
広島,8月6日(日),菊池 涼介,小園 海斗,秋山 翔吾,上本 崇司,坂倉 将吾,デビッドソン,堂林 翔太,末包 昇大,大瀬良 大地
広島,8月8日(火),菊池 涼介,小園 海斗,秋山 翔吾,西川 龍馬,上本 崇司,デビッドソン,坂倉 将吾,堂林 翔太,九里 亜蓮
広島,8月9日(水),小園 海斗,上本 崇司,秋山 翔吾,西川 龍馬,坂倉 将吾,デビッドソン,田中 広輔,矢野 雅哉,森 翔平
広島,8月10日(木),菊池 涼介,小園 海斗,秋山 翔吾,西川 龍馬,上本 崇司,堂林 翔太,會澤 翼,矢野 雅哉,床田 寛樹
広島,8月11日(金),菊池 涼介,小園 海斗,秋山 翔吾,西川 龍馬,上本 崇司,デビッドソン,坂倉 将吾,堂林 翔太,野村 祐輔
広島,8月12日(土),小園 海斗,野間 峻祥,上本 崇司,西川 龍馬,坂倉 将吾,菊池 涼介,デビッドソン,堂林 翔太,森下 暢仁
広島,8月13日(日),小園 海斗,野間 峻祥,上本 崇司,西川 龍馬,菊池 涼介,堂林 翔太,デビッドソン,會澤 翼,遠藤 淳志
広島,8月15日(火),菊池 涼介,野間 峻祥,小園 海斗,西川 龍馬,上本 崇司,坂倉 将吾,デビッドソン,堂林 翔太,大瀬良 大地
広島,8月16日(水),菊池 涼介,野間 峻祥,小園 海斗,西川 龍馬,上本 崇司,坂倉 将吾,デビッドソン,會澤 翼,九里 亜蓮
広島,8月17日(木),上本 崇司,野間 峻祥,小園 海斗,西川 龍馬,坂倉 将吾,堂林 翔太,デビッドソン,菊池 涼介,床田 寛樹
広島,8月18日(金),菊池 涼介,野間 峻祥,西川 龍馬,松山 竜平,坂倉 将吾,デビッドソン,矢野 雅哉,大盛 穂,森 翔平
広島,8月19日(土),野間 峻祥,矢野 雅哉,菊池 涼介,西川 龍馬,坂倉 将吾,デビッドソン,會澤 翼,末包 昇大,森下 暢仁
広島,8月20日(日),野間 峻祥,矢野 雅哉,菊池 涼介,西川 龍馬,デビッドソン,坂倉 将吾,堂林 翔太,末包 昇大,玉村 昇悟
広島,8月22日(火),菊池 涼介,野間 峻祥,小園 海斗,西川 龍馬,デビッドソン,堂林 翔太,會澤 翼,末包 昇大,九里 亜蓮
広島,8月23日(水),菊池 涼介,野間 峻祥,小園 海斗,西川 龍馬,松山 竜平,坂倉 将吾,デビッドソン,堂林 翔太,大瀬良 大地
広島,8月24日(木),菊池 涼介,野間 峻祥,小園 海斗,西川 龍馬,デビッドソン,坂倉 将吾,堂林 翔太,末包 昇大,床田 寛樹
広島,8月25日(金),菊池 涼介,野間 峻祥,小園 海斗,西川 龍馬,デビッドソン,坂倉 将吾,堂林 翔太,末包 昇大,森 翔平
広島,8月26日(土),菊池 涼介,野間 峻祥,小園 海斗,西川 龍馬,堂林 翔太,デビッドソン,會澤 翼,末包 昇大,森下 暢仁
広島,8月27日(日),菊池 涼介,野間 峻祥,小園 海斗,西川 龍馬,デビッドソン,坂倉 将吾,堂林 翔太,末包 昇大,黒原 拓未
広島,8月29日(火),野間 峻祥,田中 広輔,小園 海斗,西川 龍馬,デビッドソン,坂倉 将吾,會澤 翼,大盛 穂,九里 亜蓮
広島,8月30日(水),菊池 涼介,野間 峻祥,小園 海斗,西川 龍馬,デビッドソン,松山 竜平,坂倉 将吾,末包 昇大,大瀬良 大地
広島,8月31日(木),菊池 涼介,野間 峻祥,小園 海斗,西川 龍馬,デビッドソン,坂倉 将吾,末包 昇大,矢野 雅哉,床田 寛樹
広島,9月1日(金),野間 峻祥,矢野 雅哉,小園 海斗,西川 龍馬,デビッドソン,堂林 翔太,坂倉 将吾,末包 昇大,玉村 昇悟
広島,9月2日(土),菊池 涼介,野間 峻祥,小園 海斗,西川 龍馬,デビッドソン,堂林 翔太,會澤 翼,末包 昇大,森下 暢仁
広島,9月3日(日),菊池 涼介,野間 峻祥,小園 海斗,松山 竜平,デビッドソン,堂林 翔太,會澤 翼,末包 昇大,九里 亜蓮
広島,9月5日(火),堂林 翔太,野間 峻祥,小園 海斗,菊池 涼介,デビッドソン,坂倉 将吾,マクブルーム,末包 昇大,森 翔平
広島,9月6日(水),小園 海斗,野間 峻祥,堂林 翔太,デビッドソン,坂倉 将吾,末包 昇大,マクブルーム,矢野 雅哉,大瀬良 大地
広島,9月7日(木),野間 峻祥,矢野 雅哉,小園 海斗,デビッドソン,堂林 翔太,マクブルーム,會澤 翼,末包 昇大,遠藤 淳志
広島,9月8日(金),秋山 翔吾,野間 峻祥,小園 海斗,西川 龍馬,堂林 翔太,坂倉 将吾,デビッドソン,矢野 雅哉,床田 寛樹
広島,9月9日(土),秋山 翔吾,野間 峻祥,小園 海斗,西川 龍馬,坂倉 将吾,マクブルーム,田中 広輔,矢野 雅哉,森下 暢仁
広島,9月10日(日),堂林 翔太,野間 峻祥,小園 海斗,デビッドソン,末包 昇大,マクブルーム,田中 広輔,會澤 翼,九里 亜蓮
広島,9月12日(火),秋山 翔吾,野間 峻祥,小園 海斗,堂林 翔太,坂倉 将吾,デビッドソン,田村 俊介,矢野 雅哉,玉村 昇悟
広島,9月13日(水),秋山 翔吾,野間 峻祥,小園 海斗,堂林 翔太,坂倉 将吾,デビッドソン,田村 俊介,矢野 雅哉,大瀬良 大地
広島,9月14日(木),野間 峻祥,羽月 隆太郎,末包 昇大,堂林 翔太,小園 海斗,デビッドソン,マクブルーム,會澤 翼,遠藤 淳志
広島,9月15日(金),野間 峻祥,羽月 隆太郎,小園 海斗,堂林 翔太,坂倉 将吾,デビッドソン,マクブルーム,田村 俊介,床田 寛樹
広島,9月16日(土),秋山 翔吾,田中 広輔,小園 海斗,堂林 翔太,マクブルーム,田村 俊介,會澤 翼,羽月 隆太郎,森下 暢仁
広島,9月17日(日),秋山 翔吾,羽月 隆太郎,小園 海斗,堂林 翔太,坂倉 将吾,田村 俊介,田中 広輔,會澤 翼,九里 亜蓮
広島,9月18日(月),秋山 翔吾,羽月 隆太郎,小園 海斗,堂林 翔太,坂倉 将吾,マクブルーム,田中 広輔,中村 貴浩,森 翔平
広島,9月20日(水),中村 奨成,矢野 雅哉,小園 海斗,堂林 翔太,末包 昇大,マクブルーム,デビッドソン,會澤 翼,大瀬良 大地
広島,9月23日(土),秋山 翔吾,上本 崇司,小園 海斗,堂林 翔太,坂倉 将吾,末包 昇大,デビッドソン,菊池 涼介,森下 暢仁
広島,9月24日(日),菊池 涼介,上本 崇司,小園 海斗,堂林 翔太,坂倉 将吾,末包 昇大,會澤 翼,矢野 雅哉,九里 亜蓮
広島,9月26日(火),小園 海斗,上本 崇司,西川 龍馬,堂林 翔太,坂倉 将吾,菊池 涼介,デビッドソン,末包 昇大,床田 寛樹
広島,9月29日(金),小園 海斗,上本 崇司,西川 龍馬,堂林 翔太,坂倉 将吾,秋山 翔吾,末包 昇大,菊池 涼介,森下 暢仁
広島,9月30日(土),小園 海斗,菊池 涼介,西川 龍馬,堂林 翔太,秋山 翔吾,末包 昇大,デビッドソン,會澤 翼,九里 亜蓮
広島,10月1日(日),小園 海斗,菊池 涼介,西川 龍馬,堂林 翔太,秋山 翔吾,上本 崇司,末包 昇大,會澤 翼,大瀬良 大地
ヤクルト,3月31日(金),濱田 太貴,青木 宣親,山田 哲人,村上 宗隆,オスナ,中村 悠平,内山 壮真,長岡 秀樹,小川 泰弘
ヤクルト,4月1日(土),濱田 太貴,青木 宣親,山田 哲人,村上 宗隆,オスナ,中村 悠平,内山 壮真,長岡 秀樹,ピーターズ
ヤクルト,4月2日(日),濱田 太貴,内山 壮真,山田 哲人,村上 宗隆,オスナ,中村 悠平,サンタナ,長岡 秀樹,吉村 貢司郎
ヤクルト,4月4日(火),濱田 太貴,青木 宣親,山田 哲人,村上 宗隆,オスナ,中村 悠平,内山 壮真,長岡 秀樹,サイスニード
ヤクルト,4月5日(水),丸山 和郁,青木 宣親,山田 哲人,村上 宗隆,オスナ,内山 壮真,中村 悠平,長岡 秀樹,高橋 奎二
ヤクルト,4月6日(木),丸山 和郁,濱田 太貴,山田 哲人,村上 宗隆,オスナ,内山 壮真,サンタナ,長岡 秀樹,石川 雅規
ヤクルト,4月7日(金),丸山 和郁,宮本 丈,山田 哲人,村上 宗隆,オスナ,中村 悠平,サンタナ,長岡 秀樹,小川 泰弘
ヤクルト,4月8日(土),濱田 太貴,青木 宣親,山田 哲人,村上 宗隆,オスナ,内山 壮真,サンタナ,長岡 秀樹,尾仲 祐哉
ヤクルト,4月9日(日),丸山 和郁,青木 宣親,山田 哲人,村上 宗隆,オスナ,中村 悠平,サンタナ,長岡 秀樹,吉村 貢司郎
ヤクルト,4月11日(火),濱田 太貴,サンタナ,山田 哲人,村上 宗隆,オスナ,中村 悠平,内山 壮真,長岡 秀樹,サイスニード
ヤクルト,4月12日(水),濱田 太貴,サンタナ,山田 哲人,村上 宗隆,オスナ,中村 悠平,内山 壮真,長岡 秀樹,高橋 奎二
ヤクルト,4月14日(金),元山 飛優,青木 宣親,濱田 太貴,村上 宗隆,オスナ,太田 賢吾,中村 悠平,長岡 秀樹,小川 泰弘
ヤクルト,4月15日(土),内山 壮真,元山 飛優,サンタナ,村上 宗隆,オスナ,赤羽 由紘,濱田 太貴,長岡 秀樹,高梨 裕稔
ヤクルト,4月16日(日),濱田 太貴,中村 悠平,サンタナ,村上 宗隆,オスナ,青木 宣親,三ツ俣 大樹,長岡 秀樹,吉村 貢司郎
ヤクルト,4月18日(火),丸山 和郁,宮本 丈,サンタナ,村上 宗隆,オスナ,太田 賢吾,中村 悠平,長岡 秀樹,サイスニード
ヤクルト,4月20日(木),武岡 龍世,青木 宣親,サンタナ,村上 宗隆,オスナ,太田 賢吾,長岡 秀樹,古賀 優大,石川 雅規
ヤクルト,4月21日(金),武岡 龍世,濱田 太貴,サンタナ,村上 宗隆,オスナ,青木 宣親,中村 悠平,長岡 秀樹,高橋 奎二
ヤクルト,4月22日(土),濱田 太貴,武岡 龍世,サンタナ,村上 宗隆,オスナ,青木 宣親,中村 悠平,長岡 秀樹,小川 泰弘
ヤクルト,4月23日(日),濱田 太貴,赤羽 由紘,サンタナ,村上 宗隆,オスナ,青木 宣親,内山 壮真,長岡 秀樹,吉村 貢司郎
ヤクルト,4月25日(火),太田 賢吾,元山 飛優,オスナ,村上 宗隆,サンタナ,青木 宣親,中村 悠平,長岡 秀樹,サイスニード
ヤクルト,4月26日(水),並木 秀尊,濱田 太貴,サンタナ,村上 宗隆,オスナ,内山 壮真,長岡 秀樹,赤羽 由紘,高梨 裕稔
ヤクルト,4月27日(木),武岡 龍世,濱田 太貴,サンタナ,村上 宗隆,オスナ,青木 宣親,中村 悠平,長岡 秀樹,ピーターズ
ヤクルト,4月28日(金),並木 秀尊,濱田 太貴,山田 哲人,村上 宗隆,サンタナ,オスナ,中村 悠平,長岡 秀樹,高橋 奎二
ヤクルト,4月29日(土),山崎 晃大朗,中村 悠平,サンタナ,村上 宗隆,オスナ,青木 宣親,長岡 秀樹,元山 飛優,小川 泰弘
ヤクルト,4月30日(日),濱田 太貴,山崎 晃大朗,山田 哲人,村上 宗隆,サンタナ,オスナ,古賀 優大,長岡 秀樹,吉村 貢司郎
ヤクルト,5月2日(火),濱田 太貴,青木 宣親,山田 哲人,村上 宗隆,サンタナ,オスナ,長岡 秀樹,中村 悠平,サイスニード
ヤクルト,5月3日(水),濱田 太貴,青木 宣親,山田 哲人,村上 宗隆,サンタナ,オスナ,長岡 秀樹,内山 壮真,高梨 裕稔
ヤクルト,5月4日(木),塩見 泰隆,青木 宣親,サンタナ,村上 宗隆,オスナ,長岡 秀樹,中村 悠平,武岡 龍世,ピーターズ
ヤクルト,5月5日(金),塩見 泰隆,濱田 太貴,山田 哲人,村上 宗隆,サンタナ,中村 悠平,オスナ,長岡 秀樹,高橋 奎二
ヤクルト,5月6日(土),濱田 太貴,青木 宣親,山田 哲人,村上 宗隆,サンタナ,中村 悠平,オスナ,長岡 秀樹,小川 泰弘
ヤクルト,5月9日(火),塩見 泰隆,青木 宣親,山田 哲人,村上 宗隆,サンタナ,オスナ,長岡 秀樹,古賀 優大,吉村 貢司郎
ヤクルト,5月10日(水),塩見 泰隆,青木 宣親,山田 哲人,村上 宗隆,サンタナ,中村 悠平,オスナ,長岡 秀樹,石川 雅規
ヤクルト,5月11日(木),塩見 泰隆,濱田 太貴,山田 哲人,村上 宗隆,サンタナ,内山 壮真,オスナ,長岡 秀樹,サイスニード
ヤクルト,5月12日(金),濱田 太貴,並木 秀尊,山田 哲人,村上 宗隆,サンタナ,オスナ,長岡 秀樹,古賀 優大,高梨 裕稔
ヤクルト,5月13日(土),山崎 晃大朗,青木 宣親,サンタナ,村上 宗隆,オスナ,武岡 龍世,内山 壮真,長岡 秀樹,ピーターズ
ヤクルト,5月14日(日),塩見 泰隆,濱田 太貴,山田 哲人,村上 宗隆,サンタナ,オスナ,内山 壮真,長岡 秀樹,小川 泰弘
ヤクルト,5月16日(火),塩見 泰隆,青木 宣親,山田 哲人,村上 宗隆,サンタナ,オスナ,長岡 秀樹,古賀 優大,吉村 貢司郎
ヤクルト,5月17日(水),塩見 泰隆,青木 宣親,山田 哲人,村上 宗隆,サンタナ,オスナ,長岡 秀樹,内山 壮真,市川 悠太
ヤクルト,5月18日(木),塩見 泰隆,濱田 太貴,山田 哲人,村上 宗隆,サンタナ,オスナ,長岡 秀樹,内山 壮真,サイスニード
ヤクルト,5月20日(土),塩見 泰隆,青木 宣親,山田 哲人,村上 宗隆,サンタナ,オスナ,長岡 秀樹,内山 壮真,ピーターズ
ヤクルト,5月21日(日),濱田 太貴,山田 哲人,サンタナ,村上 宗隆,内山 壮真,オスナ,長岡 秀樹,中村 悠平,小川 泰弘
ヤクルト,5月23日(火),塩見 泰隆,内山 壮真,山田 哲人,村上 宗隆,サンタナ,中村 悠平,オスナ,長岡 秀樹,石川 雅規
ヤクルト,5月24日(水),山崎 晃大朗,サンタナ,山田 哲人,村上 宗隆,塩見 泰隆,オスナ,長岡 秀樹,古賀 優大,吉村 貢司郎
ヤクルト,5月25日(木),並木 秀尊,サンタナ,山田 哲人,村上 宗隆,塩見 泰隆,オスナ,中村 悠平,長岡 秀樹,サイスニード
ヤクルト,5月26日(金),太田 賢吾,サンタナ,山田 哲人,村上 宗隆,オスナ,濱田 太貴,長岡 秀樹,古賀 優大,高梨 裕稔
ヤクルト,5月27日(土),太田 賢吾,山崎 晃大朗,オスナ,村上 宗隆,濱田 太貴,西浦 直亨,中村 悠平,長岡 秀樹,ピーターズ
ヤクルト,5月28日(日),太田 賢吾,武岡 龍世,サンタナ,村上 宗隆,オスナ,山崎 晃大朗,中村 悠平,長岡 秀樹,小川 泰弘
ヤクルト,5月30日(火),太田 賢吾,山崎 晃大朗,山田 哲人,村上 宗隆,サンタナ,オスナ,濱田 太貴,中村 悠平,長岡 秀樹
ヤクルト,5月31日(水),濱田 太貴,青木 宣親,山田 哲人,村上 宗隆,サンタナ,山崎 晃大朗,オスナ,中村 悠平,武岡 龍世
ヤクルト,6月1日(木),山田 哲人,青木 宣親,川端 慎吾,村上 宗隆,サンタナ,中村 悠平,オスナ,山崎 晃大朗,長岡 秀樹
ヤクルト,6月3日(土),山田 哲人,山崎 晃大朗,青木 宣親,村上 宗隆,サンタナ,中村 悠平,オスナ,長岡 秀樹,ピーターズ
ヤクルト,6月4日(日),山田 哲人,山崎 晃大朗,青木 宣親,村上 宗隆,サンタナ,中村 悠平,オスナ,長岡 秀樹,小澤 怜史
ヤクルト,6月6日(火),山田 哲人,青木 宣親,川端 慎吾,村上 宗隆,サンタナ,中村 悠平,オスナ,内山 壮真,長岡 秀樹
ヤクルト,6月7日(水),山田 哲人,山崎 晃大朗,サンタナ,村上 宗隆,オスナ,青木 宣親,濱田 太貴,中村 悠平,長岡 秀樹
ヤクルト,6月8日(木),山田 哲人,山崎 晃大朗,川端 慎吾,村上 宗隆,サンタナ,青木 宣親,オスナ,中村 悠平,長岡 秀樹
ヤクルト,6月9日(金),山田 哲人,青木 宣親,川端 慎吾,村上 宗隆,サンタナ,内山 壮真,オスナ,三ツ俣 大樹,古賀 優大
ヤクルト,6月10日(土),山田 哲人,内山 壮真,川端 慎吾,村上 宗隆,青木 宣親,サンタナ,中村 悠平,オスナ,武岡 龍世
ヤクルト,6月11日(日),武岡 龍世,内山 壮真,青木 宣親,村上 宗隆,川端 慎吾,サンタナ,中村 悠平,オスナ,長岡 秀樹
ヤクルト,6月13日(火),山田 哲人,オスナ,青木 宣親,村上 宗隆,サンタナ,内山 壮真,中村 悠平,武岡 龍世,小川 泰弘
ヤクルト,6月14日(水),山田 哲人,内山 壮真,青木 宣親,村上 宗隆,サンタナ,中村 悠平,オスナ,長岡 秀樹,高橋 奎二
ヤクルト,6月15日(木),濱田 太貴,山田 哲人,青木 宣親,村上 宗隆,サンタナ,オスナ,内山 壮真,長岡 秀樹,サイスニード
ヤクルト,6月16日(金),山田 哲人,内山 壮真,青木 宣親,村上 宗隆,サンタナ,オスナ,古賀 優大,武岡 龍世,ピーターズ
ヤクルト,6月17日(土),山崎 晃大朗,山田 哲人,青木 宣親,村上 宗隆,サンタナ,中村 悠平,オスナ,長岡 秀樹,石川 雅規
ヤクルト,6月18日(日),山田 哲人,青木 宣親,オスナ,村上 宗隆,サンタナ,内山 壮真,中村 悠平,長岡 秀樹,小澤 怜史
ヤクルト,6月20日(火),山崎 晃大朗,青木 宣親,山田 哲人,村上 宗隆,オスナ,サンタナ,内山 壮真,長岡 秀樹,金久保 優斗
ヤクルト,6月23日(金),並木 秀尊,中村 悠平,山田 哲人,村上 宗隆,サンタナ,オスナ,濱田 太貴,長岡 秀樹,サイスニード
ヤクルト,6月24日(土),並木 秀尊,青木 宣親,山田 哲人,村上 宗隆,オスナ,サンタナ,内山 壮真,長岡 秀樹,小川 泰弘
ヤクルト,6月25日(日),並木 秀尊,山田 哲人,青木 宣親,村上 宗隆,オスナ,サンタナ,長岡 秀樹,古賀 優大,高橋 奎二
ヤクルト,6月28日(水),並木 秀尊,山崎 晃大朗,山田 哲人,村上 宗隆,サンタナ,中村 悠平,オスナ,長岡 秀樹,小澤 怜史
ヤクルト,6月30日(金),並木 秀尊,青木 宣親,山田 哲人,村上 宗隆,サンタナ,中村 悠平,オスナ,長岡 秀樹,サイスニード
ヤクルト,7月1日(土),並木 秀尊,長岡 秀樹,オスナ,山田 哲人,サンタナ,中村 悠平,内山 壮真,武岡 龍世,ピーターズ
ヤクルト,7月2日(日),並木 秀尊,青木 宣親,山田 哲人,村上 宗隆,サンタナ,中村 悠平,オスナ,長岡 秀樹,高橋 奎二
ヤクルト,7月4日(火),並木 秀尊,山崎 晃大朗,宮本 丈,村上 宗隆,サンタナ,オスナ,長岡 秀樹,中村 悠平,小川 泰弘
ヤクルト,7月5日(水),並木 秀尊,山崎 晃大朗,宮本 丈,村上 宗隆,サンタナ,オスナ,中村 悠平,長岡 秀樹,小澤 怜史
ヤクルト,7月6日(木),並木 秀尊,山崎 晃大朗,サンタナ,村上 宗隆,オスナ,内山 壮真,長岡 秀樹,武岡 龍世,丸山 翔大
ヤクルト,7月8日(土),並木 秀尊,山崎 晃大朗,サンタナ,村上 宗隆,オスナ,三ツ俣 大樹,長岡 秀樹,中村 悠平,ピーターズ
ヤクルト,7月9日(日),並木 秀尊,内山 壮真,サンタナ,村上 宗隆,オスナ,長岡 秀樹,中村 悠平,元山 飛優,高橋 奎二
ヤクルト,7月11日(火),並木 秀尊,武岡 龍世,青木 宣親,村上 宗隆,サンタナ,オスナ,中村 悠平,長岡 秀樹,サイスニード
ヤクルト,7月12日(水),並木 秀尊,山崎 晃大朗,オスナ,村上 宗隆,サンタナ,元山 飛優,中村 悠平,長岡 秀樹,小川 泰弘
ヤクルト,7月13日(木),並木 秀尊,濱田 太貴,オスナ,村上 宗隆,サンタナ,西浦 直亨,中村 悠平,長岡 秀樹,小澤 怜史
ヤクルト,7月15日(土),並木 秀尊,山崎 晃大朗,サンタナ,村上 宗隆,オスナ,元山 飛優,中村 悠平,長岡 秀樹,ピーターズ
ヤクルト,7月16日(日),並木 秀尊,青木 宣親,サンタナ,村上 宗隆,オスナ,中村 悠平,元山 飛優,長岡 秀樹,高橋 奎二
ヤクルト,7月17日(月),並木 秀尊,山崎 晃大朗,サンタナ,村上 宗隆,オスナ,武岡 龍世,内山 壮真,長岡 秀樹,市川 悠太
ヤクルト,7月22日(土),山崎 晃大朗,武岡 龍世,宮本 丈,村上 宗隆,サンタナ,オスナ,中村 悠平,長岡 秀樹,小川 泰弘
ヤクルト,7月23日(日),並木 秀尊,武岡 龍世,サンタナ,村上 宗隆,オスナ,青木 宣親,中村 悠平,長岡 秀樹,小澤 怜史
ヤクルト,7月25日(火),並木 秀尊,青木 宣親,サンタナ,村上 宗隆,オスナ,元山 飛優,中村 悠平,長岡 秀樹,ピーターズ
ヤクルト,7月26日(水),並木 秀尊,武岡 龍世,青木 宣親,村上 宗隆,オスナ,中村 悠平,内山 壮真,長岡 秀樹,高橋 奎二
ヤクルト,7月27日(木),並木 秀尊,武岡 龍世,塩見 泰隆,村上 宗隆,オスナ,中村 悠平,濱田 太貴,長岡 秀樹,石川 雅規
ヤクルト,7月28日(金),並木 秀尊,武岡 龍世,塩見 泰隆,村上 宗隆,オスナ,濱田 太貴,長岡 秀樹,古賀 優大,サイスニード
ヤクルト,7月29日(土),並木 秀尊,元山 飛優,塩見 泰隆,村上 宗隆,宮本 丈,オスナ,中村 悠平,長岡 秀樹,小川 泰弘
ヤクルト,7月30日(日),並木 秀尊,武岡 龍世,塩見 泰隆,村上 宗隆,濱田 太貴,中村 悠平,オスナ,長岡 秀樹,小澤 怜史
ヤクルト,8月1日(火),並木 秀尊,山田 哲人,塩見 泰隆,村上 宗隆,サンタナ,内山 壮真,オスナ,長岡 秀樹,山野 太一
ヤクルト,8月2日(水),並木 秀尊,中村 悠平,塩見 泰隆,村上 宗隆,サンタナ,山田 哲人,オスナ,長岡 秀樹,高橋 奎二
ヤクルト,8月3日(木),並木 秀尊,武岡 龍世,塩見 泰隆,村上 宗隆,サンタナ,山田 哲人,オスナ,中村 悠平,ピーターズ
ヤクルト,8月4日(金),並木 秀尊,元山 飛優,塩見 泰隆,村上 宗隆,サンタナ,中村 悠平,北村 恵吾,武岡 龍世,サイスニード
ヤクルト,8月5日(土),山田 哲人,宮本 丈,青木 宣親,村上 宗隆,サンタナ,中村 悠平,長岡 秀樹,丸山 和郁,小川 泰弘
ヤクルト,8月6日(日),塩見 泰隆,宮本 丈,山田 哲人,村上 宗隆,サンタナ,川端 慎吾,内山 壮真,長岡 秀樹,小澤 怜史
ヤクルト,8月8日(火),塩見 泰隆,宮本 丈,山田 哲人,村上 宗隆,サンタナ,内山 壮真,長岡 秀樹,中村 悠平,石川 雅規
ヤクルト,8月9日(水),塩見 泰隆,濱田 太貴,山田 哲人,村上 宗隆,サンタナ,中村 悠平,北村 恵吾,長岡 秀樹,ロドリゲス
ヤクルト,8月10日(木),塩見 泰隆,内山 壮真,山田 哲人,村上 宗隆,サンタナ,中村 悠平,北村 恵吾,長岡 秀樹,ピーターズ
ヤクルト,8月11日(金),塩見 泰隆,宮本 丈,山田 哲人,村上 宗隆,サンタナ,青木 宣親,中村 悠平,長岡 秀樹,高橋 奎二
ヤクルト,8月12日(土),並木 秀尊,武岡 龍世,宮本 丈,村上 宗隆,サンタナ,川端 慎吾,中村 悠平,長岡 秀樹,サイスニード
ヤクルト,8月13日(日),塩見 泰隆,並木 秀尊,山田 哲人,村上 宗隆,サンタナ,内山 壮真,北村 恵吾,武岡 龍世,山野 太一
ヤクルト,8月15日(火),塩見 泰隆,濱田 太貴,山田 哲人,村上 宗隆,サンタナ,オスナ,内山 壮真,武岡 龍世,小澤 怜史
ヤクルト,8月16日(水),並木 秀尊,濱田 太貴,山田 哲人,村上 宗隆,サンタナ,オスナ,中村 悠平,武岡 龍世,小川 泰弘
ヤクルト,8月17日(木),並木 秀尊,濱田 太貴,山田 哲人,村上 宗隆,サンタナ,オスナ,中村 悠平,武岡 龍世,ロドリゲス
ヤクルト,8月18日(金),武岡 龍世,長岡 秀樹,山田 哲人,サンタナ,オスナ,澤井 廉,中村 悠平,丸山 和郁,ピーターズ
ヤクルト,8月19日(土),武岡 龍世,長岡 秀樹,山田 哲人,サンタナ,オスナ,澤井 廉,古賀 優大,丸山 和郁,高橋 奎二
ヤクルト,8月20日(日),武岡 龍世,長岡 秀樹,山田 哲人,サンタナ,オスナ,澤井 廉,古賀 優大,丸山 和郁,サイスニード
ヤクルト,8月22日(火),山崎 晃大朗,中村 悠平,山田 哲人,村上 宗隆,サンタナ,オスナ,澤井 廉,長岡 秀樹,小澤 怜史
ヤクルト,8月23日(水),武岡 龍世,山崎 晃大朗,山田 哲人,村上 宗隆,サンタナ,オスナ,内山 壮真,中村 悠平,小川 泰弘
ヤクルト,8月24日(木),山田 哲人,澤井 廉,オスナ,村上 宗隆,サンタナ,中村 悠平,長岡 秀樹,丸山 和郁,ロドリゲス
ヤクルト,8月25日(金),濱田 太貴,古賀 優大,山田 哲人,村上 宗隆,サンタナ,オスナ,長岡 秀樹,丸山 和郁,石川 雅規
ヤクルト,8月26日(土),武岡 龍世,青木 宣親,宮本 丈,村上 宗隆,サンタナ,オスナ,中村 悠平,丸山 和郁,ピーターズ
ヤクルト,8月27日(日),武岡 龍世,青木 宣親,山田 哲人,村上 宗隆,サンタナ,オスナ,古賀 優大,丸山 和郁,高橋 奎二
ヤクルト,8月29日(火),丸山 和郁,青木 宣親,山田 哲人,村上 宗隆,サンタナ,オスナ,中村 悠平,長岡 秀樹,サイスニード
ヤクルト,8月30日(水),山田 哲人,オスナ,中村 悠平,村上 宗隆,サンタナ,濱田 太貴,長岡 秀樹,赤羽 由紘,小澤 怜史
ヤクルト,8月31日(木),内山 壮真,オスナ,宮本 丈,村上 宗隆,サンタナ,中村 悠平,長岡 秀樹,丸山 和郁,小川 泰弘
ヤクルト,9月1日(金),山田 哲人,丸山 和郁,宮本 丈,村上 宗隆,サンタナ,オスナ,長岡 秀樹,古賀 優大,ロドリゲス
ヤクルト,9月2日(土),武岡 龍世,宮本 丈,オスナ,村上 宗隆,サンタナ,長岡 秀樹,内山 壮真,丸山 和郁,ピーターズ
ヤクルト,9月3日(日),丸山 和郁,内山 壮真,山田 哲人,村上 宗隆,サンタナ,オスナ,松本 直樹,長岡 秀樹,吉村 貢司郎
ヤクルト,9月5日(火),丸山 和郁,オスナ,山田 哲人,村上 宗隆,サンタナ,澤井 廉,長岡 秀樹,古賀 優大,サイスニード
ヤクルト,9月6日(水),内山 壮真,丸山 和郁,山田 哲人,村上 宗隆,サンタナ,オスナ,長岡 秀樹,古賀 優大,小澤 怜史
ヤクルト,9月7日(木),内山 壮真,長岡 秀樹,山田 哲人,村上 宗隆,サンタナ,オスナ,澤井 廉,松本 直樹,高橋 奎二
ヤクルト,9月8日(金),内山 壮真,澤井 廉,宮本 丈,村上 宗隆,サンタナ,オスナ,長岡 秀樹,古賀 優大,石川 雅規
ヤクルト,9月9日(土),塩見 泰隆,オスナ,山田 哲人,村上 宗隆,サンタナ,濱田 太貴,古賀 優大,長岡 秀樹,小川 泰弘
ヤクルト,9月10日(日),塩見 泰隆,オスナ,山田 哲人,村上 宗隆,サンタナ,濱田 太貴,内山 壮真,長岡 秀樹,山野 太一
ヤクルト,9月12日(火),塩見 泰隆,オスナ,山田 哲人,村上 宗隆,サンタナ,濱田 太貴,中村 悠平,長岡 秀樹,サイスニード
ヤクルト,9月13日(水),塩見 泰隆,オスナ,山田 哲人,村上 宗隆,サンタナ,内山 壮真,長岡 秀樹,古賀 優大,吉村 貢司郎
ヤクルト,9月14日(木),塩見 泰隆,オスナ,山田 哲人,村上 宗隆,サンタナ,宮本 丈,中村 悠平,長岡 秀樹,高橋 奎二
ヤクルト,9月15日(金),塩見 泰隆,オスナ,宮本 丈,村上 宗隆,サンタナ,内山 壮真,濱田 太貴,長岡 秀樹,ロドリゲス
ヤクルト,9月16日(土),塩見 泰隆,濱田 太貴,山田 哲人,村上 宗隆,サンタナ,オスナ,中村 悠平,長岡 秀樹,小川 泰弘
ヤクルト,9月17日(日),塩見 泰隆,濱田 太貴,山田 哲人,村上 宗隆,サンタナ,オスナ,中村 悠平,長岡 秀樹,小澤 怜史
ヤクルト,9月18日(月),塩見 泰隆,内山 壮真,山田 哲人,村上 宗隆,サンタナ,オスナ,中村 悠平,武岡 龍世,山野 太一
ヤクルト,9月20日(水),塩見 泰隆,山崎 晃大朗,山田 哲人,村上 宗隆,サンタナ,オスナ,中村 悠平,武岡 龍世,石川 雅規
ヤクルト,9月21日(木),塩見 泰隆,山崎 晃大朗,山田 哲人,村上 宗隆,サンタナ,オスナ,古賀 優大,長岡 秀樹,サイスニード
ヤクルト,9月23日(土),塩見 泰隆,濱田 太貴,山田 哲人,村上 宗隆,サンタナ,オスナ,古賀 優大,長岡 秀樹,ロドリゲス
ヤクルト,9月24日(日),塩見 泰隆,山崎 晃大朗,山田 哲人,村上 宗隆,サンタナ,オスナ,中村 悠平,武岡 龍世,小川 泰弘
ヤクルト,9月26日(火),塩見 泰隆,山崎 晃大朗,山田 哲人,村上 宗隆,サンタナ,オスナ,中村 悠平,武岡 龍世,高橋 奎二
ヤクルト,9月27日(水),塩見 泰隆,濱田 太貴,山田 哲人,村上 宗隆,サンタナ,オスナ,中村 悠平,長岡 秀樹,吉村 貢司郎
ヤクルト,9月30日(土),塩見 泰隆,濱田 太貴,山田 哲人,村上 宗隆,サンタナ,オスナ,中村 悠平,長岡 秀樹,サイスニード
ヤクルト,10月1日(日),塩見 泰隆,濱田 太貴,山田 哲人,村上 宗隆,サンタナ,オスナ,中村 悠平,長岡 秀樹,山野 太一
ヤクルト,10月4日(水),塩見 泰隆,長岡 秀樹,山田 哲人,村上 宗隆,オスナ,濱田 太貴,中村 悠平,丸山 和郁,高橋 奎二
ソフトバンク,3月31日(金),牧原 大成,近藤 健介,柳田 悠岐,栗原 陵矢,正木 智也,中村 晃,アストゥディーヨ,今宮 健太,甲斐 拓也
ソフトバンク,4月1日(土),周東 佑京,近藤 健介,柳田 悠岐,栗原 陵矢,牧原 大成,中村 晃,正木 智也,今宮 健太,甲斐 拓也
ソフトバンク,4月2日(日),周東 佑京,近藤 健介,柳田 悠岐,栗原 陵矢,牧原 大成,中村 晃,今宮 健太,正木 智也,甲斐 拓也
ソフトバンク,4月4日(火),牧原 大成,近藤 健介,柳田 悠岐,栗原 陵矢,アストゥディーヨ,中村 晃,今宮 健太,正木 智也,甲斐 拓也
ソフトバンク,4月5日(水),周東 佑京,近藤 健介,柳田 悠岐,栗原 陵矢,牧原 大成,中村 晃,上林 誠知,今宮 健太,甲斐 拓也
ソフトバンク,4月6日(木),周東 佑京,近藤 健介,柳田 悠岐,栗原 陵矢,牧原 大成,中村 晃,上林 誠知,今宮 健太,甲斐 拓也
ソフトバンク,4月8日(土),周東 佑京,近藤 健介,柳田 悠岐,栗原 陵矢,牧原 大成,中村 晃,今宮 健太,上林 誠知,甲斐 拓也
ソフトバンク,4月9日(日),周東 佑京,近藤 健介,柳田 悠岐,栗原 陵矢,牧原 大成,今宮 健太,中村 晃,正木 智也,甲斐 拓也
ソフトバンク,4月11日(火),周東 佑京,近藤 健介,柳田 悠岐,栗原 陵矢,牧原 大成,中村 晃,今宮 健太,正木 智也,甲斐 拓也
ソフトバンク,4月12日(水),周東 佑京,近藤 健介,柳田 悠岐,栗原 陵矢,牧原 大成,中村 晃,今宮 健太,上林 誠知,甲斐 拓也
ソフトバンク,4月14日(金),周東 佑京,近藤 健介,柳田 悠岐,栗原 陵矢,牧原 大成,中村 晃,今宮 健太,上林 誠知,甲斐 拓也
ソフトバンク,4月16日(日),周東 佑京,近藤 健介,柳田 悠岐,栗原 陵矢,牧原 大成,中村 晃,今宮 健太,上林 誠知,甲斐 拓也
ソフトバンク,4月18日(火),周東 佑京,近藤 健介,柳田 悠岐,栗原 陵矢,牧原 大成,中村 晃,今宮 健太,上林 誠知,甲斐 拓也
ソフトバンク,4月19日(水),周東 佑京,近藤 健介,柳田 悠岐,栗原 陵矢,牧原 大成,今宮 健太,中村 晃,増田 珠,甲斐 拓也
ソフトバンク,4月21日(金),中村 晃,近藤 健介,柳田 悠岐,栗原 陵矢,牧原 大成,今宮 健太,上林 誠知,増田 珠,甲斐 拓也
ソフトバンク,4月22日(土),中村 晃,増田 珠,近藤 健介,柳田 悠岐,栗原 陵矢,牧原 大成,今宮 健太,周東 佑京,甲斐 拓也
ソフトバンク,4月23日(日),中村 晃,近藤 健介,柳田 悠岐,栗原 陵矢,牧原 大成,柳町 達,今宮 健太,ガルビス,甲斐 拓也
ソフトバンク,4月26日(水),三森 大貴,増田 珠,近藤 健介,柳田 悠岐,栗原 陵矢,牧原 大成,中村 晃,今宮 健太,甲斐 拓也
ソフトバンク,4月27日(木),三森 大貴,中村 晃,近藤 健介,柳田 悠岐,栗原 陵矢,牧原 大成,増田 珠,今宮 健太,甲斐 拓也
ソフトバンク,4月28日(金),三森 大貴,佐藤 直樹,近藤 健介,柳田 悠岐,栗原 陵矢,リチャード,中村 晃,今宮 健太,甲斐 拓也
ソフトバンク,4月29日(土),三森 大貴,周東 佑京,近藤 健介,柳田 悠岐,栗原 陵矢,中村 晃,今宮 健太,柳町 達,甲斐 拓也
ソフトバンク,4月30日(日),佐藤 直樹,三森 大貴,近藤 健介,柳田 悠岐,栗原 陵矢,増田 珠,中村 晃,今宮 健太,甲斐 拓也
ソフトバンク,5月2日(火),佐藤 直樹,近藤 健介,柳田 悠岐,栗原 陵矢,リチャード,中村 晃,今宮 健太,嶺井 博希,三森 大貴
ソフトバンク,5月3日(水),中村 晃,今宮 健太,近藤 健介,柳田 悠岐,栗原 陵矢,アストゥディーヨ,柳町 達,嶺井 博希,ガルビス
ソフトバンク,5月4日(木),中村 晃,柳町 達,近藤 健介,柳田 悠岐,栗原 陵矢,アストゥディーヨ,今宮 健太,ガルビス,甲斐 拓也
ソフトバンク,5月5日(金),中村 晃,柳町 達,近藤 健介,柳田 悠岐,栗原 陵矢,アストゥディーヨ,川瀬 晃,ガルビス,甲斐 拓也
ソフトバンク,5月6日(土),中村 晃,佐藤 直樹,近藤 健介,柳田 悠岐,栗原 陵矢,今宮 健太,アストゥディーヨ,甲斐 拓也,ガルビス
ソフトバンク,5月9日(火),中村 晃,川瀬 晃,近藤 健介,柳田 悠岐,栗原 陵矢,柳町 達,今宮 健太,周東 佑京,甲斐 拓也
ソフトバンク,5月10日(水),中村 晃,川瀬 晃,近藤 健介,柳田 悠岐,栗原 陵矢,柳町 達,今宮 健太,周東 佑京,甲斐 拓也
ソフトバンク,5月11日(木),周東 佑京,川瀬 晃,近藤 健介,柳田 悠岐,中村 晃,栗原 陵矢,柳町 達,今宮 健太,甲斐 拓也
ソフトバンク,5月12日(金),周東 佑京,佐藤 直樹,近藤 健介,柳田 悠岐,中村 晃,栗原 陵矢,今宮 健太,三森 大貴,甲斐 拓也
ソフトバンク,5月13日(土),中村 晃,柳町 達,近藤 健介,柳田 悠岐,栗原 陵矢,アストゥディーヨ,今宮 健太,ガルビス,嶺井 博希
ソフトバンク,5月14日(日),中村 晃,三森 大貴,近藤 健介,柳田 悠岐,栗原 陵矢,柳町 達,今宮 健太,周東 佑京,甲斐 拓也
ソフトバンク,5月16日(火),中村 晃,周東 佑京,近藤 健介,柳田 悠岐,アストゥディーヨ,栗原 陵矢,今宮 健太,三森 大貴,甲斐 拓也
ソフトバンク,5月17日(水),中村 晃,今宮 健太,近藤 健介,柳田 悠岐,栗原 陵矢,柳町 達,野村 大樹,川瀬 晃,甲斐 拓也
ソフトバンク,5月19日(金),中村 晃,今宮 健太,近藤 健介,柳田 悠岐,柳町 達,栗原 陵矢,野村 大樹,川瀬 晃,甲斐 拓也
ソフトバンク,5月20日(土),中村 晃,今宮 健太,近藤 健介,柳田 悠岐,柳町 達,栗原 陵矢,野村 大樹,川瀬 晃,甲斐 拓也
ソフトバンク,5月21日(日),中村 晃,今宮 健太,近藤 健介,柳田 悠岐,栗原 陵矢,野村 大樹,柳町 達,川瀬 晃,甲斐 拓也
ソフトバンク,5月23日(火),中村 晃,今宮 健太,近藤 健介,柳田 悠岐,栗原 陵矢,野村 大樹,柳町 達,川瀬 晃,甲斐 拓也
ソフトバンク,5月24日(水),中村 晃,周東 佑京,近藤 健介,柳田 悠岐,柳町 達,栗原 陵矢,今宮 健太,川瀬 晃,甲斐 拓也
ソフトバンク,5月25日(木),中村 晃,今宮 健太,近藤 健介,柳田 悠岐,栗原 陵矢,野村 大樹,柳町 達,嶺井 博希,川瀬 晃
ソフトバンク,5月27日(土),中村 晃,周東 佑京,近藤 健介,柳田 悠岐,栗原 陵矢,牧原 大成,柳町 達,川瀬 晃,甲斐 拓也
ソフトバンク,5月28日(日),中村 晃,牧原 大成,近藤 健介,柳田 悠岐,栗原 陵矢,柳町 達,川瀬 晃,ガルビス,甲斐 拓也
ソフトバンク,5月30日(火),中村 晃,牧原 大成,近藤 健介,柳田 悠岐,栗原 陵矢,柳町 達,川瀬 晃,周東 佑京,甲斐 拓也
ソフトバンク,5月31日(水),中村 晃,牧原 大成,近藤 健介,柳田 悠岐,栗原 陵矢,柳町 達,川瀬 晃,周東 佑京,甲斐 拓也
ソフトバンク,6月1日(木),中村 晃,牧原 大成,近藤 健介,柳田 悠岐,栗原 陵矢,柳町 達,川瀬 晃,甲斐 拓也,周東 佑京
ソフトバンク,6月2日(金),中村 晃,増田 珠,近藤 健介,柳田 悠岐,牧原 大成,栗原 陵矢,甲斐 拓也,川瀬 晃,和田 毅
ソフトバンク,6月3日(土),中村 晃,牧原 大成,近藤 健介,柳田 悠岐,栗原 陵矢,柳町 達,川瀬 晃,甲斐 拓也,石川 柊太
ソフトバンク,6月4日(日),中村 晃,牧原 大成,近藤 健介,柳田 悠岐,柳町 達,栗原 陵矢,川瀬 晃,甲斐 拓也,藤井 皓哉
ソフトバンク,6月6日(火),中村 晃,今宮 健太,近藤 健介,柳田 悠岐,牧原 大成,栗原 陵矢,正木 智也,柳町 達,甲斐 拓也
ソフトバンク,6月7日(水),中村 晃,今宮 健太,近藤 健介,柳田 悠岐,牧原 大成,野村 大樹,栗原 陵矢,正木 智也,甲斐 拓也
ソフトバンク,6月8日(木),中村 晃,今宮 健太,近藤 健介,柳田 悠岐,牧原 大成,野村 大樹,栗原 陵矢,正木 智也,甲斐 拓也
ソフトバンク,6月9日(金),中村 晃,今宮 健太,近藤 健介,柳田 悠岐,牧原 大成,栗原 陵矢,野村 勇,甲斐 拓也,周東 佑京
ソフトバンク,6月10日(土),中村 晃,今宮 健太,近藤 健介,柳田 悠岐,牧原 大成,栗原 陵矢,柳町 達,甲斐 拓也,周東 佑京
ソフトバンク,6月11日(日),中村 晃,牧原 大成,近藤 健介,柳田 悠岐,柳町 達,栗原 陵矢,野村 勇,三森 大貴,甲斐 拓也
ソフトバンク,6月13日(火),中村 晃,今宮 健太,近藤 健介,柳田 悠岐,牧原 大成,柳町 達,栗原 陵矢,甲斐 拓也,有原 航平
ソフトバンク,6月14日(水),中村 晃,今宮 健太,近藤 健介,柳田 悠岐,牧原 大成,正木 智也,栗原 陵矢,甲斐 拓也,東浜 巨
ソフトバンク,6月15日(木),中村 晃,今宮 健太,牧原 大成,柳田 悠岐,栗原 陵矢,柳町 達,上林 誠知,甲斐 拓也,板東 湧梧
ソフトバンク,6月16日(金),中村 晃,今宮 健太,近藤 健介,柳田 悠岐,牧原 大成,柳町 達,栗原 陵矢,甲斐 拓也,和田 毅
ソフトバンク,6月17日(土),中村 晃,今宮 健太,近藤 健介,柳田 悠岐,牧原 大成,栗原 陵矢,柳町 達,甲斐 拓也,石川 柊太
ソフトバンク,6月18日(日),中村 晃,牧原 大成,近藤 健介,柳田 悠岐,栗原 陵矢,柳町 達,今宮 健太,甲斐 拓也,スチュワート・ジュニア
ソフトバンク,6月23日(金),中村 晃,牧原 大成,近藤 健介,柳田 悠岐,栗原 陵矢,柳町 達,今宮 健太,上林 誠知,甲斐 拓也
ソフトバンク,6月24日(土),中村 晃,牧原 大成,近藤 健介,柳田 悠岐,栗原 陵矢,柳町 達,今宮 健太,三森 大貴,甲斐 拓也
ソフトバンク,6月25日(日),中村 晃,今宮 健太,近藤 健介,柳田 悠岐,牧原 大成,栗原 陵矢,野村 勇,柳町 達,甲斐 拓也
ソフトバンク,6月26日(月),中村 晃,牧原 大成,近藤 健介,柳田 悠岐,栗原 陵矢,柳町 達,今宮 健太,三森 大貴,甲斐 拓也
ソフトバンク,6月28日(水),中村 晃,牧原 大成,近藤 健介,柳田 悠岐,栗原 陵矢,柳町 達,今宮 健太,川瀬 晃,甲斐 拓也
ソフトバンク,6月29日(木),中村 晃,牧原 大成,近藤 健介,柳田 悠岐,柳町 達,栗原 陵矢,今宮 健太,上林 誠知,甲斐 拓也
ソフトバンク,6月30日(金),中村 晃,牧原 大成,近藤 健介,柳田 悠岐,柳町 達,栗原 陵矢,今宮 健太,三森 大貴,甲斐 拓也
ソフトバンク,7月1日(土),中村 晃,牧原 大成,近藤 健介,柳田 悠岐,柳町 達,栗原 陵矢,今宮 健太,三森 大貴,甲斐 拓也
ソフトバンク,7月2日(日),中村 晃,今宮 健太,近藤 健介,柳田 悠岐,牧原 大成,柳町 達,栗原 陵矢,野村 勇,嶺井 博希
ソフトバンク,7月4日(火),中村 晃,牧原 大成,近藤 健介,柳田 悠岐,柳町 達,栗原 陵矢,今宮 健太,三森 大貴,甲斐 拓也
ソフトバンク,7月5日(水),中村 晃,三森 大貴,近藤 健介,柳田 悠岐,牧原 大成,栗原 陵矢,上林 誠知,川瀬 晃,甲斐 拓也
ソフトバンク,7月6日(木),中村 晃,野村 勇,近藤 健介,柳田 悠岐,デスパイネ,牧原 大成,栗原 陵矢,今宮 健太,甲斐 拓也
ソフトバンク,7月7日(金),中村 晃,三森 大貴,近藤 健介,柳田 悠岐,牧原 大成,柳町 達,栗原 陵矢,今宮 健太,甲斐 拓也
ソフトバンク,7月8日(土),中村 晃,野村 勇,近藤 健介,柳田 悠岐,デスパイネ,牧原 大成,栗原 陵矢,今宮 健太,甲斐 拓也
ソフトバンク,7月9日(日),中村 晃,野村 勇,近藤 健介,柳田 悠岐,デスパイネ,牧原 大成,栗原 陵矢,川瀬 晃,甲斐 拓也
ソフトバンク,7月10日(月),中村 晃,野村 勇,近藤 健介,柳田 悠岐,牧原 大成,デスパイネ,栗原 陵矢,三森 大貴,甲斐 拓也
ソフトバンク,7月12日(水),中村 晃,川瀬 晃,近藤 健介,柳田 悠岐,牧原 大成,柳町 達,栗原 陵矢,今宮 健太,甲斐 拓也
ソフトバンク,7月13日(木),中村 晃,牧原 大成,近藤 健介,柳田 悠岐,栗原 陵矢,デスパイネ,柳町 達,川瀬 晃,甲斐 拓也
ソフトバンク,7月15日(土),中村 晃,牧原 大成,近藤 健介,柳田 悠岐,栗原 陵矢,デスパイネ,三森 大貴,今宮 健太,甲斐 拓也
ソフトバンク,7月16日(日),中村 晃,野村 勇,近藤 健介,柳田 悠岐,デスパイネ,栗原 陵矢,牧原 大成,今宮 健太,甲斐 拓也
ソフトバンク,7月17日(月),三森 大貴,周東 佑京,近藤 健介,柳田 悠岐,中村 晃,牧原 大成,栗原 陵矢,川瀬 晃,甲斐 拓也
ソフトバンク,7月22日(土),中村 晃,三森 大貴,近藤 健介,柳田 悠岐,牧原 大成,栗原 陵矢,生海,今宮 健太,甲斐 拓也
ソフトバンク,7月23日(日),野村 勇,近藤 健介,柳田 悠岐,中村 晃,アストゥディーヨ,栗原 陵矢,牧原 大成,三森 大貴,甲斐 拓也
ソフトバンク,7月24日(月),牧原 大成,近藤 健介,柳田 悠岐,中村 晃,栗原 陵矢,アストゥディーヨ,三森 大貴,川瀬 晃,甲斐 拓也
ソフトバンク,7月25日(火),牧原 大成,川瀬 晃,近藤 健介,柳田 悠岐,中村 晃,三森 大貴,栗原 陵矢,柳町 達,甲斐 拓也
ソフトバンク,7月26日(水),牧原 大成,今宮 健太,近藤 健介,柳田 悠岐,中村 晃,栗原 陵矢,増田 珠,三森 大貴,甲斐 拓也
ソフトバンク,7月28日(金),中村 晃,三森 大貴,近藤 健介,柳田 悠岐,牧原 大成,栗原 陵矢,柳町 達,今宮 健太,甲斐 拓也
ソフトバンク,7月29日(土),中村 晃,牧原 大成,近藤 健介,柳田 悠岐,柳町 達,栗原 陵矢,三森 大貴,今宮 健太,谷川原 健太
ソフトバンク,7月30日(日),牧原 大成,三森 大貴,近藤 健介,柳田 悠岐,アストゥディーヨ,中村 晃,リチャード,今宮 健太,甲斐 拓也
ソフトバンク,8月1日(火),牧原 大成,周東 佑京,近藤 健介,柳田 悠岐,中村 晃,柳町 達,今宮 健太,三森 大貴,甲斐 拓也
ソフトバンク,8月2日(水),牧原 大成,川瀬 晃,柳田 悠岐,近藤 健介,中村 晃,今宮 健太,リチャード,周東 佑京,甲斐 拓也
ソフトバンク,8月4日(金),三森 大貴,柳町 達,柳田 悠岐,近藤 健介,中村 晃,牧原 大成,リチャード,今宮 健太,甲斐 拓也
ソフトバンク,8月5日(土),三森 大貴,柳町 達,牧原 大成,柳田 悠岐,近藤 健介,中村 晃,今宮 健太,リチャード,谷川原 健太
ソフトバンク,8月6日(日),三森 大貴,柳町 達,牧原 大成,柳田 悠岐,近藤 健介,中村 晃,今宮 健太,リチャード,甲斐 拓也
ソフトバンク,8月8日(火),三森 大貴,今宮 健太,柳田 悠岐,近藤 健介,中村 晃,牧原 大成,リチャード,柳町 達,甲斐 拓也
ソフトバンク,8月10日(木),三森 大貴,牧原 大成,柳田 悠岐,近藤 健介,柳町 達,リチャード,中村 晃,今宮 健太,甲斐 拓也
ソフトバンク,8月11日(金),三森 大貴,牧原 大成,柳田 悠岐,近藤 健介,柳町 達,リチャード,中村 晃,今宮 健太,甲斐 拓也
ソフトバンク,8月12日(土),三森 大貴,牧原 大成,柳田 悠岐,近藤 健介,柳町 達,リチャード,中村 晃,今宮 健太,甲斐 拓也
ソフトバンク,8月13日(日),三森 大貴,増田 珠,柳田 悠岐,近藤 健介,牧原 大成,リチャード,中村 晃,今宮 健太,甲斐 拓也
ソフトバンク,8月16日(水),三森 大貴,牧原 大成,柳田 悠岐,近藤 健介,中村 晃,柳町 達,今宮 健太,栗原 陵矢,甲斐 拓也
ソフトバンク,8月17日(木),三森 大貴,今宮 健太,柳田 悠岐,近藤 健介,デスパイネ,牧原 大成,野村 大樹,栗原 陵矢,甲斐 拓也
ソフトバンク,8月18日(金),三森 大貴,牧原 大成,柳田 悠岐,近藤 健介,中村 晃,栗原 陵矢,柳町 達,今宮 健太,甲斐 拓也
ソフトバンク,8月19日(土),三森 大貴,牧原 大成,柳田 悠岐,近藤 健介,栗原 陵矢,柳町 達,中村 晃,今宮 健太,谷川原 健太
ソフトバンク,8月20日(日),三森 大貴,中村 晃,柳田 悠岐,近藤 健介,柳町 達,栗原 陵矢,牧原 大成,今宮 健太,甲斐 拓也
ソフトバンク,8月22日(火),三森 大貴,今宮 健太,柳田 悠岐,近藤 健介,デスパイネ,中村 晃,栗原 陵矢,柳町 達,甲斐 拓也
ソフトバンク,8月23日(水),三森 大貴,牧原 大成,柳田 悠岐,近藤 健介,柳町 達,中村 晃,栗原 陵矢,今宮 健太,甲斐 拓也
ソフトバンク,8月24日(木),三森 大貴,牧原 大成,柳田 悠岐,近藤 健介,中村 晃,柳町 達,今宮 健太,リチャード,甲斐 拓也
ソフトバンク,8月25日(金),三森 大貴,周東 佑京,柳田 悠岐,近藤 健介,中村 晃,柳町 達,牧原 大成,今宮 健太,甲斐 拓也
ソフトバンク,8月26日(土),三森 大貴,牧原 大成,柳田 悠岐,近藤 健介,柳町 達,中村 晃,今宮 健太,リチャード,谷川原 健太
ソフトバンク,8月27日(日),三森 大貴,中村 晃,柳田 悠岐,近藤 健介,柳町 達,牧原 大成,今宮 健太,リチャード,甲斐 拓也
ソフトバンク,8月29日(火),生海,野村 勇,柳田 悠岐,近藤 健介,中村 晃,牧原 大成,三森 大貴,今宮 健太,甲斐 拓也
ソフトバンク,8月30日(水),野村 勇,増田 珠,柳田 悠岐,近藤 健介,牧原 大成,今宮 健太,ホーキンス,三森 大貴,甲斐 拓也
ソフトバンク,8月31日(木),今宮 健太,野村 勇,柳田 悠岐,近藤 健介,中村 晃,増田 珠,ホーキンス,三森 大貴,甲斐 拓也
ソフトバンク,9月1日(金),三森 大貴,今宮 健太,柳田 悠岐,近藤 健介,中村 晃,柳町 達,上林 誠知,野村 勇,甲斐 拓也
ソフトバンク,9月2日(土),三森 大貴,今宮 健太,柳田 悠岐,近藤 健介,中村 晃,柳町 達,上林 誠知,野村 勇,甲斐 拓也
ソフトバンク,9月3日(日),三森 大貴,周東 佑京,柳田 悠岐,近藤 健介,中村 晃,今宮 健太,柳町 達,野村 勇,甲斐 拓也
ソフトバンク,9月5日(火),三森 大貴,増田 珠,柳田 悠岐,近藤 健介,中村 晃,今宮 健太,ホーキンス,野村 勇,甲斐 拓也
ソフトバンク,9月6日(水),周東 佑京,三森 大貴,柳田 悠岐,近藤 健介,柳町 達,今宮 健太,生海,井上 朋也,甲斐 拓也
ソフトバンク,9月7日(木),周東 佑京,増田 珠,柳田 悠岐,近藤 健介,中村 晃,今宮 健太,井上 朋也,三森 大貴,嶺井 博希
ソフトバンク,9月8日(金),周東 佑京,三森 大貴,柳田 悠岐,近藤 健介,中村 晃,今宮 健太,柳町 達,井上 朋也,甲斐 拓也
ソフトバンク,9月9日(土),周東 佑京,三森 大貴,柳田 悠岐,近藤 健介,中村 晃,今宮 健太,柳町 達,井上 朋也,甲斐 拓也
ソフトバンク,9月10日(日),周東 佑京,三森 大貴,柳田 悠岐,近藤 健介,中村 晃,柳町 達,今宮 健太,上林 誠知,甲斐 拓也
ソフトバンク,9月12日(火),周東 佑京,三森 大貴,柳田 悠岐,近藤 健介,中村 晃,今宮 健太,柳町 達,井上 朋也,甲斐 拓也
ソフトバンク,9月13日(水),周東 佑京,三森 大貴,柳田 悠岐,近藤 健介,中村 晃,今宮 健太,柳町 達,井上 朋也,甲斐 拓也
ソフトバンク,9月14日(木),周東 佑京,三森 大貴,柳田 悠岐,近藤 健介,中村 晃,今宮 健太,柳町 達,野村 勇,甲斐 拓也
ソフトバンク,9月16日(土),周東 佑京,増田 珠,柳田 悠岐,近藤 健介,柳町 達,野村 勇,嶺井 博希,井上 朋也,川瀬 晃
ソフトバンク,9月17日(日),周東 佑京,野村 大樹,柳田 悠岐,近藤 健介,柳町 達,増田 珠,甲斐 拓也,リチャード,川瀬 晃
ソフトバンク,9月18日(月),周東 佑京,川瀬 晃,柳田 悠岐,近藤 健介,柳町 達,野村 大樹,上林 誠知,野村 勇,甲斐 拓也
ソフトバンク,9月19日(火),周東 佑京,川瀬 晃,柳田 悠岐,近藤 健介,柳町 達,野村 大樹,増田 珠,甲斐 拓也,野村 勇
ソフトバンク,9月20日(水),周東 佑京,野村 大樹,柳田 悠岐,近藤 健介,柳町 達,デスパイネ,川瀬 晃,井上 朋也,嶺井 博希
ソフトバンク,9月21日(木),周東 佑京,川瀬 晃,柳田 悠岐,近藤 健介,柳町 達,今宮 健太,三森 大貴,野村 大樹,甲斐 拓也
ソフトバンク,9月23日(土),周東 佑京,今宮 健太,柳田 悠岐,近藤 健介,野村 大樹,柳町 達,井上 朋也,三森 大貴,甲斐 拓也
ソフトバンク,9月24日(日),周東 佑京,川瀬 晃,柳田 悠岐,近藤 健介,中村 晃,今宮 健太,柳町 達,三森 大貴,甲斐 拓也
ソフトバンク,9月25日(月),周東 佑京,野村 大樹,柳田 悠岐,近藤 健介,中村 晃,今宮 健太,井上 朋也,三森 大貴,甲斐 拓也
ソフトバンク,9月27日(水),周東 佑京,野村 大樹,柳田 悠岐,近藤 健介,中村 晃,今宮 健太,井上 朋也,三森 大貴,甲斐 拓也
ソフトバンク,9月29日(金),周東 佑京,川瀬 晃,柳田 悠岐,近藤 健介,中村 晃,柳町 達,今宮 健太,三森 大貴,甲斐 拓也
ソフトバンク,9月30日(土),三森 大貴,川瀬 晃,柳田 悠岐,近藤 健介,中村 晃,今宮 健太,柳町 達,上林 誠知,甲斐 拓也
ソフトバンク,10月1日(日),三森 大貴,今宮 健太,柳田 悠岐,近藤 健介,中村 晃,柳町 達,井上 朋也,上林 誠知,嶺井 博希
ソフトバンク,10月2日(月),周東 佑京,川瀬 晃,柳田 悠岐,近藤 健介,中村 晃,今宮 健太,柳町 達,三森 大貴,甲斐 拓也
ソフトバンク,10月3日(火),周東 佑京,川瀬 晃,柳田 悠岐,近藤 健介,中村 晃,柳町 達,今宮 健太,三森 大貴,甲斐 拓也
ソフトバンク,10月7日(土),周東 佑京,川瀬 晃,柳田 悠岐,近藤 健介,中村 晃,柳町 達,今宮 健太,三森 大貴,甲斐 拓也
ソフトバンク,10月9日(月),周東 佑京,今宮 健太,柳田 悠岐,近藤 健介,中村 晃,柳町 達,井上 朋也,川瀬 晃,甲斐 拓也
日本ハム,3月30日(木),松本 剛,上川畑 大悟,石井 一成,野村 佑希,清宮 幸太郎,マルティネス,万波 中正,宇佐見 真吾,五十幡 亮汰
日本ハム,4月1日(土),矢澤 宏太,石井 一成,松本 剛,野村 佑希,清宮 幸太郎,マルティネス,上川畑 大悟,清水 優心,五十幡 亮汰
日本ハム,4月2日(日),矢澤 宏太,石井 一成,松本 剛,野村 佑希,清宮 幸太郎,マルティネス,上川畑 大悟,伏見 寅威,五十幡 亮汰
日本ハム,4月4日(火),五十幡 亮汰,矢澤 宏太,松本 剛,野村 佑希,清宮 幸太郎,マルティネス,石井 一成,伏見 寅威,上川畑 大悟
日本ハム,4月5日(水),五十幡 亮汰,石井 一成,松本 剛,野村 佑希,清宮 幸太郎,マルティネス,上川畑 大悟,宇佐見 真吾,江越 大賀
日本ハム,4月6日(木),五十幡 亮汰,万波 中正,松本 剛,野村 佑希,清宮 幸太郎,マルティネス,上川畑 大悟,宇佐見 真吾,石井 一成
日本ハム,4月7日(金),万波 中正,今川 優馬,松本 剛,野村 佑希,清宮 幸太郎,上川畑 大悟,谷内 亮太,伏見 寅威,江越 大賀
日本ハム,4月8日(土),矢澤 宏太,松本 剛,清宮 幸太郎,野村 佑希,万波 中正,上川畑 大悟,谷内 亮太,伏見 寅威,五十幡 亮汰
日本ハム,4月9日(日),矢澤 宏太,松本 剛,清宮 幸太郎,野村 佑希,万波 中正,上川畑 大悟,マルティネス,伏見 寅威,石井 一成
日本ハム,4月11日(火),矢澤 宏太,松本 剛,清宮 幸太郎,野村 佑希,万波 中正,上川畑 大悟,福田 光輝,宇佐見 真吾,五十幡 亮汰
日本ハム,4月12日(水),矢澤 宏太,松本 剛,清宮 幸太郎,野村 佑希,万波 中正,上川畑 大悟,奈良間 大己,五十幡 亮汰,伏見 寅威
日本ハム,4月14日(金),松本 剛,今川 優馬,清宮 幸太郎,野村 佑希,万波 中正,上川畑 大悟,水野 達稀,伏見 寅威,五十幡 亮汰
日本ハム,4月15日(土),松本 剛,今川 優馬,清宮 幸太郎,野村 佑希,万波 中正,上川畑 大悟,水野 達稀,清水 優心,五十幡 亮汰
日本ハム,4月16日(日),松本 剛,水野 達稀,清宮 幸太郎,野村 佑希,万波 中正,マルティネス,上川畑 大悟,伏見 寅威,江越 大賀
日本ハム,4月18日(火),松本 剛,五十幡 亮汰,清宮 幸太郎,野村 佑希,万波 中正,マルティネス,上川畑 大悟,伏見 寅威,奈良間 大己
日本ハム,4月19日(水),五十幡 亮汰,松本 剛,清宮 幸太郎,野村 佑希,万波 中正,マルティネス,谷内 亮太,宇佐見 真吾,水野 達稀
日本ハム,4月20日(木),今川 優馬,松本 剛,清宮 幸太郎,野村 佑希,万波 中正,谷内 亮太,奈良間 大己,伏見 寅威,矢澤 宏太
日本ハム,4月21日(金),松本 剛,谷内 亮太,アルカンタラ,野村 佑希,万波 中正,上川畑 大悟,奈良間 大己,伏見 寅威,矢澤 宏太
日本ハム,4月22日(土),矢澤 宏太,アルカンタラ,松本 剛,野村 佑希,万波 中正,マルティネス,上川畑 大悟,伏見 寅威,奈良間 大己
日本ハム,4月23日(日),松本 剛,上川畑 大悟,アルカンタラ,野村 佑希,万波 中正,今川 優馬,マルティネス,清水 優心,江越 大賀
日本ハム,4月25日(火),奈良間 大己,今川 優馬,松本 剛,野村 佑希,万波 中正,上川畑 大悟,アルカンタラ,伏見 寅威,江越 大賀
日本ハム,4月26日(水),今川 優馬,奈良間 大己,松本 剛,万波 中正,アルカンタラ,マルティネス,上川畑 大悟,伏見 寅威,江越 大賀
日本ハム,4月28日(金),アルカンタラ,五十幡 亮汰,松本 剛,野村 佑希,万波 中正,マルティネス,上川畑 大悟,伏見 寅威,細川 凌平
日本ハム,4月29日(土),野村 佑希,松本 剛,アルカンタラ,万波 中正,今川 優馬,上川畑 大悟,清水 優心,矢澤 宏太,五十幡 亮汰
日本ハム,4月30日(日),アルカンタラ,松本 剛,万波 中正,野村 佑希,マルティネス,上川畑 大悟,谷内 亮太,矢澤 宏太,五十幡 亮汰
日本ハム,5月2日(火),アルカンタラ,谷内 亮太,松本 剛,野村 佑希,万波 中正,上川畑 大悟,伏見 寅威,五十幡 亮汰,江越 大賀
日本ハム,5月3日(水),松本 剛,谷内 亮太,万波 中正,野村 佑希,上川畑 大悟,アルカンタラ,伏見 寅威,五十幡 亮汰,矢澤 宏太
日本ハム,5月4日(木),矢澤 宏太,五十幡 亮汰,松本 剛,野村 佑希,万波 中正,マルティネス,上川畑 大悟,谷内 亮太,江越 大賀
日本ハム,5月5日(金),五十幡 亮汰,アルカンタラ,松本 剛,野村 佑希,万波 中正,マルティネス,上川畑 大悟,伏見 寅威,矢澤 宏太
日本ハム,5月6日(土),細川 凌平,五十幡 亮汰,松本 剛,野村 佑希,万波 中正,アルカンタラ,清水 優心,奈良間 大己,江越 大賀
日本ハム,5月7日(日),矢澤 宏太,谷内 亮太,松本 剛,野村 佑希,万波 中正,マルティネス,福田 光輝,上川畑 大悟,江越 大賀
日本ハム,5月9日(火),奈良間 大己,アルカンタラ,マルティネス,野村 佑希,万波 中正,谷内 亮太,伏見 寅威,上川畑 大悟,江越 大賀
日本ハム,5月10日(水),矢澤 宏太,上川畑 大悟,万波 中正,野村 佑希,福田 光輝,マルティネス,アルカンタラ,江越 大賀,伏見 寅威
日本ハム,5月11日(木),矢澤 宏太,福田 光輝,谷内 亮太,野村 佑希,アルカンタラ,マルティネス,万波 中正,江越 大賀,水野 達稀
日本ハム,5月13日(土),万波 中正,アルカンタラ,松本 剛,野村 佑希,マルティネス,福田 光輝,上川畑 大悟,江越 大賀,伏見 寅威
日本ハム,5月14日(日),矢澤 宏太,アルカンタラ,松本 剛,野村 佑希,マルティネス,福田 光輝,万波 中正,上川畑 大悟,伏見 寅威
日本ハム,5月16日(火),矢澤 宏太,マルティネス,松本 剛,野村 佑希,谷内 亮太,上川畑 大悟,ハンソン,江越 大賀,伏見 寅威
日本ハム,5月17日(水),松本 剛,中島 卓也,野村 佑希,マルティネス,万波 中正,谷内 亮太,江越 大賀,清水 優心,アルカンタラ
日本ハム,5月18日(木),矢澤 宏太,水野 達稀,松本 剛,マルティネス,野村 佑希,上川畑 大悟,万波 中正,江越 大賀,伏見 寅威
日本ハム,5月19日(金),野村 佑希,万波 中正,水野 達稀,松本 剛,マルティネス,谷内 亮太,伏見 寅威,江越 大賀,上川畑 大悟
日本ハム,5月20日(土),野村 佑希,中島 卓也,松本 剛,マルティネス,万波 中正,アルカンタラ,上川畑 大悟,矢澤 宏太,細川 凌平
日本ハム,5月21日(日),野村 佑希,中島 卓也,松本 剛,ハンソン,万波 中正,福田 光輝,伏見 寅威,細川 凌平,江越 大賀
日本ハム,5月23日(火),野村 佑希,矢澤 宏太,松本 剛,万波 中正,福田 光輝,マルティネス,上川畑 大悟,江越 大賀,谷内 亮太
日本ハム,5月24日(水),アルカンタラ,ハンソン,松本 剛,野村 佑希,万波 中正,マルティネス,清水 優心,上川畑 大悟,江越 大賀
日本ハム,5月25日(木),ハンソン,マルティネス,松本 剛,野村 佑希,万波 中正,加藤 豪将,アルカンタラ,伏見 寅威,水野 達稀
日本ハム,5月26日(金),水野 達稀,松本 剛,マルティネス,野村 佑希,万波 中正,加藤 豪将,伏見 寅威,江越 大賀,矢澤 宏太
日本ハム,5月27日(土),ハンソン,マルティネス,松本 剛,野村 佑希,万波 中正,水野 達稀,清水 優心,アルカンタラ,福田 光輝
日本ハム,5月28日(日),加藤 豪将,福田 光輝,松本 剛,野村 佑希,万波 中正,上川畑 大悟,伏見 寅威,谷内 亮太,江越 大賀
日本ハム,5月30日(火),松本 剛,細川 凌平,マルティネス,万波 中正,ハンソン,野村 佑希,アルカンタラ,谷内 亮太,水野 達稀
日本ハム,5月31日(水),松本 剛,細川 凌平,マルティネス,万波 中正,加藤 豪将,野村 佑希,福田 光輝,清水 優心,水野 達稀
日本ハム,6月1日(木),矢澤 宏太,松本 剛,ハンソン,万波 中正,加藤 豪将,野村 佑希,福田 光輝,伏見 寅威,上川畑 大悟
日本ハム,6月2日(金),松本 剛,細川 凌平,加藤 豪将,万波 中正,マルティネス,野村 佑希,アルカンタラ,上川畑 大悟,鈴木 健矢
日本ハム,6月3日(土),松本 剛,江越 大賀,加藤 豪将,万波 中正,マルティネス,アルカンタラ,伏見 寅威,上川畑 大悟,伊藤 大海
日本ハム,6月4日(日),松本 剛,上川畑 大悟,加藤 豪将,万波 中正,マルティネス,野村 佑希,福田 光輝,北山 亘基,細川 凌平
日本ハム,6月6日(火),細川 凌平,松本 剛,加藤 豪将,万波 中正,マルティネス,野村 佑希,福田 光輝,郡 拓也,上川畑 大悟
日本ハム,6月7日(水),ハンソン,加藤 豪将,松本 剛,万波 中正,野村 佑希,水野 達稀,アルカンタラ,伏見 寅威,江越 大賀
日本ハム,6月8日(木),ハンソン,加藤 豪将,松本 剛,万波 中正,マルティネス,野村 佑希,上川畑 大悟,清水 優心,細川 凌平
日本ハム,6月9日(金),江越 大賀,ハンソン,加藤 豪将,万波 中正,松本 剛,マルティネス,野村 佑希,奈良間 大己,伏見 寅威
日本ハム,6月10日(土),江越 大賀,マルティネス,加藤 豪将,万波 中正,松本 剛,野村 佑希,上川畑 大悟,伏見 寅威,奈良間 大己
日本ハム,6月11日(日),郡 拓也,細川 凌平,加藤 豪将,万波 中正,マルティネス,ハンソン,奈良間 大己,福田 光輝,アルカンタラ
日本ハム,6月13日(火),江越 大賀,マルティネス,加藤 豪将,万波 中正,松本 剛,上川畑 大悟,野村 佑希,上原 健太,郡 拓也
日本ハム,6月14日(水),アルカンタラ,清宮 幸太郎,加藤 豪将,万波 中正,松本 剛,マルティネス,野村 佑希,上川畑 大悟,加藤 貴之
日本ハム,6月16日(金),加藤 豪将,松本 剛,マルティネス,万波 中正,清宮 幸太郎,野村 佑希,上川畑 大悟,江越 大賀,上沢 直之
日本ハム,6月17日(土),加藤 豪将,松本 剛,上川畑 大悟,万波 中正,マルティネス,清宮 幸太郎,伏見 寅威,江越 大賀,伊藤 大海
日本ハム,6月18日(日),清宮 幸太郎,松本 剛,加藤 豪将,万波 中正,マルティネス,上川畑 大悟,石井 一成,北山 亘基,江越 大賀
日本ハム,6月19日(月),清宮 幸太郎,松本 剛,野村 佑希,万波 中正,マルティネス,ハンソン,谷内 亮太,細川 凌平,上原 健太
日本ハム,6月23日(金),石井 一成,松本 剛,清宮 幸太郎,万波 中正,マルティネス,野村 佑希,加藤 豪将,上川畑 大悟,江越 大賀
日本ハム,6月24日(土),石井 一成,松本 剛,清宮 幸太郎,万波 中正,野村 佑希,加藤 豪将,伏見 寅威,ハンソン,江越 大賀
日本ハム,6月25日(日),石井 一成,松本 剛,清宮 幸太郎,万波 中正,野村 佑希,マルティネス,上川畑 大悟,アルカンタラ,細川 凌平
日本ハム,6月27日(火),石井 一成,上川畑 大悟,野村 佑希,清宮 幸太郎,万波 中正,加藤 豪将,松本 剛,江越 大賀,伏見 寅威
日本ハム,6月28日(水),石井 一成,アルカンタラ,加藤 豪将,清宮 幸太郎,万波 中正,松本 剛,上川畑 大悟,梅林 優貴,江越 大賀
日本ハム,6月30日(金),石井 一成,郡司 裕也,淺間 大基,清宮 幸太郎,万波 中正,松本 剛,野村 佑希,上川畑 大悟,伏見 寅威
日本ハム,7月1日(土),淺間 大基,松本 剛,郡司 裕也,万波 中正,清宮 幸太郎,加藤 豪将,マルティネス,上川畑 大悟,石井 一成
日本ハム,7月2日(日),加藤 豪将,清宮 幸太郎,松本 剛,万波 中正,マルティネス,淺間 大基,郡司 裕也,上川畑 大悟,細川 凌平
日本ハム,7月4日(火),石井 一成,清宮 幸太郎,松本 剛,野村 佑希,万波 中正,淺間 大基,郡司 裕也,伏見 寅威,上川畑 大悟
日本ハム,7月5日(水),加藤 豪将,清宮 幸太郎,松本 剛,万波 中正,野村 佑希,郡司 裕也,淺間 大基,伏見 寅威,山田 遥楓
日本ハム,7月6日(木),石井 一成,清宮 幸太郎,松本 剛,マルティネス,万波 中正,野村 佑希,五十幡 亮汰,江越 大賀,上川畑 大悟
日本ハム,7月8日(土),石井 一成,清宮 幸太郎,松本 剛,万波 中正,マルティネス,淺間 大基,野村 佑希,細川 凌平,五十幡 亮汰
日本ハム,7月9日(日),五十幡 亮汰,松本 剛,郡司 裕也,清宮 幸太郎,万波 中正,マルティネス,加藤 豪将,山田 遥楓,江越 大賀
日本ハム,7月11日(火),郡司 裕也,五十幡 亮汰,松本 剛,清宮 幸太郎,万波 中正,淺間 大基,マルティネス,ハンソン,山田 遥楓
日本ハム,7月12日(水),加藤 豪将,五十幡 亮汰,松本 剛,清宮 幸太郎,万波 中正,マルティネス,上川畑 大悟,伏見 寅威,石井 一成
日本ハム,7月13日(木),清宮 幸太郎,万波 中正,マルティネス,野村 佑希,松本 剛,石井 一成,郡司 裕也,上川畑 大悟,五十幡 亮汰
日本ハム,7月15日(土),清宮 幸太郎,万波 中正,淺間 大基,今川 優馬,松本 剛,加藤 豪将,上川畑 大悟,伏見 寅威,石井 一成
日本ハム,7月16日(日),ハンソン,郡司 裕也,加藤 豪将,マルティネス,清宮 幸太郎,松本 剛,万波 中正,五十幡 亮汰,細川 凌平
日本ハム,7月17日(月),万波 中正,清宮 幸太郎,マルティネス,郡司 裕也,松本 剛,今川 優馬,石井 一成,山田 遥楓,江越 大賀
日本ハム,7月22日(土),五十幡 亮汰,松本 剛,清宮 幸太郎,万波 中正,マルティネス,上川畑 大悟,郡司 裕也,山田 遥楓,伏見 寅威
日本ハム,7月23日(日),五十幡 亮汰,松本 剛,清宮 幸太郎,万波 中正,マルティネス,石井 一成,伏見 寅威,上川畑 大悟,山田 遥楓
日本ハム,7月25日(火),五十幡 亮汰,松本 剛,清宮 幸太郎,万波 中正,マルティネス,ハンソン,加藤 豪将,伏見 寅威,細川 凌平
日本ハム,7月26日(水),加藤 豪将,松本 剛,清宮 幸太郎,万波 中正,マルティネス,ハンソン,今川 優馬,伏見 寅威,五十幡 亮汰
日本ハム,7月27日(木),加藤 豪将,松本 剛,清宮 幸太郎,万波 中正,マルティネス,ハンソン,郡司 裕也,伏見 寅威,淺間 大基
日本ハム,7月28日(金),加藤 豪将,松本 剛,清宮 幸太郎,万波 中正,マルティネス,ハンソン,郡司 裕也,伏見 寅威,五十幡 亮汰
日本ハム,7月29日(土),加藤 豪将,松本 剛,清宮 幸太郎,万波 中正,マルティネス,野村 佑希,奈良間 大己,伏見 寅威,五十幡 亮汰
日本ハム,7月30日(日),加藤 豪将,松本 剛,清宮 幸太郎,万波 中正,マルティネス,野村 佑希,上川畑 大悟,伏見 寅威,江越 大賀
日本ハム,8月1日(火),加藤 豪将,松本 剛,清宮 幸太郎,万波 中正,マルティネス,野村 佑希,ハンソン,伏見 寅威,五十幡 亮汰
日本ハム,8月2日(水),加藤 豪将,松本 剛,清宮 幸太郎,万波 中正,マルティネス,野村 佑希,奈良間 大己,伏見 寅威,五十幡 亮汰
日本ハム,8月3日(木),加藤 豪将,松本 剛,清宮 幸太郎,万波 中正,マルティネス,野村 佑希,奈良間 大己,伏見 寅威,五十幡 亮汰
日本ハム,8月4日(金),郡司 裕也,松本 剛,清宮 幸太郎,万波 中正,野村 佑希,上川畑 大悟,今川 優馬,奈良間 大己,伏見 寅威
日本ハム,8月5日(土),郡司 裕也,五十幡 亮汰,清宮 幸太郎,万波 中正,マルティネス,野村 佑希,上川畑 大悟,今川 優馬,奈良間 大己
日本ハム,8月6日(日),郡司 裕也,松本 剛,清宮 幸太郎,万波 中正,野村 佑希,加藤 豪将,奈良間 大己,伏見 寅威,五十幡 亮汰
日本ハム,8月8日(火),奈良間 大己,松本 剛,清宮 幸太郎,万波 中正,マルティネス,野村 佑希,上川畑 大悟,五十幡 亮汰,伏見 寅威
日本ハム,8月9日(水),矢澤 宏太,郡司 裕也,野村 佑希,清宮 幸太郎,マルティネス,万波 中正,松本 剛,奈良間 大己,山田 遥楓
日本ハム,8月10日(木),松本 剛,五十幡 亮汰,マルティネス,清宮 幸太郎,万波 中正,野村 佑希,奈良間 大己,伏見 寅威,上川畑 大悟
日本ハム,8月11日(金),松本 剛,五十幡 亮汰,マルティネス,清宮 幸太郎,万波 中正,野村 佑希,奈良間 大己,加藤 豪将,伏見 寅威
日本ハム,8月12日(土),郡司 裕也,矢澤 宏太,マルティネス,清宮 幸太郎,万波 中正,野村 佑希,奈良間 大己,加藤 豪将,伏見 寅威
日本ハム,8月13日(日),郡司 裕也,松本 剛,マルティネス,清宮 幸太郎,万波 中正,野村 佑希,上川畑 大悟,奈良間 大己,伏見 寅威
日本ハム,8月15日(火),松本 剛,五十幡 亮汰,マルティネス,清宮 幸太郎,万波 中正,野村 佑希,上川畑 大悟,加藤 豪将,伏見 寅威
日本ハム,8月16日(水),松本 剛,加藤 豪将,マルティネス,清宮 幸太郎,万波 中正,野村 佑希,上川畑 大悟,王 柏融,古川 裕大
日本ハム,8月17日(木),松本 剛,古川 裕大,マルティネス,清宮 幸太郎,万波 中正,野村 佑希,上川畑 大悟,王 柏融,奈良間 大己
日本ハム,8月18日(金),松本 剛,五十幡 亮汰,マルティネス,清宮 幸太郎,万波 中正,野村 佑希,上川畑 大悟,奈良間 大己,古川 裕大
日本ハム,8月19日(土),郡司 裕也,松本 剛,マルティネス,清宮 幸太郎,万波 中正,野村 佑希,山田 遥楓,奈良間 大己,伏見 寅威
日本ハム,8月20日(日),奈良間 大己,五十幡 亮汰,マルティネス,清宮 幸太郎,万波 中正,野村 佑希,上川畑 大悟,王 柏融,古川 裕大
日本ハム,8月22日(火),奈良間 大己,上川畑 大悟,マルティネス,清宮 幸太郎,万波 中正,郡司 裕也,松本 剛,江越 大賀,伏見 寅威
日本ハム,8月23日(水),奈良間 大己,上川畑 大悟,郡司 裕也,清宮 幸太郎,万波 中正,野村 佑希,松本 剛,王 柏融,古川 裕大
日本ハム,8月25日(金),奈良間 大己,松本 剛,郡司 裕也,清宮 幸太郎,万波 中正,王 柏融,野村 佑希,古川 裕大,上川畑 大悟
日本ハム,8月26日(土),奈良間 大己,郡司 裕也,清宮 幸太郎,マルティネス,万波 中正,野村 佑希,上川畑 大悟,伏見 寅威,五十幡 亮汰
日本ハム,8月27日(日),奈良間 大己,五十幡 亮汰,清宮 幸太郎,万波 中正,松本 剛,上川畑 大悟,野村 佑希,王 柏融,古川 裕大
日本ハム,8月29日(火),奈良間 大己,上川畑 大悟,清宮 幸太郎,万波 中正,郡司 裕也,野村 佑希,松本 剛,伏見 寅威,五十幡 亮汰
日本ハム,8月30日(水),松本 剛,奈良間 大己,清宮 幸太郎,万波 中正,マルティネス,古川 裕大,野村 佑希,王 柏融,細川 凌平
日本ハム,8月31日(木),松本 剛,郡司 裕也,清宮 幸太郎,万波 中正,マルティネス,上川畑 大悟,野村 佑希,奈良間 大己,古川 裕大
日本ハム,9月1日(金),松本 剛,郡司 裕也,清宮 幸太郎,万波 中正,伏見 寅威,マルティネス,上川畑 大悟,山田 遥楓,五十幡 亮汰
日本ハム,9月2日(土),松本 剛,郡司 裕也,清宮 幸太郎,万波 中正,王 柏融,マルティネス,上川畑 大悟,細川 凌平,伏見 寅威
日本ハム,9月3日(日),万波 中正,松本 剛,清宮 幸太郎,野村 佑希,郡司 裕也,マルティネス,上川畑 大悟,奈良間 大己,五十幡 亮汰
日本ハム,9月8日(金),万波 中正,郡司 裕也,清宮 幸太郎,野村 佑希,マルティネス,松本 剛,奈良間 大己,伏見 寅威,水野 達稀
日本ハム,9月9日(土),万波 中正,松本 剛,清宮 幸太郎,郡司 裕也,マルティネス,山田 遥楓,野村 佑希,奈良間 大己,五十幡 亮汰
日本ハム,9月10日(日),万波 中正,上川畑 大悟,清宮 幸太郎,王 柏融,マルティネス,松本 剛,奈良間 大己,伏見 寅威,五十幡 亮汰
日本ハム,9月12日(火),万波 中正,五十幡 亮汰,清宮 幸太郎,マルティネス,松本 剛,王 柏融,水野 達稀,古川 裕大,奈良間 大己
日本ハム,9月13日(水),万波 中正,郡司 裕也,清宮 幸太郎,マルティネス,松本 剛,伏見 寅威,野村 佑希,加藤 豪将,奈良間 大己
日本ハム,9月16日(土),万波 中正,加藤 豪将,清宮 幸太郎,マルティネス,松本 剛,郡司 裕也,奈良間 大己,伏見 寅威,五十幡 亮汰
日本ハム,9月17日(日),万波 中正,郡司 裕也,清宮 幸太郎,マルティネス,松本 剛,上川畑 大悟,野村 佑希,奈良間 大己,江越 大賀
日本ハム,9月18日(月),万波 中正,郡司 裕也,清宮 幸太郎,マルティネス,松本 剛,上川畑 大悟,野村 佑希,奈良間 大己,伏見 寅威
日本ハム,9月19日(火),万波 中正,中島 卓也,清宮 幸太郎,マルティネス,野村 佑希,松本 剛,郡司 裕也,今川 優馬,古川 裕大
日本ハム,9月20日(水),万波 中正,細川 凌平,清宮 幸太郎,木村 文紀,マルティネス,野村 佑希,松本 剛,郡司 裕也,奈良間 大己
日本ハム,9月22日(金),万波 中正,郡司 裕也,清宮 幸太郎,マルティネス,加藤 豪将,松本 剛,野村 佑希,田宮 裕涼,中島 卓也
日本ハム,9月23日(土),万波 中正,中島 卓也,清宮 幸太郎,マルティネス,加藤 豪将,野村 佑希,伏見 寅威,奈良間 大己,江越 大賀
日本ハム,9月24日(日),万波 中正,細川 凌平,清宮 幸太郎,マルティネス,松本 剛,郡司 裕也,田宮 裕涼,奈良間 大己,中島 卓也
日本ハム,9月25日(月),万波 中正,郡司 裕也,清宮 幸太郎,マルティネス,松本 剛,加藤 豪将,野村 佑希,奈良間 大己,田宮 裕涼
日本ハム,9月26日(火),万波 中正,田宮 裕涼,清宮 幸太郎,野村 佑希,加藤 豪将,マルティネス,松本 剛,清水 優心,細川 凌平
日本ハム,9月27日(水),万波 中正,野村 佑希,清宮 幸太郎,マルティネス,加藤 豪将,松本 剛,谷内 亮太,細川 凌平,清水 優心
日本ハム,9月28日(木),万波 中正,細川 凌平,清宮 幸太郎,マルティネス,加藤 豪将,松本 剛,郡司 裕也,奈良間 大己,田宮 裕涼
日本ハム,9月30日(土),万波 中正,マルティネス,清宮 幸太郎,野村 佑希,松本 剛,田宮 裕涼,清水 優心,細川 凌平,奈良間 大己
日本ハム,10月1日(日),万波 中正,田宮 裕涼,清宮 幸太郎,野村 佑希,アルカンタラ,ハンソン,加藤 豪将,伏見 寅威,細川 凌平
日本ハム,10月2日(月),万波 中正,細川 凌平,田宮 裕涼,郡司 裕也,マルティネス,松本 剛,清宮 幸太郎,清水 優心,アルカンタラ
日本ハム,10月5日(木),野村 佑希,万波 中正,清宮 幸太郎,有薗 直輝,郡司 裕也,奈良間 大己,田宮 裕涼,山田 遥楓,江越 大賀
オリックス,3月31日(金),野口 智哉,ゴンザレス,西野 真弘,杉本 裕太郎,森 友哉,中川 圭太,宗 佑磨,茶野 篤政,来田 涼斗
オリックス,4月1日(土),野口 智哉,福田 周平,中川 圭太,杉本 裕太郎,森 友哉,宗 佑磨,ゴンザレス,若月 健矢,茶野 篤政
オリックス,4月2日(日),野口 智哉,西野 真弘,中川 圭太,杉本 裕太郎,森 友哉,宗 佑磨,ゴンザレス,福田 周平,茶野 篤政
オリックス,4月4日(火),福田 周平,西野 真弘,中川 圭太,森 友哉,杉本 裕太郎,宗 佑磨,ゴンザレス,茶野 篤政,野口 智哉
オリックス,4月5日(水),太田 椋,宗 佑磨,中川 圭太,頓宮 裕真,森 友哉,杉本 裕太郎,ゴンザレス,野口 智哉,茶野 篤政
オリックス,4月6日(木),茶野 篤政,西野 真弘,森 友哉,中川 圭太,宗 佑磨,杉本 裕太郎,ゴンザレス,若月 健矢,宜保 翔
オリックス,4月7日(金),茶野 篤政,太田 椋,森 友哉,頓宮 裕真,杉本 裕太郎,中川 圭太,宗 佑磨,ゴンザレス,野口 智哉
オリックス,4月8日(土),茶野 篤政,西野 真弘,中川 圭太,森 友哉,頓宮 裕真,宗 佑磨,杉本 裕太郎,ゴンザレス,若月 健矢
オリックス,4月9日(日),茶野 篤政,太田 椋,森 友哉,頓宮 裕真,杉本 裕太郎,中川 圭太,宗 佑磨,ゴンザレス,野口 智哉
オリックス,4月11日(火),茶野 篤政,ゴンザレス,森 友哉,中川 圭太,杉本 裕太郎,西野 真弘,頓宮 裕真,宗 佑磨,若月 健矢
オリックス,4月12日(水),茶野 篤政,太田 椋,森 友哉,中川 圭太,杉本 裕太郎,宗 佑磨,頓宮 裕真,野口 智哉,若月 健矢
オリックス,4月14日(金),茶野 篤政,ゴンザレス,森 友哉,杉本 裕太郎,宗 佑磨,中川 圭太,西野 真弘,若月 健矢,太田 椋
オリックス,4月16日(日),茶野 篤政,太田 椋,森 友哉,杉本 裕太郎,宗 佑磨,中川 圭太,ゴンザレス,頓宮 裕真,若月 健矢
オリックス,4月18日(火),茶野 篤政,ゴンザレス,森 友哉,頓宮 裕真,杉本 裕太郎,西野 真弘,紅林 弘太郎,宗 佑磨,中川 圭太
オリックス,4月19日(水),茶野 篤政,太田 椋,森 友哉,杉本 裕太郎,シュウィンデル,ゴンザレス,紅林 弘太郎,宗 佑磨,中川 圭太
オリックス,4月20日(木),中川 圭太,宗 佑磨,森 友哉,シュウィンデル,杉本 裕太郎,ゴンザレス,紅林 弘太郎,頓宮 裕真,茶野 篤政
オリックス,4月21日(金),太田 椋,西野 真弘,中川 圭太,森 友哉,宗 佑磨,杉本 裕太郎,ゴンザレス,紅林 弘太郎,茶野 篤政
オリックス,4月22日(土),太田 椋,宗 佑磨,中川 圭太,森 友哉,杉本 裕太郎,ゴンザレス,紅林 弘太郎,若月 健矢,茶野 篤政
オリックス,4月23日(日),太田 椋,宗 佑磨,中川 圭太,森 友哉,杉本 裕太郎,シュウィンデル,紅林 弘太郎,ゴンザレス,茶野 篤政
オリックス,4月25日(火),太田 椋,宗 佑磨,中川 圭太,森 友哉,杉本 裕太郎,シュウィンデル,紅林 弘太郎,ゴンザレス,茶野 篤政
オリックス,4月26日(水),太田 椋,宗 佑磨,中川 圭太,森 友哉,杉本 裕太郎,紅林 弘太郎,頓宮 裕真,ゴンザレス,茶野 篤政
オリックス,4月28日(金),紅林 弘太郎,宗 佑磨,中川 圭太,森 友哉,杉本 裕太郎,シュウィンデル,頓宮 裕真,ゴンザレス,茶野 篤政
オリックス,4月29日(土),太田 椋,宗 佑磨,中川 圭太,杉本 裕太郎,シュウィンデル,紅林 弘太郎,ゴンザレス,若月 健矢,茶野 篤政
オリックス,4月30日(日),茶野 篤政,宗 佑磨,中川 圭太,森 友哉,杉本 裕太郎,頓宮 裕真,紅林 弘太郎,宜保 翔,若月 健矢
オリックス,5月2日(火),山足 達也,宗 佑磨,中川 圭太,森 友哉,杉本 裕太郎,シュウィンデル,頓宮 裕真,紅林 弘太郎,茶野 篤政
オリックス,5月3日(水),茶野 篤政,宗 佑磨,中川 圭太,森 友哉,頓宮 裕真,ゴンザレス,紅林 弘太郎,小田 裕也,若月 健矢
オリックス,5月4日(木),茶野 篤政,宗 佑磨,中川 圭太,森 友哉,ゴンザレス,若月 健矢,紅林 弘太郎,野口 智哉,山足 達也
オリックス,5月5日(金),茶野 篤政,宗 佑磨,中川 圭太,森 友哉,頓宮 裕真,ゴンザレス,シュウィンデル,野口 智哉,紅林 弘太郎
オリックス,5月6日(土),茶野 篤政,宗 佑磨,中川 圭太,森 友哉,頓宮 裕真,ゴンザレス,若月 健矢,野口 智哉,紅林 弘太郎
オリックス,5月7日(日),茶野 篤政,宗 佑磨,中川 圭太,森 友哉,頓宮 裕真,ゴンザレス,小田 裕也,シュウィンデル,宜保 翔
オリックス,5月9日(火),茶野 篤政,宗 佑磨,中川 圭太,シュウィンデル,頓宮 裕真,ゴンザレス,若月 健矢,紅林 弘太郎,佐野 皓大
オリックス,5月10日(水),茶野 篤政,福田 周平,中川 圭太,シュウィンデル,宗 佑磨,頓宮 裕真,ゴンザレス,若月 健矢,宜保 翔
オリックス,5月11日(木),茶野 篤政,福田 周平,中川 圭太,頓宮 裕真,宗 佑磨,ゴンザレス,若月 健矢,紅林 弘太郎,大城 滉二
オリックス,5月12日(金),茶野 篤政,宗 佑磨,中川 圭太,シュウィンデル,頓宮 裕真,ゴンザレス,若月 健矢,小田 裕也,紅林 弘太郎
オリックス,5月13日(土),茶野 篤政,野口 智哉,中川 圭太,シュウィンデル,頓宮 裕真,若月 健矢,小田 裕也,紅林 弘太郎,宜保 翔
オリックス,5月14日(日),茶野 篤政,ゴンザレス,中川 圭太,シュウィンデル,頓宮 裕真,若月 健矢,小田 裕也,紅林 弘太郎,宜保 翔
オリックス,5月16日(火),茶野 篤政,福田 周平,中川 圭太,シュウィンデル,頓宮 裕真,宗 佑磨,ゴンザレス,紅林 弘太郎,若月 健矢
オリックス,5月17日(水),福田 周平,宗 佑磨,中川 圭太,森 友哉,頓宮 裕真,ゴンザレス,紅林 弘太郎,茶野 篤政,若月 健矢
オリックス,5月18日(木),茶野 篤政,宜保 翔,中川 圭太,森 友哉,頓宮 裕真,ゴンザレス,紅林 弘太郎,小田 裕也,石川 亮
オリックス,5月19日(金),佐野 皓大,宗 佑磨,中川 圭太,森 友哉,頓宮 裕真,セデーニョ,紅林 弘太郎,茶野 篤政,大城 滉二
オリックス,5月20日(土),福田 周平,西野 真弘,中川 圭太,森 友哉,頓宮 裕真,小田 裕也,若月 健矢,宜保 翔,紅林 弘太郎
オリックス,5月21日(日),茶野 篤政,宗 佑磨,中川 圭太,森 友哉,頓宮 裕真,西野 真弘,セデーニョ,宜保 翔,小田 裕也
オリックス,5月23日(火),野口 智哉,宗 佑磨,中川 圭太,森 友哉,頓宮 裕真,西野 真弘,セデーニョ,茶野 篤政,紅林 弘太郎
オリックス,5月24日(水),野口 智哉,宗 佑磨,中川 圭太,森 友哉,頓宮 裕真,若月 健矢,廣岡 大志,茶野 篤政,紅林 弘太郎
オリックス,5月26日(金),野口 智哉,宗 佑磨,中川 圭太,森 友哉,頓宮 裕真,西野 真弘,杉本 裕太郎,茶野 篤政,紅林 弘太郎
オリックス,5月27日(土),廣岡 大志,茶野 篤政,頓宮 裕真,森 友哉,杉本 裕太郎,西野 真弘,若月 健矢,野口 智哉,紅林 弘太郎
オリックス,5月28日(日),茶野 篤政,宗 佑磨,中川 圭太,森 友哉,頓宮 裕真,杉本 裕太郎,西野 真弘,紅林 弘太郎,廣岡 大志
オリックス,5月30日(火),廣岡 大志,宗 佑磨,中川 圭太,森 友哉,頓宮 裕真,杉本 裕太郎,若月 健矢,茶野 篤政,紅林 弘太郎
オリックス,5月31日(水),廣岡 大志,宗 佑磨,森 友哉,頓宮 裕真,杉本 裕太郎,西野 真弘,中川 圭太,茶野 篤政,紅林 弘太郎
オリックス,6月1日(木),廣岡 大志,茶野 篤政,中川 圭太,森 友哉,頓宮 裕真,ゴンザレス,紅林 弘太郎,宜保 翔,若月 健矢
オリックス,6月2日(金),廣岡 大志,茶野 篤政,紅林 弘太郎,森 友哉,頓宮 裕真,杉本 裕太郎,ゴンザレス,野口 智哉,山岡 泰輔
オリックス,6月3日(土),茶野 篤政,若月 健矢,安達 了一,頓宮 裕真,杉本 裕太郎,紅林 弘太郎,野口 智哉,山﨑 福也,廣岡 大志
オリックス,6月4日(日),茶野 篤政,西野 真弘,中川 圭太,森 友哉,頓宮 裕真,ゴンザレス,杉本 裕太郎,紅林 弘太郎,宮城 大弥
オリックス,6月6日(火),廣岡 大志,茶野 篤政,中川 圭太,森 友哉,頓宮 裕真,ゴンザレス,杉本 裕太郎,野口 智哉,若月 健矢
オリックス,6月7日(水),茶野 篤政,安達 了一,中川 圭太,森 友哉,頓宮 裕真,杉本 裕太郎,ゴンザレス,廣岡 大志,野口 智哉
オリックス,6月8日(木),茶野 篤政,西野 真弘,安達 了一,森 友哉,頓宮 裕真,ゴンザレス,杉本 裕太郎,小田 裕也,紅林 弘太郎
オリックス,6月9日(金),廣岡 大志,野口 智哉,杉本 裕太郎,森 友哉,頓宮 裕真,中川 圭太,ゴンザレス,紅林 弘太郎,茶野 篤政
オリックス,6月10日(土),茶野 篤政,ゴンザレス,杉本 裕太郎,森 友哉,頓宮 裕真,中川 圭太,紅林 弘太郎,西野 真弘,若月 健矢
オリックス,6月11日(日),茶野 篤政,宗 佑磨,杉本 裕太郎,森 友哉,頓宮 裕真,中川 圭太,紅林 弘太郎,安達 了一,野口 智哉
オリックス,6月13日(火),茶野 篤政,宗 佑磨,杉本 裕太郎,頓宮 裕真,中川 圭太,ゴンザレス,紅林 弘太郎,若月 健矢,山本 由伸
オリックス,6月14日(水),廣岡 大志,宗 佑磨,杉本 裕太郎,森 友哉,頓宮 裕真,中川 圭太,ゴンザレス,紅林 弘太郎,曽谷 龍平
オリックス,6月15日(木),福田 周平,ゴンザレス,森 友哉,頓宮 裕真,中川 圭太,杉本 裕太郎,紅林 弘太郎,安達 了一,山岡 泰輔
オリックス,6月16日(金),福田 周平,ゴンザレス,中川 圭太,頓宮 裕真,杉本 裕太郎,紅林 弘太郎,若月 健矢,廣岡 大志,山﨑 福也
オリックス,6月17日(土),佐野 皓大,大城 滉二,森 友哉,頓宮 裕真,杉本 裕太郎,紅林 弘太郎,中川 圭太,安達 了一,山下 舜平大
オリックス,6月18日(日),福田 周平,ゴンザレス,森 友哉,頓宮 裕真,杉本 裕太郎,紅林 弘太郎,中川 圭太,宗 佑磨,宮城 大弥
オリックス,6月23日(金),福田 周平,ゴンザレス,森 友哉,頓宮 裕真,杉本 裕太郎,紅林 弘太郎,中川 圭太,宗 佑磨,若月 健矢
オリックス,6月24日(土),茶野 篤政,中川 圭太,森 友哉,頓宮 裕真,杉本 裕太郎,紅林 弘太郎,ゴンザレス,セデーニョ,宗 佑磨
オリックス,6月25日(日),茶野 篤政,宗 佑磨,中川 圭太,森 友哉,頓宮 裕真,杉本 裕太郎,紅林 弘太郎,ゴンザレス,若月 健矢
オリックス,6月27日(火),茶野 篤政,宗 佑磨,中川 圭太,森 友哉,頓宮 裕真,杉本 裕太郎,紅林 弘太郎,福田 周平,安達 了一
オリックス,6月28日(水),茶野 篤政,福田 周平,紅林 弘太郎,森 友哉,頓宮 裕真,杉本 裕太郎,ゴンザレス,宗 佑磨,廣岡 大志
オリックス,6月30日(金),中川 圭太,大城 滉二,紅林 弘太郎,森 友哉,頓宮 裕真,杉本 裕太郎,ゴンザレス,若月 健矢,廣岡 大志
オリックス,7月1日(土),茶野 篤政,宗 佑磨,紅林 弘太郎,森 友哉,頓宮 裕真,杉本 裕太郎,中川 圭太,宜保 翔,若月 健矢
オリックス,7月2日(日),茶野 篤政,宗 佑磨,紅林 弘太郎,セデーニョ,頓宮 裕真,杉本 裕太郎,ゴンザレス,中川 圭太,若月 健矢
オリックス,7月4日(火),中川 圭太,宗 佑磨,紅林 弘太郎,セデーニョ,頓宮 裕真,杉本 裕太郎,ゴンザレス,若月 健矢,池田 陵真
オリックス,7月5日(水),中川 圭太,宗 佑磨,紅林 弘太郎,セデーニョ,頓宮 裕真,杉本 裕太郎,ゴンザレス,若月 健矢,池田 陵真
オリックス,7月6日(木),茶野 篤政,福田 周平,紅林 弘太郎,T-岡田,頓宮 裕真,中川 圭太,ゴンザレス,若月 健矢,宜保 翔
オリックス,7月8日(土),中川 圭太,宜保 翔,紅林 弘太郎,頓宮 裕真,セデーニョ,宗 佑磨,杉本 裕太郎,野口 智哉,若月 健矢
オリックス,7月9日(日),中川 圭太,宜保 翔,紅林 弘太郎,頓宮 裕真,セデーニョ,宗 佑磨,杉本 裕太郎,野口 智哉,石川 亮
オリックス,7月11日(火),中川 圭太,宜保 翔,紅林 弘太郎,セデーニョ,頓宮 裕真,ゴンザレス,杉本 裕太郎,野口 智哉,若月 健矢
オリックス,7月12日(水),中川 圭太,宜保 翔,紅林 弘太郎,セデーニョ,頓宮 裕真,宗 佑磨,杉本 裕太郎,野口 智哉,若月 健矢
オリックス,7月15日(土),中川 圭太,宜保 翔,紅林 弘太郎,セデーニョ,頓宮 裕真,西野 真弘,杉本 裕太郎,野口 智哉,若月 健矢
オリックス,7月16日(日),中川 圭太,宜保 翔,紅林 弘太郎,セデーニョ,頓宮 裕真,宗 佑磨,杉本 裕太郎,野口 智哉,若月 健矢
オリックス,7月17日(月),中川 圭太,宜保 翔,紅林 弘太郎,セデーニョ,頓宮 裕真,宗 佑磨,杉本 裕太郎,野口 智哉,若月 健矢
オリックス,7月22日(土),中川 圭太,宜保 翔,紅林 弘太郎,セデーニョ,頓宮 裕真,宗 佑磨,杉本 裕太郎,野口 智哉,若月 健矢
オリックス,7月23日(日),野口 智哉,宜保 翔,紅林 弘太郎,セデーニョ,T-岡田,中川 圭太,宗 佑磨,若月 健矢,小田 裕也
オリックス,7月25日(火),中川 圭太,宜保 翔,紅林 弘太郎,セデーニョ,頓宮 裕真,宗 佑磨,杉本 裕太郎,野口 智哉,若月 健矢
オリックス,7月26日(水),茶野 篤政,宗 佑磨,中川 圭太,セデーニョ,頓宮 裕真,杉本 裕太郎,野口 智哉,若月 健矢,宜保 翔
オリックス,7月28日(金),野口 智哉,宜保 翔,紅林 弘太郎,セデーニョ,頓宮 裕真,宗 佑磨,杉本 裕太郎,茶野 篤政,若月 健矢
オリックス,7月29日(土),大城 滉二,渡部 遼人,紅林 弘太郎,セデーニョ,中川 圭太,宗 佑磨,若月 健矢,野口 智哉,山足 達也
オリックス,7月30日(日),杉本 裕太郎,宜保 翔,紅林 弘太郎,セデーニョ,中川 圭太,宗 佑磨,頓宮 裕真,野口 智哉,若月 健矢
オリックス,8月1日(火),野口 智哉,山足 達也,紅林 弘太郎,中川 圭太,頓宮 裕真,宗 佑磨,杉本 裕太郎,若月 健矢,廣岡 大志
オリックス,8月2日(水),野口 智哉,宜保 翔,紅林 弘太郎,中川 圭太,頓宮 裕真,宗 佑磨,セデーニョ,若月 健矢,渡部 遼人
オリックス,8月3日(木),中川 圭太,宜保 翔,紅林 弘太郎,セデーニョ,頓宮 裕真,宗 佑磨,若月 健矢,野口 智哉,茶野 篤政
オリックス,8月4日(金),茶野 篤政,宜保 翔,紅林 弘太郎,セデーニョ,頓宮 裕真,宗 佑磨,中川 圭太,野口 智哉,若月 健矢
オリックス,8月5日(土),廣岡 大志,茶野 篤政,紅林 弘太郎,セデーニョ,頓宮 裕真,宗 佑磨,中川 圭太,若月 健矢,宜保 翔
オリックス,8月6日(日),茶野 篤政,宜保 翔,紅林 弘太郎,中川 圭太,頓宮 裕真,宗 佑磨,セデーニョ,若月 健矢,平野 大和
オリックス,8月8日(火),太田 椋,森 友哉,紅林 弘太郎,中川 圭太,頓宮 裕真,セデーニョ,宗 佑磨,若月 健矢,茶野 篤政
オリックス,8月9日(水),太田 椋,茶野 篤政,中川 圭太,森 友哉,頓宮 裕真,宗 佑磨,紅林 弘太郎,セデーニョ,野口 智哉
オリックス,8月10日(木),太田 椋,茶野 篤政,紅林 弘太郎,中川 圭太,頓宮 裕真,宗 佑磨,セデーニョ,野口 智哉,若月 健矢
オリックス,8月11日(金),紅林 弘太郎,宜保 翔,中川 圭太,森 友哉,頓宮 裕真,宗 佑磨,セデーニョ,若月 健矢,野口 智哉
オリックス,8月13日(日),太田 椋,渡部 遼人,中川 圭太,森 友哉,頓宮 裕真,紅林 弘太郎,杉本 裕太郎,若月 健矢,大城 滉二
オリックス,8月16日(水),杉本 裕太郎,野口 智哉,中川 圭太,森 友哉,頓宮 裕真,紅林 弘太郎,宗 佑磨,若月 健矢,宜保 翔
オリックス,8月17日(木),野口 智哉,宗 佑磨,紅林 弘太郎,森 友哉,中川 圭太,頓宮 裕真,ゴンザレス,杉本 裕太郎,山足 達也
オリックス,8月18日(金),茶野 篤政,宜保 翔,紅林 弘太郎,森 友哉,頓宮 裕真,セデーニョ,宗 佑磨,中川 圭太,杉本 裕太郎
オリックス,8月19日(土),野口 智哉,茶野 篤政,中川 圭太,森 友哉,頓宮 裕真,宗 佑磨,紅林 弘太郎,ゴンザレス,若月 健矢
オリックス,8月20日(日),野口 智哉,宗 佑磨,中川 圭太,森 友哉,頓宮 裕真,紅林 弘太郎,ゴンザレス,若月 健矢,茶野 篤政
オリックス,8月22日(火),渡部 遼人,宗 佑磨,中川 圭太,森 友哉,頓宮 裕真,紅林 弘太郎,ゴンザレス,若月 健矢,廣岡 大志
オリックス,8月23日(水),渡部 遼人,西野 真弘,中川 圭太,森 友哉,頓宮 裕真,宗 佑磨,紅林 弘太郎,野口 智哉,若月 健矢
オリックス,8月24日(木),渡部 遼人,宗 佑磨,中川 圭太,森 友哉,頓宮 裕真,紅林 弘太郎,ゴンザレス,野口 智哉,廣岡 大志
オリックス,8月25日(金),渡部 遼人,西野 真弘,中川 圭太,森 友哉,頓宮 裕真,宗 佑磨,野口 智哉,若月 健矢,山足 達也
オリックス,8月26日(土),渡部 遼人,西野 真弘,中川 圭太,森 友哉,頓宮 裕真,紅林 弘太郎,ゴンザレス,野口 智哉,大城 滉二
オリックス,8月27日(日),渡部 遼人,野口 智哉,中川 圭太,森 友哉,頓宮 裕真,宗 佑磨,紅林 弘太郎,宜保 翔,若月 健矢
オリックス,8月29日(火),渡部 遼人,野口 智哉,中川 圭太,森 友哉,頓宮 裕真,宗 佑磨,紅林 弘太郎,ゴンザレス,宜保 翔
オリックス,8月30日(水),池田 陵真,宗 佑磨,中川 圭太,森 友哉,頓宮 裕真,紅林 弘太郎,ゴンザレス,若月 健矢,来田 涼斗
オリックス,8月31日(木),池田 陵真,宗 佑磨,中川 圭太,森 友哉,頓宮 裕真,若月 健矢,紅林 弘太郎,茶野 篤政,山足 達也
オリックス,9月1日(金),茶野 篤政,宗 佑磨,池田 陵真,森 友哉,頓宮 裕真,若月 健矢,ゴンザレス,紅林 弘太郎,来田 涼斗
オリックス,9月2日(土),池田 陵真,茶野 篤政,中川 圭太,森 友哉,頓宮 裕真,宗 佑磨,若月 健矢,ゴンザレス,紅林 弘太郎
オリックス,9月3日(日),佐野 皓大,大城 滉二,中川 圭太,森 友哉,頓宮 裕真,宗 佑磨,池田 陵真,紅林 弘太郎,若月 健矢
オリックス,9月5日(火),池田 陵真,宜保 翔,中川 圭太,森 友哉,頓宮 裕真,杉本 裕太郎,宗 佑磨,紅林 弘太郎,若月 健矢
オリックス,9月6日(水),茶野 篤政,西野 真弘,中川 圭太,森 友哉,頓宮 裕真,宗 佑磨,杉本 裕太郎,紅林 弘太郎,池田 陵真
オリックス,9月9日(土),池田 陵真,西野 真弘,中川 圭太,森 友哉,頓宮 裕真,杉本 裕太郎,安達 了一,宜保 翔,若月 健矢
オリックス,9月10日(日),佐野 皓大,宗 佑磨,中川 圭太,森 友哉,頓宮 裕真,杉本 裕太郎,紅林 弘太郎,池田 陵真,宜保 翔
オリックス,9月12日(火),佐野 皓大,宗 佑磨,中川 圭太,森 友哉,頓宮 裕真,杉本 裕太郎,安達 了一,若月 健矢,紅林 弘太郎
オリックス,9月13日(水),佐野 皓大,安達 了一,中川 圭太,森 友哉,頓宮 裕真,杉本 裕太郎,若月 健矢,宗 佑磨,紅林 弘太郎
オリックス,9月14日(木),茶野 篤政,西野 真弘,中川 圭太,森 友哉,杉本 裕太郎,宗 佑磨,紅林 弘太郎,小田 裕也,杉澤 龍
オリックス,9月16日(土),杉本 裕太郎,渡部 遼人,森 友哉,中川 圭太,宗 佑磨,紅林 弘太郎,安達 了一,ゴンザレス,池田 陵真
オリックス,9月17日(日),中川 圭太,西野 真弘,森 友哉,セデーニョ,宗 佑磨,紅林 弘太郎,ゴンザレス,杉本 裕太郎,野口 智哉
オリックス,9月18日(月),中川 圭太,西野 真弘,森 友哉,セデーニョ,宗 佑磨,紅林 弘太郎,ゴンザレス,杉本 裕太郎,野口 智哉
オリックス,9月19日(火),佐野 皓大,安達 了一,森 友哉,中川 圭太,ゴンザレス,杉本 裕太郎,紅林 弘太郎,宗 佑磨,若月 健矢
オリックス,9月20日(水),中川 圭太,西野 真弘,森 友哉,セデーニョ,ゴンザレス,杉本 裕太郎,T-岡田,紅林 弘太郎,野口 智哉
オリックス,9月23日(土),福田 周平,森 友哉,杉本 裕太郎,T-岡田,紅林 弘太郎,宗 佑磨,若月 健矢,野口 智哉,宜保 翔
オリックス,9月24日(日),福田 周平,森 友哉,中川 圭太,セデーニョ,杉本 裕太郎,ゴンザレス,紅林 弘太郎,宗 佑磨,安達 了一
オリックス,9月25日(月),中川 圭太,森 友哉,セデーニョ,T-岡田,ゴンザレス,紅林 弘太郎,宗 佑磨,若月 健矢,野口 智哉
オリックス,9月26日(火),福田 周平,森 友哉,中川 圭太,セデーニョ,杉本 裕太郎,紅林 弘太郎,廣岡 大志,宜保 翔,石川 亮
オリックス,9月27日(水),福田 周平,森 友哉,セデーニョ,T-岡田,宗 佑磨,安達 了一,若月 健矢,野口 智哉,廣岡 大志
オリックス,9月28日(木),森 友哉,福田 周平,紅林 弘太郎,T-岡田,杉本 裕太郎,ゴンザレス,若月 健矢,野口 智哉,廣岡 大志
オリックス,9月30日(土),福田 周平,森 友哉,中川 圭太,セデーニョ,宗 佑磨,紅林 弘太郎,ゴンザレス,宜保 翔,野口 智哉
オリックス,10月1日(日),福田 周平,安達 了一,森 友哉,セデーニョ,杉本 裕太郎,西野 真弘,紅林 弘太郎,野口 智哉,福永 奨
オリックス,10月2日(月),福田 周平,西野 真弘,中川 圭太,森 友哉,杉本 裕太郎,ゴンザレス,紅林 弘太郎,セデーニョ,若月 健矢
オリックス,10月4日(水),福田 周平,安達 了一,森 友哉,中川 圭太,杉本 裕太郎,ゴンザレス,紅林 弘太郎,西野 真弘,若月 健矢
オリックス,10月6日(金),福田 周平,宗 佑磨,中川 圭太,森 友哉,杉本 裕太郎,ゴンザレス,紅林 弘太郎,野口 智哉,若月 健矢
オリックス,10月7日(土),中川 圭太,安達 了一,森 友哉,セデーニョ,杉本 裕太郎,ゴンザレス,宗 佑磨,紅林 弘太郎,野口 智哉
オリックス,10月9日(月),野口 智哉,宗 佑磨,中川 圭太,森 友哉,杉本 裕太郎,ゴンザレス,紅林 弘太郎,福田 周平,若月 健矢
楽天,3月30日(木),辰己 涼介,小深田 大翔,フランコ,浅村 栄斗,島内 宏明,阿部 寿樹,山﨑 剛,伊藤 裕季也,安田 悠馬
楽天,4月1日(土),辰己 涼介,小深田 大翔,フランコ,浅村 栄斗,島内 宏明,阿部 寿樹,山﨑 剛,黒川 史陽,炭谷 銀仁朗
楽天,4月2日(日),辰己 涼介,小深田 大翔,フランコ,浅村 栄斗,島内 宏明,阿部 寿樹,山﨑 剛,伊藤 裕季也,太田 光
楽天,4月4日(火),辰己 涼介,小郷 裕哉,フランコ,浅村 栄斗,島内 宏明,阿部 寿樹,山﨑 剛,黒川 史陽,太田 光
楽天,4月5日(水),辰己 涼介,小深田 大翔,フランコ,浅村 栄斗,島内 宏明,阿部 寿樹,山﨑 剛,伊藤 裕季也,炭谷 銀仁朗
楽天,4月6日(木),辰己 涼介,小深田 大翔,フランコ,浅村 栄斗,島内 宏明,茂木 栄五郎,山﨑 剛,阿部 寿樹,安田 悠馬
楽天,4月8日(土),辰己 涼介,小深田 大翔,フランコ,島内 宏明,阿部 寿樹,黒川 史陽,山﨑 剛,炭谷 銀仁朗,田中 和基
楽天,4月9日(日),辰己 涼介,小深田 大翔,浅村 栄斗,フランコ,島内 宏明,茂木 栄五郎,阿部 寿樹,山﨑 剛,炭谷 銀仁朗
楽天,4月11日(火),西川 遥輝,小深田 大翔,浅村 栄斗,フランコ,島内 宏明,山﨑 剛,辰己 涼介,黒川 史陽,太田 光
楽天,4月12日(水),小深田 大翔,島内 宏明,浅村 栄斗,フランコ,阿部 寿樹,炭谷 銀仁朗,辰己 涼介,伊藤 裕季也,山﨑 剛
楽天,4月14日(金),山﨑 剛,島内 宏明,浅村 栄斗,フランコ,岡島 豪郎,鈴木 大地,辰己 涼介,田中 和基,安田 悠馬
楽天,4月16日(日),山﨑 剛,鈴木 大地,浅村 栄斗,フランコ,岡島 豪郎,島内 宏明,安田 悠馬,炭谷 銀仁朗,辰己 涼介
楽天,4月18日(火),島内 宏明,西川 遥輝,浅村 栄斗,フランコ,岡島 豪郎,山﨑 剛,辰己 涼介,茂木 栄五郎,太田 光
楽天,4月19日(水),島内 宏明,辰己 涼介,浅村 栄斗,フランコ,岡島 豪郎,炭谷 銀仁朗,小深田 大翔,伊藤 裕季也,山﨑 剛
楽天,4月20日(木),山﨑 剛,小深田 大翔,浅村 栄斗,フランコ,岡島 豪郎,島内 宏明,鈴木 大地,太田 光,辰己 涼介
楽天,4月21日(金),小深田 大翔,島内 宏明,浅村 栄斗,フランコ,安田 悠馬,田中 和基,山﨑 剛,伊藤 裕季也,小郷 裕哉
楽天,4月22日(土),小深田 大翔,島内 宏明,浅村 栄斗,フランコ,鈴木 大地,小郷 裕哉,山﨑 剛,太田 光,西川 遥輝
楽天,4月23日(日),小深田 大翔,島内 宏明,浅村 栄斗,フランコ,岡島 豪郎,山﨑 剛,小郷 裕哉,伊藤 裕季也,炭谷 銀仁朗
楽天,4月26日(水),小深田 大翔,島内 宏明,浅村 栄斗,フランコ,小郷 裕哉,伊藤 裕季也,山﨑 剛,炭谷 銀仁朗,辰己 涼介
楽天,4月27日(木),西川 遥輝,島内 宏明,浅村 栄斗,フランコ,岡島 豪郎,山﨑 剛,安田 悠馬,小深田 大翔,辰己 涼介
楽天,4月28日(金),山﨑 剛,鈴木 大地,浅村 栄斗,島内 宏明,岡島 豪郎,フランコ,辰己 涼介,伊藤 裕季也,安田 悠馬
楽天,4月29日(土),山﨑 剛,小深田 大翔,浅村 栄斗,島内 宏明,岡島 豪郎,フランコ,小郷 裕哉,鈴木 大地,太田 光
楽天,4月30日(日),山﨑 剛,小深田 大翔,浅村 栄斗,島内 宏明,岡島 豪郎,鈴木 大地,小郷 裕哉,西川 遥輝,太田 光
楽天,5月2日(火),西川 遥輝,小深田 大翔,浅村 栄斗,島内 宏明,岡島 豪郎,鈴木 大地,フランコ,山﨑 剛,炭谷 銀仁朗
楽天,5月3日(水),小深田 大翔,伊藤 裕季也,浅村 栄斗,島内 宏明,岡島 豪郎,フランコ,小郷 裕哉,太田 光,山﨑 剛
楽天,5月4日(木),西川 遥輝,小深田 大翔,浅村 栄斗,島内 宏明,岡島 豪郎,鈴木 大地,フランコ,山﨑 剛,太田 光
楽天,5月5日(金),小深田 大翔,伊藤 裕季也,浅村 栄斗,島内 宏明,岡島 豪郎,フランコ,小郷 裕哉,炭谷 銀仁朗,山﨑 剛
楽天,5月6日(土),山﨑 剛,小深田 大翔,浅村 栄斗,島内 宏明,岡島 豪郎,鈴木 大地,小郷 裕哉,安田 悠馬,辰己 涼介
楽天,5月7日(日),山﨑 剛,小深田 大翔,浅村 栄斗,島内 宏明,岡島 豪郎,伊藤 裕季也,鈴木 大地,小郷 裕哉,太田 光
楽天,5月9日(火),小深田 大翔,浅村 栄斗,鈴木 大地,岡島 豪郎,伊藤 裕季也,島内 宏明,辰己 涼介,炭谷 銀仁朗,山﨑 剛
楽天,5月10日(水),小深田 大翔,島内 宏明,伊藤 裕季也,浅村 栄斗,岡島 豪郎,炭谷 銀仁朗,小郷 裕哉,フランコ,山﨑 剛
楽天,5月11日(木),小深田 大翔,渡邊 佳明,伊藤 裕季也,浅村 栄斗,岡島 豪郎,島内 宏明,鈴木 大地,太田 光,山﨑 剛
楽天,5月12日(金),西川 遥輝,渡邊 佳明,伊藤 裕季也,浅村 栄斗,岡島 豪郎,島内 宏明,鈴木 大地,安田 悠馬,山﨑 剛
楽天,5月13日(土),山﨑 剛,渡邊 佳明,伊藤 裕季也,浅村 栄斗,岡島 豪郎,島内 宏明,鈴木 大地,太田 光,西川 遥輝
楽天,5月14日(日),山﨑 剛,小深田 大翔,伊藤 裕季也,浅村 栄斗,岡島 豪郎,フランコ,島内 宏明,小郷 裕哉,安田 悠馬
楽天,5月16日(火),山﨑 剛,渡邊 佳明,伊藤 裕季也,浅村 栄斗,フランコ,岡島 豪郎,島内 宏明,炭谷 銀仁朗,小郷 裕哉
楽天,5月17日(水),山﨑 剛,鈴木 大地,伊藤 裕季也,浅村 栄斗,フランコ,小郷 裕哉,正隨 優弥,太田 光,田中 和基
楽天,5月20日(土),山﨑 剛,小深田 大翔,伊藤 裕季也,浅村 栄斗,島内 宏明,フランコ,岡島 豪郎,鈴木 大地,太田 光
楽天,5月21日(日),山﨑 剛,小郷 裕哉,島内 宏明,浅村 栄斗,フランコ,鈴木 大地,辰己 涼介,安田 悠馬,黒川 史陽
楽天,5月23日(火),山﨑 剛,岡島 豪郎,フランコ,浅村 栄斗,鈴木 大地,阿部 寿樹,辰己 涼介,黒川 史陽,安田 悠馬
楽天,5月24日(水),辰己 涼介,阿部 寿樹,伊藤 裕季也,浅村 栄斗,フランコ,炭谷 銀仁朗,島内 宏明,山﨑 剛,小郷 裕哉
楽天,5月26日(金),山﨑 剛,小深田 大翔,フランコ,浅村 栄斗,鈴木 大地,島内 宏明,辰己 涼介,岡島 豪郎,太田 光
楽天,5月27日(土),山﨑 剛,小深田 大翔,辰己 涼介,浅村 栄斗,島内 宏明,鈴木 大地,小郷 裕哉,黒川 史陽,安田 悠馬
楽天,5月28日(日),山﨑 剛,小深田 大翔,フランコ,浅村 栄斗,鈴木 大地,伊藤 裕季也,島内 宏明,辰己 涼介,太田 光
楽天,5月30日(火),山﨑 剛,小深田 大翔,フランコ,浅村 栄斗,小郷 裕哉,伊藤 裕季也,島内 宏明,太田 光,辰己 涼介
楽天,5月31日(水),山﨑 剛,小深田 大翔,フランコ,浅村 栄斗,岡島 豪郎,阿部 寿樹,安田 悠馬,伊藤 裕季也,辰己 涼介
楽天,6月1日(木),山﨑 剛,小深田 大翔,フランコ,浅村 栄斗,岡島 豪郎,阿部 寿樹,安田 悠馬,伊藤 裕季也,辰己 涼介
楽天,6月3日(土),山﨑 剛,阿部 寿樹,フランコ,浅村 栄斗,岡島 豪郎,炭谷 銀仁朗,和田 恋,辰己 涼介,早川 隆久
楽天,6月4日(日),山﨑 剛,小深田 大翔,フランコ,浅村 栄斗,岡島 豪郎,鈴木 大地,小郷 裕哉,太田 光,荘司 康誠
楽天,6月6日(火),渡邊 佳明,小深田 大翔,小郷 裕哉,浅村 栄斗,岡島 豪郎,鈴木 大地,フランコ,山﨑 剛,太田 光
楽天,6月7日(水),辰己 涼介,小深田 大翔,小郷 裕哉,浅村 栄斗,岡島 豪郎,鈴木 大地,島内 宏明,山﨑 剛,安田 悠馬
楽天,6月8日(木),辰己 涼介,小深田 大翔,小郷 裕哉,浅村 栄斗,岡島 豪郎,フランコ,阿部 寿樹,山﨑 剛,太田 光
楽天,6月9日(金),辰己 涼介,小深田 大翔,小郷 裕哉,浅村 栄斗,岡島 豪郎,フランコ,阿部 寿樹,山﨑 剛,太田 光
楽天,6月10日(土),辰己 涼介,小深田 大翔,小郷 裕哉,浅村 栄斗,岡島 豪郎,フランコ,阿部 寿樹,山﨑 剛,炭谷 銀仁朗
楽天,6月13日(火),辰己 涼介,小深田 大翔,小郷 裕哉,浅村 栄斗,岡島 豪郎,鈴木 大地,太田 光,山﨑 剛,則本 昂大
楽天,6月14日(水),辰己 涼介,小深田 大翔,小郷 裕哉,浅村 栄斗,岡島 豪郎,鈴木 大地,山﨑 剛,安田 悠馬,田中 将大
楽天,6月15日(木),辰己 涼介,小深田 大翔,小郷 裕哉,浅村 栄斗,岡島 豪郎,鈴木 大地,太田 光,山﨑 剛,荘司 康誠
楽天,6月16日(金),辰己 涼介,小深田 大翔,小郷 裕哉,浅村 栄斗,岡島 豪郎,阿部 寿樹,太田 光,山﨑 剛,辛島 航
楽天,6月17日(土),辰己 涼介,伊藤 裕季也,小郷 裕哉,浅村 栄斗,岡島 豪郎,炭谷 銀仁朗,阿部 寿樹,山﨑 剛,早川 隆久
楽天,6月18日(日),辰己 涼介,小深田 大翔,小郷 裕哉,浅村 栄斗,岡島 豪郎,鈴木 大地,山﨑 剛,炭谷 銀仁朗,岸 孝之
楽天,6月20日(火),辰己 涼介,小深田 大翔,小郷 裕哉,浅村 栄斗,岡島 豪郎,鈴木 大地,山﨑 剛,太田 光,藤平 尚真
楽天,6月21日(水),辰己 涼介,小深田 大翔,小郷 裕哉,浅村 栄斗,岡島 豪郎,鈴木 大地,渡邊 佳明,安田 悠馬,山﨑 剛
楽天,6月23日(金),辰己 涼介,小深田 大翔,小郷 裕哉,浅村 栄斗,岡島 豪郎,鈴木 大地,渡邊 佳明,太田 光,山﨑 剛
楽天,6月24日(土),辰己 涼介,小深田 大翔,小郷 裕哉,浅村 栄斗,岡島 豪郎,鈴木 大地,伊藤 裕季也,山﨑 剛,太田 光
楽天,6月25日(日),辰己 涼介,伊藤 裕季也,小郷 裕哉,浅村 栄斗,岡島 豪郎,炭谷 銀仁朗,阿部 寿樹,小深田 大翔,村林 一輝
楽天,6月26日(月),辰己 涼介,小深田 大翔,小郷 裕哉,浅村 栄斗,岡島 豪郎,鈴木 大地,山﨑 剛,村林 一輝,安田 悠馬
楽天,6月28日(水),辰己 涼介,小深田 大翔,小郷 裕哉,浅村 栄斗,鈴木 大地,島内 宏明,山﨑 剛,太田 光,村林 一輝
楽天,6月29日(木),辰己 涼介,村林 一輝,小郷 裕哉,浅村 栄斗,鈴木 大地,伊藤 裕季也,炭谷 銀仁朗,小深田 大翔,田中 和基
楽天,6月30日(金),辰己 涼介,村林 一輝,小郷 裕哉,浅村 栄斗,鈴木 大地,フランコ,島内 宏明,小深田 大翔,太田 光
楽天,7月1日(土),辰己 涼介,村林 一輝,小郷 裕哉,浅村 栄斗,鈴木 大地,フランコ,島内 宏明,小深田 大翔,太田 光
楽天,7月2日(日),村林 一輝,小深田 大翔,小郷 裕哉,浅村 栄斗,島内 宏明,伊藤 裕季也,フランコ,田中 和基,太田 光
楽天,7月4日(火),村林 一輝,伊藤 裕季也,小郷 裕哉,浅村 栄斗,岡島 豪郎,フランコ,太田 光,田中 和基,小深田 大翔
楽天,7月5日(水),村林 一輝,伊藤 裕季也,小郷 裕哉,浅村 栄斗,岡島 豪郎,フランコ,辰己 涼介,太田 光,小深田 大翔
楽天,7月6日(木),村林 一輝,小深田 大翔,小郷 裕哉,浅村 栄斗,鈴木 大地,フランコ,辰己 涼介,炭谷 銀仁朗,西川 遥輝
楽天,7月7日(金),村林 一輝,小深田 大翔,小郷 裕哉,浅村 栄斗,フランコ,辰己 涼介,伊藤 裕季也,西川 遥輝,太田 光
楽天,7月8日(土),村林 一輝,小深田 大翔,小郷 裕哉,浅村 栄斗,フランコ,辰己 涼介,伊藤 裕季也,西川 遥輝,太田 光
楽天,7月9日(日),村林 一輝,小深田 大翔,小郷 裕哉,浅村 栄斗,フランコ,辰己 涼介,伊藤 裕季也,西川 遥輝,太田 光
楽天,7月11日(火),村林 一輝,小深田 大翔,小郷 裕哉,浅村 栄斗,フランコ,辰己 涼介,伊藤 裕季也,西川 遥輝,安田 悠馬
楽天,7月12日(水),村林 一輝,小深田 大翔,小郷 裕哉,浅村 栄斗,フランコ,辰己 涼介,伊藤 裕季也,岡島 豪郎,太田 光
楽天,7月13日(木),村林 一輝,小深田 大翔,小郷 裕哉,浅村 栄斗,岡島 豪郎,伊藤 裕季也,辰己 涼介,炭谷 銀仁朗,山﨑 剛
楽天,7月15日(土),村林 一輝,小深田 大翔,小郷 裕哉,浅村 栄斗,岡島 豪郎,阿部 寿樹,伊藤 裕季也,辰己 涼介,太田 光
楽天,7月16日(日),村林 一輝,小深田 大翔,小郷 裕哉,浅村 栄斗,鈴木 大地,阿部 寿樹,辰己 涼介,太田 光,西川 遥輝
楽天,7月17日(月),村林 一輝,小深田 大翔,小郷 裕哉,浅村 栄斗,鈴木 大地,阿部 寿樹,岡島 豪郎,太田 光,辰己 涼介
楽天,7月22日(土),村林 一輝,小深田 大翔,小郷 裕哉,浅村 栄斗,鈴木 大地,フランコ,阿部 寿樹,辰己 涼介,太田 光
楽天,7月23日(日),村林 一輝,小深田 大翔,小郷 裕哉,浅村 栄斗,阿部 寿樹,伊藤 裕季也,フランコ,辰己 涼介,太田 光
楽天,7月25日(火),村林 一輝,小深田 大翔,小郷 裕哉,浅村 栄斗,阿部 寿樹,伊藤 裕季也,山﨑 剛,炭谷 銀仁朗,辰己 涼介
楽天,7月26日(水),村林 一輝,伊藤 裕季也,小郷 裕哉,浅村 栄斗,鈴木 大地,阿部 寿樹,辰己 涼介,太田 光,小深田 大翔
楽天,7月27日(木),村林 一輝,小深田 大翔,小郷 裕哉,浅村 栄斗,岡島 豪郎,フランコ,鈴木 大地,炭谷 銀仁朗,辰己 涼介
楽天,7月28日(金),村林 一輝,小深田 大翔,小郷 裕哉,浅村 栄斗,鈴木 大地,フランコ,辰己 涼介,炭谷 銀仁朗,西川 遥輝
楽天,7月29日(土),村林 一輝,小深田 大翔,小郷 裕哉,浅村 栄斗,鈴木 大地,フランコ,辰己 涼介,太田 光,西川 遥輝
楽天,7月30日(日),村林 一輝,小深田 大翔,小郷 裕哉,浅村 栄斗,フランコ,辰己 涼介,伊藤 裕季也,岡島 豪郎,太田 光
楽天,8月1日(火),村林 一輝,小深田 大翔,小郷 裕哉,浅村 栄斗,フランコ,鈴木 大地,岡島 豪郎,炭谷 銀仁朗,辰己 涼介
楽天,8月2日(水),村林 一輝,小深田 大翔,小郷 裕哉,浅村 栄斗,伊藤 裕季也,岡島 豪郎,フランコ,太田 光,辰己 涼介
楽天,8月3日(木),村林 一輝,小深田 大翔,小郷 裕哉,浅村 栄斗,岡島 豪郎,鈴木 大地,フランコ,辰己 涼介,炭谷 銀仁朗
楽天,8月4日(金),村林 一輝,小深田 大翔,小郷 裕哉,浅村 栄斗,岡島 豪郎,鈴木 大地,フランコ,西川 遥輝,炭谷 銀仁朗
楽天,8月5日(土),村林 一輝,小深田 大翔,小郷 裕哉,浅村 栄斗,岡島 豪郎,鈴木 大地,フランコ,辰己 涼介,太田 光
楽天,8月6日(日),村林 一輝,小深田 大翔,小郷 裕哉,浅村 栄斗,阿部 寿樹,伊藤 裕季也,フランコ,辰己 涼介,太田 光
楽天,8月8日(火),村林 一輝,小深田 大翔,小郷 裕哉,浅村 栄斗,岡島 豪郎,阿部 寿樹,フランコ,辰己 涼介,炭谷 銀仁朗
楽天,8月10日(木),村林 一輝,小深田 大翔,小郷 裕哉,浅村 栄斗,阿部 寿樹,岡島 豪郎,辰己 涼介,炭谷 銀仁朗,山﨑 剛
楽天,8月11日(金),村林 一輝,小深田 大翔,小郷 裕哉,浅村 栄斗,阿部 寿樹,伊藤 裕季也,フランコ,辰己 涼介,炭谷 銀仁朗
楽天,8月13日(日),村林 一輝,小深田 大翔,小郷 裕哉,浅村 栄斗,阿部 寿樹,伊藤 裕季也,フランコ,辰己 涼介,太田 光
楽天,8月15日(火),村林 一輝,小深田 大翔,小郷 裕哉,浅村 栄斗,阿部 寿樹,伊藤 裕季也,辰己 涼介,フランコ,炭谷 銀仁朗
楽天,8月16日(水),小深田 大翔,山﨑 剛,小郷 裕哉,浅村 栄斗,阿部 寿樹,島内 宏明,伊藤 裕季也,辰己 涼介,太田 光
楽天,8月17日(木),小深田 大翔,村林 一輝,小郷 裕哉,浅村 栄斗,阿部 寿樹,島内 宏明,フランコ,辰己 涼介,炭谷 銀仁朗
楽天,8月18日(金),辰己 涼介,小深田 大翔,小郷 裕哉,浅村 栄斗,阿部 寿樹,岡島 豪郎,フランコ,山﨑 剛,炭谷 銀仁朗
楽天,8月19日(土),辰己 涼介,村林 一輝,小郷 裕哉,浅村 栄斗,岡島 豪郎,阿部 寿樹,鈴木 大地,太田 光,小深田 大翔
楽天,8月20日(日),辰己 涼介,小深田 大翔,小郷 裕哉,浅村 栄斗,阿部 寿樹,島内 宏明,伊藤 裕季也,太田 光,村林 一輝
楽天,8月22日(火),辰己 涼介,村林 一輝,小郷 裕哉,浅村 栄斗,阿部 寿樹,伊藤 裕季也,フランコ,炭谷 銀仁朗,小深田 大翔
楽天,8月23日(水),村林 一輝,小深田 大翔,小郷 裕哉,浅村 栄斗,島内 宏明,阿部 寿樹,辰己 涼介,フランコ,太田 光
楽天,8月25日(金),辰己 涼介,村林 一輝,小郷 裕哉,浅村 栄斗,島内 宏明,阿部 寿樹,岡島 豪郎,鈴木 大地,炭谷 銀仁朗
楽天,8月26日(土),辰己 涼介,村林 一輝,小郷 裕哉,浅村 栄斗,島内 宏明,阿部 寿樹,岡島 豪郎,伊藤 裕季也,安田 悠馬
楽天,8月27日(日),小深田 大翔,村林 一輝,阿部 寿樹,浅村 栄斗,島内 宏明,岡島 豪郎,フランコ,辰己 涼介,太田 光
楽天,8月29日(火),小深田 大翔,村林 一輝,辰己 涼介,浅村 栄斗,島内 宏明,岡島 豪郎,鈴木 大地,フランコ,太田 光
楽天,8月30日(水),フランコ,島内 宏明,辰己 涼介,浅村 栄斗,岡島 豪郎,鈴木 大地,村林 一輝,小郷 裕哉,安田 悠馬
楽天,8月31日(木),小深田 大翔,島内 宏明,辰己 涼介,浅村 栄斗,フランコ,岡島 豪郎,阿部 寿樹,太田 光,村林 一輝
楽天,9月1日(金),小深田 大翔,島内 宏明,辰己 涼介,浅村 栄斗,鈴木 大地,フランコ,小郷 裕哉,炭谷 銀仁朗,山﨑 剛
楽天,9月2日(土),小深田 大翔,村林 一輝,島内 宏明,浅村 栄斗,岡島 豪郎,辰己 涼介,阿部 寿樹,小郷 裕哉,安田 悠馬
楽天,9月3日(日),小深田 大翔,村林 一輝,島内 宏明,浅村 栄斗,岡島 豪郎,辰己 涼介,阿部 寿樹,小郷 裕哉,太田 光
楽天,9月8日(金),小深田 大翔,村林 一輝,島内 宏明,浅村 栄斗,岡島 豪郎,辰己 涼介,阿部 寿樹,小郷 裕哉,炭谷 銀仁朗
楽天,9月9日(土),小深田 大翔,村林 一輝,島内 宏明,浅村 栄斗,岡島 豪郎,阿部 寿樹,辰己 涼介,フランコ,安田 悠馬
楽天,9月10日(日),小深田 大翔,村林 一輝,島内 宏明,浅村 栄斗,岡島 豪郎,辰己 涼介,阿部 寿樹,小郷 裕哉,太田 光
楽天,9月12日(火),小深田 大翔,村林 一輝,島内 宏明,浅村 栄斗,辰己 涼介,伊藤 裕季也,阿部 寿樹,小郷 裕哉,太田 光
楽天,9月13日(水),小深田 大翔,村林 一輝,島内 宏明,浅村 栄斗,辰己 涼介,岡島 豪郎,阿部 寿樹,小郷 裕哉,太田 光
楽天,9月14日(木),小深田 大翔,村林 一輝,島内 宏明,浅村 栄斗,辰己 涼介,岡島 豪郎,阿部 寿樹,フランコ,安田 悠馬
楽天,9月16日(土),小深田 大翔,小郷 裕哉,島内 宏明,浅村 栄斗,岡島 豪郎,阿部 寿樹,辰己 涼介,村林 一輝,炭谷 銀仁朗
楽天,9月17日(日),小深田 大翔,小郷 裕哉,島内 宏明,浅村 栄斗,岡島 豪郎,阿部 寿樹,辰己 涼介,太田 光,村林 一輝
楽天,9月18日(月),小深田 大翔,小郷 裕哉,島内 宏明,浅村 栄斗,岡島 豪郎,阿部 寿樹,辰己 涼介,村林 一輝,安田 悠馬
楽天,9月19日(火),小深田 大翔,村林 一輝,島内 宏明,浅村 栄斗,岡島 豪郎,小郷 裕哉,辰己 涼介,鈴木 大地,太田 光
楽天,9月20日(水),村林 一輝,伊藤 裕季也,島内 宏明,浅村 栄斗,岡島 豪郎,阿部 寿樹,辰己 涼介,太田 光,小深田 大翔
楽天,9月21日(木),フランコ,島内 宏明,辰己 涼介,浅村 栄斗,岡島 豪郎,村林 一輝,鈴木 大地,安田 悠馬,小深田 大翔
楽天,9月22日(金),小深田 大翔,村林 一輝,島内 宏明,浅村 栄斗,岡島 豪郎,辰己 涼介,阿部 寿樹,小郷 裕哉,安田 悠馬
楽天,9月23日(土),小深田 大翔,村林 一輝,島内 宏明,浅村 栄斗,岡島 豪郎,銀次,辰己 涼介,鈴木 大地,炭谷 銀仁朗
楽天,9月24日(日),村林 一輝,小深田 大翔,島内 宏明,浅村 栄斗,岡島 豪郎,伊藤 裕季也,辰己 涼介,阿部 寿樹,太田 光
楽天,9月25日(月),小深田 大翔,村林 一輝,島内 宏明,浅村 栄斗,岡島 豪郎,鈴木 大地,小郷 裕哉,辰己 涼介,炭谷 銀仁朗
楽天,9月27日(水),小深田 大翔,村林 一輝,島内 宏明,浅村 栄斗,岡島 豪郎,阿部 寿樹,小郷 裕哉,辰己 涼介,太田 光
楽天,9月28日(木),小深田 大翔,小郷 裕哉,島内 宏明,浅村 栄斗,岡島 豪郎,辰己 涼介,鈴木 大地,安田 悠馬,村林 一輝
楽天,9月30日(土),小深田 大翔,渡邊 佳明,島内 宏明,浅村 栄斗,岡島 豪郎,辰己 涼介,炭谷 銀仁朗,小郷 裕哉,村林 一輝
楽天,10月1日(日),小深田 大翔,小郷 裕哉,島内 宏明,浅村 栄斗,岡島 豪郎,渡邊 佳明,辰己 涼介,太田 光,村林 一輝
楽天,10月2日(月),小深田 大翔,小郷 裕哉,島内 宏明,浅村 栄斗,岡島 豪郎,阿部 寿樹,辰己 涼介,炭谷 銀仁朗,村林 一輝
楽天,10月3日(火),小深田 大翔,村林 一輝,島内 宏明,浅村 栄斗,岡島 豪郎,辰己 涼介,伊藤 裕季也,鈴木 大地,太田 光
楽天,10月5日(木),小深田 大翔,村林 一輝,島内 宏明,浅村 栄斗,岡島 豪郎,阿部 寿樹,辰己 涼介,小郷 裕哉,炭谷 銀仁朗
楽天,10月7日(土),小深田 大翔,小郷 裕哉,島内 宏明,浅村 栄斗,岡島 豪郎,辰己 涼介,鈴木 大地,村林 一輝,炭谷 銀仁朗
楽天,10月10日(火),小深田 大翔,村林 一輝,島内 宏明,浅村 栄斗,岡島 豪郎,阿部 寿樹,辰己 涼介,太田 光,小郷 裕哉
西武,3月31日(金),ペイトン,マキノン,外崎 修汰,山川 穂高,栗山 巧,柘植 世那,山村 崇嘉,愛斗,金子 侑司
西武,4月1日(土),ペイトン,マキノン,外崎 修汰,山川 穂高,中村 剛也,愛斗,柘植 世那,山村 崇嘉,金子 侑司
西武,4月2日(日),ペイトン,マキノン,外崎 修汰,山川 穂高,栗山 巧,鈴木 将平,愛斗,古賀 悠斗,児玉 亮涼
西武,4月4日(火),愛斗,マキノン,外崎 修汰,山川 穂高,中村 剛也,鈴木 将平,柘植 世那,児玉 亮涼,金子 侑司
西武,4月5日(水),愛斗,金子 侑司,外崎 修汰,山川 穂高,マキノン,鈴木 将平,佐藤 龍世,古賀 悠斗,児玉 亮涼
西武,4月6日(木),愛斗,マキノン,外崎 修汰,山川 穂高,栗山 巧,ペイトン,鈴木 将平,柘植 世那,児玉 亮涼
西武,4月8日(土),愛斗,児玉 亮涼,マキノン,山川 穂高,中村 剛也,ペイトン,柘植 世那,平沼 翔太,金子 侑司
西武,4月9日(日),愛斗,児玉 亮涼,マキノン,山川 穂高,栗山 巧,ペイトン,平沼 翔太,古賀 悠斗,金子 侑司
西武,4月11日(火),愛斗,ペイトン,外崎 修汰,中村 剛也,マキノン,呉 念庭,鈴木 将平,古賀 悠斗,児玉 亮涼
西武,4月12日(水),愛斗,ペイトン,外崎 修汰,中村 剛也,マキノン,呉 念庭,鈴木 将平,古賀 悠斗,児玉 亮涼
西武,4月13日(木),愛斗,ペイトン,外崎 修汰,中村 剛也,マキノン,鈴木 将平,佐藤 龍世,柘植 世那,児玉 亮涼
西武,4月14日(金),愛斗,児玉 亮涼,外崎 修汰,中村 剛也,マキノン,ペイトン,佐藤 龍世,古賀 悠斗,金子 侑司
西武,4月15日(土),愛斗,平沼 翔太,外崎 修汰,マキノン,栗山 巧,ペイトン,鈴木 将平,柘植 世那,児玉 亮涼
西武,4月16日(日),愛斗,呉 念庭,外崎 修汰,中村 剛也,マキノン,ペイトン,鈴木 将平,柘植 世那,児玉 亮涼
西武,4月18日(火),愛斗,若林 楽人,外崎 修汰,中村 剛也,マキノン,ペイトン,呉 念庭,古賀 悠斗,児玉 亮涼
西武,4月19日(水),愛斗,若林 楽人,外崎 修汰,中村 剛也,マキノン,ペイトン,佐藤 龍世,柘植 世那,児玉 亮涼
西武,4月21日(金),愛斗,若林 楽人,外崎 修汰,中村 剛也,マキノン,ペイトン,呉 念庭,柘植 世那,児玉 亮涼
西武,4月22日(土),愛斗,鈴木 将平,外崎 修汰,中村 剛也,マキノン,ペイトン,佐藤 龍世,柘植 世那,児玉 亮涼
西武,4月23日(日),愛斗,児玉 亮涼,外崎 修汰,マキノン,栗山 巧,ペイトン,佐藤 龍世,柘植 世那,金子 侑司
西武,4月25日(火),愛斗,鈴木 将平,外崎 修汰,中村 剛也,マキノン,佐藤 龍世,児玉 亮涼,柘植 世那,金子 侑司
西武,4月26日(水),愛斗,若林 楽人,外崎 修汰,中村 剛也,マキノン,鈴木 将平,佐藤 龍世,柘植 世那,児玉 亮涼
西武,4月28日(金),愛斗,鈴木 将平,外崎 修汰,中村 剛也,マキノン,ペイトン,佐藤 龍世,柘植 世那,児玉 亮涼
西武,4月29日(土),愛斗,鈴木 将平,外崎 修汰,中村 剛也,マキノン,ペイトン,佐藤 龍世,柘植 世那,児玉 亮涼
西武,4月30日(日),愛斗,西川 愛也,外崎 修汰,中村 剛也,マキノン,呉 念庭,児玉 亮涼,古賀 悠斗,金子 侑司
西武,5月2日(火),愛斗,西川 愛也,外崎 修汰,中村 剛也,マキノン,山川 穂高,鈴木 将平,柘植 世那,滝澤 夏央
西武,5月3日(水),愛斗,西川 愛也,外崎 修汰,マキノン,栗山 巧,山川 穂高,鈴木 将平,古賀 悠斗,滝澤 夏央
西武,5月4日(木),愛斗,鈴木 将平,外崎 修汰,マキノン,山川 穂高,呉 念庭,若林 楽人,柘植 世那,滝澤 夏央
西武,5月5日(金),愛斗,金子 侑司,外崎 修汰,中村 剛也,マキノン,山川 穂高,鈴木 将平,柘植 世那,滝澤 夏央
西武,5月6日(土),愛斗,マキノン,外崎 修汰,中村 剛也,山川 穂高,鈴木 将平,児玉 亮涼,古賀 悠斗,西川 愛也
西武,5月7日(日),愛斗,西川 愛也,外崎 修汰,マキノン,山川 穂高,栗山 巧,若林 楽人,古賀 悠斗,児玉 亮涼
西武,5月9日(火),愛斗,西川 愛也,外崎 修汰,中村 剛也,マキノン,山川 穂高,若林 楽人,柘植 世那,児玉 亮涼
西武,5月10日(水),愛斗,呉 念庭,外崎 修汰,マキノン,山川 穂高,若林 楽人,長谷川 信哉,古賀 悠斗,滝澤 夏央
西武,5月11日(木),長谷川 信哉,マキノン,外崎 修汰,中村 剛也,山川 穂高,愛斗,若林 楽人,古賀 悠斗,児玉 亮涼
西武,5月12日(金),長谷川 信哉,佐藤 龍世,外崎 修汰,中村 剛也,マキノン,愛斗,鈴木 将平,古市 尊,児玉 亮涼
西武,5月13日(土),長谷川 信哉,呉 念庭,外崎 修汰,中村 剛也,マキノン,愛斗,鈴木 将平,古賀 悠斗,児玉 亮涼
西武,5月14日(日),長谷川 信哉,古市 尊,外崎 修汰,中村 剛也,マキノン,愛斗,鈴木 将平,呉 念庭,児玉 亮涼
西武,5月16日(火),長谷川 信哉,平沼 翔太,外崎 修汰,中村 剛也,マキノン,愛斗,鈴木 将平,古賀 悠斗,滝澤 夏央
西武,5月17日(水),長谷川 信哉,平沼 翔太,外崎 修汰,中村 剛也,マキノン,愛斗,鈴木 将平,古賀 悠斗,児玉 亮涼
西武,5月18日(木),長谷川 信哉,平沼 翔太,外崎 修汰,マキノン,鈴木 将平,佐藤 龍世,愛斗,児玉 亮涼,古賀 悠斗
西武,5月19日(金),長谷川 信哉,若林 楽人,外崎 修汰,中村 剛也,マキノン,陽川 尚将,愛斗,児玉 亮涼,古賀 悠斗
西武,5月20日(土),若林 楽人,児玉 亮涼,外崎 修汰,マキノン,陽川 尚将,佐藤 龍世,長谷川 信哉,古賀 悠斗,金子 侑司
西武,5月21日(日),若林 楽人,児玉 亮涼,外崎 修汰,中村 剛也,マキノン,陽川 尚将,長谷川 信哉,古賀 悠斗,金子 侑司
西武,5月24日(水),長谷川 信哉,平沼 翔太,外崎 修汰,中村 剛也,マキノン,愛斗,鈴木 将平,児玉 亮涼,古賀 悠斗
西武,5月26日(金),若林 楽人,源田 壮亮,外崎 修汰,マキノン,陽川 尚将,平沼 翔太,愛斗,柘植 世那,長谷川 信哉
西武,5月27日(土),金子 侑司,マキノン,外崎 修汰,渡部 健人,源田 壮亮,佐藤 龍世,長谷川 信哉,柘植 世那,愛斗
西武,5月28日(日),長谷川 信哉,マキノン,外崎 修汰,渡部 健人,源田 壮亮,陽川 尚将,鈴木 将平,古賀 悠斗,若林 楽人
西武,5月30日(火),愛斗,マキノン,外崎 修汰,渡部 健人,源田 壮亮,陽川 尚将,鈴木 将平,古賀 悠斗,若林 楽人
西武,5月31日(水),源田 壮亮,川越 誠司,外崎 修汰,渡部 健人,マキノン,栗山 巧,鈴木 将平,古賀 悠斗,若林 楽人
西武,6月1日(木),源田 壮亮,川越 誠司,外崎 修汰,渡部 健人,マキノン,栗山 巧,鈴木 将平,柘植 世那,若林 楽人
西武,6月3日(土),源田 壮亮,川越 誠司,外崎 修汰,渡部 健人,マキノン,鈴木 将平,若林 楽人,柘植 世那,髙橋 光成
西武,6月4日(日),源田 壮亮,長谷川 信哉,外崎 修汰,渡部 健人,マキノン,川越 誠司,若林 楽人,古賀 悠斗,平良 海馬
西武,6月5日(月),源田 壮亮,外崎 修汰,鈴木 将平,マキノン,渡部 健人,川越 誠司,若林 楽人,古賀 悠斗,松本 航
西武,6月6日(火),源田 壮亮,外崎 修汰,鈴木 将平,マキノン,渡部 健人,栗山 巧,川越 誠司,古賀 悠斗,若林 楽人
西武,6月7日(水),源田 壮亮,外崎 修汰,鈴木 将平,マキノン,渡部 健人,栗山 巧,川越 誠司,古賀 悠斗,若林 楽人
西武,6月8日(木),源田 壮亮,外崎 修汰,鈴木 将平,マキノン,渡部 健人,長谷川 信哉,若林 楽人,柘植 世那,児玉 亮涼
西武,6月9日(金),源田 壮亮,外崎 修汰,マキノン,渡部 健人,川越 誠司,長谷川 信哉,平沼 翔太,古賀 悠斗,若林 楽人
西武,6月10日(土),源田 壮亮,外崎 修汰,マキノン,渡部 健人,川越 誠司,長谷川 信哉,平沼 翔太,古賀 悠斗,若林 楽人
西武,6月11日(日),源田 壮亮,鈴木 将平,外崎 修汰,マキノン,栗山 巧,長谷川 信哉,渡部 健人,古賀 悠斗,若林 楽人
西武,6月13日(火),源田 壮亮,鈴木 将平,外崎 修汰,マキノン,平沼 翔太,長谷川 信哉,川越 誠司,古市 尊,松本 航
西武,6月14日(水),源田 壮亮,岸 潤一郎,外崎 修汰,マキノン,長谷川 信哉,平沼 翔太,金子 侑司,古賀 悠斗,エンス
西武,6月15日(木),源田 壮亮,岸 潤一郎,外崎 修汰,マキノン,渡部 健人,長谷川 信哉,金子 侑司,古賀 悠斗,與座 海人
西武,6月16日(金),源田 壮亮,岸 潤一郎,外崎 修汰,マキノン,渡部 健人,長谷川 信哉,金子 侑司,古賀 悠斗,隅田 知一郎
西武,6月17日(土),源田 壮亮,鈴木 将平,外崎 修汰,渡部 健人,岸 潤一郎,マキノン,長谷川 信哉,柘植 世那,髙橋 光成
西武,6月18日(日),源田 壮亮,鈴木 将平,外崎 修汰,渡部 健人,岸 潤一郎,マキノン,長谷川 信哉,古市 尊,平良 海馬
西武,6月23日(金),源田 壮亮,鈴木 将平,外崎 修汰,渡部 健人,中村 剛也,マキノン,長谷川 信哉,蛭間 拓哉,古市 尊
西武,6月24日(土),源田 壮亮,鈴木 将平,外崎 修汰,渡部 健人,呉 念庭,マキノン,岸 潤一郎,古賀 悠斗,蛭間 拓哉
西武,6月25日(日),源田 壮亮,鈴木 将平,外崎 修汰,渡部 健人,中村 剛也,マキノン,岸 潤一郎,古賀 悠斗,蛭間 拓哉
西武,6月27日(火),源田 壮亮,鈴木 将平,外崎 修汰,渡部 健人,中村 剛也,マキノン,岸 潤一郎,古賀 悠斗,蛭間 拓哉
西武,6月28日(水),源田 壮亮,鈴木 将平,外崎 修汰,渡部 健人,中村 剛也,マキノン,岸 潤一郎,古賀 悠斗,蛭間 拓哉
西武,6月30日(金),源田 壮亮,鈴木 将平,外崎 修汰,渡部 健人,中村 剛也,マキノン,岸 潤一郎,古市 尊,蛭間 拓哉
西武,7月1日(土),源田 壮亮,鈴木 将平,外崎 修汰,渡部 健人,呉 念庭,マキノン,長谷川 信哉,蛭間 拓哉,古賀 悠斗
西武,7月2日(日),源田 壮亮,山野辺 翔,外崎 修汰,マキノン,呉 念庭,岸 潤一郎,高木 渉,古賀 悠斗,蛭間 拓哉
西武,7月4日(火),山野辺 翔,源田 壮亮,外崎 修汰,マキノン,呉 念庭,岸 潤一郎,高木 渉,古市 尊,蛭間 拓哉
西武,7月5日(水),外崎 修汰,源田 壮亮,マキノン,中村 剛也,高木 渉,岸 潤一郎,山野辺 翔,古市 尊,蛭間 拓哉
西武,7月6日(木),外崎 修汰,源田 壮亮,鈴木 将平,中村 剛也,マキノン,岸 潤一郎,高木 渉,佐藤 龍世,古賀 悠斗
西武,7月8日(土),外崎 修汰,源田 壮亮,鈴木 将平,中村 剛也,マキノン,岸 潤一郎,佐藤 龍世,高木 渉,古賀 悠斗
西武,7月9日(日),源田 壮亮,岸 潤一郎,外崎 修汰,マキノン,佐藤 龍世,鈴木 将平,栗山 巧,古賀 悠斗,蛭間 拓哉
西武,7月10日(月),外崎 修汰,源田 壮亮,鈴木 将平,中村 剛也,マキノン,岸 潤一郎,山野辺 翔,古賀 悠斗,蛭間 拓哉
西武,7月12日(水),外崎 修汰,源田 壮亮,鈴木 将平,中村 剛也,マキノン,山野辺 翔,長谷川 信哉,古賀 悠斗,金子 侑司
西武,7月13日(木),外崎 修汰,源田 壮亮,鈴木 将平,中村 剛也,マキノン,呉 念庭,長谷川 信哉,古賀 悠斗,金子 侑司
西武,7月15日(土),外崎 修汰,源田 壮亮,鈴木 将平,中村 剛也,マキノン,呉 念庭,長谷川 信哉,古賀 悠斗,金子 侑司
西武,7月16日(日),岸 潤一郎,源田 壮亮,鈴木 将平,中村 剛也,マキノン,外崎 修汰,呉 念庭,長谷川 信哉,古賀 悠斗
西武,7月17日(月),金子 侑司,源田 壮亮,鈴木 将平,栗山 巧,外崎 修汰,マキノン,平沼 翔太,古賀 悠斗,蛭間 拓哉
西武,7月22日(土),岸 潤一郎,源田 壮亮,外崎 修汰,マキノン,呉 念庭,長谷川 信哉,平沼 翔太,古賀 悠斗,蛭間 拓哉
西武,7月23日(日),愛斗,源田 壮亮,外崎 修汰,マキノン,栗山 巧,呉 念庭,ペイトン,古賀 悠斗,金子 侑司
西武,7月25日(火),岸 潤一郎,源田 壮亮,佐藤 龍世,マキノン,外崎 修汰,長谷川 信哉,ペイトン,古賀 悠斗,愛斗
西武,7月26日(水),岸 潤一郎,源田 壮亮,佐藤 龍世,マキノン,外崎 修汰,栗山 巧,ペイトン,古賀 悠斗,長谷川 信哉
西武,7月28日(金),岸 潤一郎,源田 壮亮,平沼 翔太,マキノン,栗山 巧,外崎 修汰,ペイトン,古賀 悠斗,長谷川 信哉
西武,7月29日(土),山野辺 翔,源田 壮亮,佐藤 龍世,マキノン,外崎 修汰,岸 潤一郎,長谷川 信哉,古賀 悠斗,愛斗
西武,7月30日(日),愛斗,源田 壮亮,佐藤 龍世,マキノン,外崎 修汰,栗山 巧,蛭間 拓哉,古賀 悠斗,金子 侑司
西武,8月1日(火),山野辺 翔,源田 壮亮,鈴木 将平,マキノン,外崎 修汰,栗山 巧,長谷川 信哉,古賀 悠斗,蛭間 拓哉
西武,8月2日(水),ペイトン,源田 壮亮,鈴木 将平,マキノン,外崎 修汰,栗山 巧,呉 念庭,古賀 悠斗,長谷川 信哉
西武,8月4日(金),ペイトン,源田 壮亮,鈴木 将平,マキノン,外崎 修汰,中村 剛也,佐藤 龍世,古賀 悠斗,長谷川 信哉
西武,8月5日(土),ペイトン,源田 壮亮,呉 念庭,マキノン,外崎 修汰,中村 剛也,岸 潤一郎,古賀 悠斗,長谷川 信哉
西武,8月6日(日),岸 潤一郎,源田 壮亮,ペイトン,マキノン,外崎 修汰,栗山 巧,平沼 翔太,古賀 悠斗,長谷川 信哉
西武,8月8日(火),蛭間 拓哉,源田 壮亮,ペイトン,マキノン,外崎 修汰,中村 剛也,佐藤 龍世,古賀 悠斗,長谷川 信哉
西武,8月9日(水),蛭間 拓哉,源田 壮亮,ペイトン,マキノン,外崎 修汰,栗山 巧,佐藤 龍世,古賀 悠斗,岸 潤一郎
西武,8月10日(木),蛭間 拓哉,源田 壮亮,ペイトン,マキノン,外崎 修汰,中村 剛也,岸 潤一郎,山野辺 翔,古賀 悠斗
西武,8月11日(金),蛭間 拓哉,源田 壮亮,ペイトン,マキノン,外崎 修汰,栗山 巧,佐藤 龍世,古賀 悠斗,長谷川 信哉
西武,8月12日(土),蛭間 拓哉,源田 壮亮,ペイトン,マキノン,外崎 修汰,中村 剛也,佐藤 龍世,古市 尊,長谷川 信哉
西武,8月13日(日),蛭間 拓哉,源田 壮亮,ペイトン,マキノン,外崎 修汰,中村 剛也,平沼 翔太,古賀 悠斗,長谷川 信哉
西武,8月15日(火),蛭間 拓哉,源田 壮亮,ペイトン,マキノン,外崎 修汰,中村 剛也,佐藤 龍世,古賀 悠斗,長谷川 信哉
西武,8月16日(水),蛭間 拓哉,源田 壮亮,ペイトン,マキノン,外崎 修汰,栗山 巧,佐藤 龍世,古賀 悠斗,長谷川 信哉
西武,8月17日(木),蛭間 拓哉,源田 壮亮,ペイトン,中村 剛也,外崎 修汰,マキノン,渡部 健人,古賀 悠斗,長谷川 信哉
西武,8月18日(金),蛭間 拓哉,源田 壮亮,ペイトン,中村 剛也,外崎 修汰,マキノン,渡部 健人,古賀 悠斗,長谷川 信哉
西武,8月19日(土),蛭間 拓哉,源田 壮亮,マキノン,中村 剛也,ペイトン,外崎 修汰,渡部 健人,古賀 悠斗,西川 愛也
西武,8月20日(日),蛭間 拓哉,源田 壮亮,ペイトン,マキノン,栗山 巧,外崎 修汰,佐藤 龍世,古市 尊,西川 愛也
西武,8月22日(火),蛭間 拓哉,源田 壮亮,ペイトン,マキノン,中村 剛也,外崎 修汰,佐藤 龍世,古賀 悠斗,西川 愛也
西武,8月23日(水),蛭間 拓哉,源田 壮亮,ペイトン,中村 剛也,マキノン,外崎 修汰,佐藤 龍世,古賀 悠斗,西川 愛也
西武,8月24日(木),蛭間 拓哉,源田 壮亮,マキノン,中村 剛也,外崎 修汰,渡部 健人,岸 潤一郎,古賀 悠斗,愛斗
西武,8月25日(金),源田 壮亮,ペイトン,マキノン,渡部 健人,外崎 修汰,佐藤 龍世,愛斗,柘植 世那,西川 愛也
西武,8月26日(土),源田 壮亮,ペイトン,マキノン,渡部 健人,中村 剛也,外崎 修汰,蛭間 拓哉,古賀 悠斗,西川 愛也
西武,8月27日(日),源田 壮亮,平沼 翔太,外崎 修汰,渡部 健人,中村 剛也,岸 潤一郎,蛭間 拓哉,古賀 悠斗,西川 愛也
西武,8月29日(火),源田 壮亮,佐藤 龍世,蛭間 拓哉,渡部 健人,中村 剛也,外崎 修汰,愛斗,柘植 世那,岸 潤一郎
西武,8月30日(水),源田 壮亮,ペイトン,中村 剛也,渡部 健人,蛭間 拓哉,外崎 修汰,平沼 翔太,古賀 悠斗,西川 愛也
西武,8月31日(木),源田 壮亮,岸 潤一郎,中村 剛也,渡部 健人,蛭間 拓哉,外崎 修汰,平沼 翔太,ペイトン,古賀 悠斗
西武,9月1日(金),源田 壮亮,岸 潤一郎,蛭間 拓哉,渡部 健人,栗山 巧,外崎 修汰,佐藤 龍世,柘植 世那,西川 愛也
西武,9月2日(土),源田 壮亮,ペイトン,中村 剛也,渡部 健人,蛭間 拓哉,外崎 修汰,佐藤 龍世,古賀 悠斗,西川 愛也
西武,9月3日(日),源田 壮亮,ペイトン,蛭間 拓哉,渡部 健人,栗山 巧,外崎 修汰,佐藤 龍世,柘植 世那,西川 愛也
西武,9月5日(火),源田 壮亮,ペイトン,蛭間 拓哉,渡部 健人,栗山 巧,外崎 修汰,佐藤 龍世,柘植 世那,愛斗
西武,9月6日(水),源田 壮亮,外崎 修汰,蛭間 拓哉,渡部 健人,中村 剛也,佐藤 龍世,愛斗,古賀 悠斗,西川 愛也
西武,9月8日(金),源田 壮亮,外崎 修汰,蛭間 拓哉,渡部 健人,中村 剛也,佐藤 龍世,ペイトン,柘植 世那,岸 潤一郎
西武,9月9日(土),源田 壮亮,外崎 修汰,蛭間 拓哉,渡部 健人,中村 剛也,佐藤 龍世,ペイトン,古賀 悠斗,岸 潤一郎
西武,9月10日(日),源田 壮亮,外崎 修汰,蛭間 拓哉,渡部 健人,栗山 巧,佐藤 龍世,ペイトン,柘植 世那,西川 愛也
西武,9月12日(火),源田 壮亮,外崎 修汰,蛭間 拓哉,マキノン,中村 剛也,佐藤 龍世,ペイトン,柘植 世那,西川 愛也
西武,9月13日(水),源田 壮亮,外崎 修汰,蛭間 拓哉,マキノン,栗山 巧,佐藤 龍世,ペイトン,古賀 悠斗,西川 愛也
西武,9月14日(木),源田 壮亮,外崎 修汰,蛭間 拓哉,マキノン,中村 剛也,佐藤 龍世,岸 潤一郎,愛斗,古賀 悠斗
西武,9月16日(土),源田 壮亮,外崎 修汰,蛭間 拓哉,マキノン,中村 剛也,佐藤 龍世,ペイトン,柘植 世那,愛斗
西武,9月17日(日),岸 潤一郎,源田 壮亮,佐藤 龍世,栗山 巧,愛斗,渡部 健人,外崎 修汰,古市 尊,西川 愛也
西武,9月18日(月),岸 潤一郎,源田 壮亮,佐藤 龍世,中村 剛也,愛斗,外崎 修汰,渡部 健人,柘植 世那,蛭間 拓哉
西武,9月19日(火),岸 潤一郎,源田 壮亮,マキノン,中村 剛也,佐藤 龍世,愛斗,蛭間 拓哉,古市 尊,児玉 亮涼
西武,9月20日(水),ペイトン,源田 壮亮,マキノン,栗山 巧,佐藤 龍世,愛斗,蛭間 拓哉,柘植 世那,児玉 亮涼
西武,9月21日(木),岸 潤一郎,蛭間 拓哉,マキノン,中村 剛也,佐藤 龍世,愛斗,渡部 健人,源田 壮亮,古賀 悠斗
西武,9月23日(土),岸 潤一郎,蛭間 拓哉,マキノン,栗山 巧,佐藤 龍世,愛斗,渡部 健人,源田 壮亮,柘植 世那
西武,9月24日(日),源田 壮亮,岸 潤一郎,マキノン,中村 剛也,佐藤 龍世,蛭間 拓哉,渡部 健人,西川 愛也,古賀 悠斗
西武,9月25日(月),岸 潤一郎,源田 壮亮,マキノン,栗山 巧,佐藤 龍世,外崎 修汰,山野辺 翔,柘植 世那,西川 愛也
西武,9月26日(火),山野辺 翔,源田 壮亮,佐藤 龍世,栗山 巧,マキノン,外崎 修汰,岸 潤一郎,西川 愛也,古賀 悠斗
西武,9月27日(水),岸 潤一郎,源田 壮亮,佐藤 龍世,中村 剛也,外崎 修汰,鈴木 将平,マキノン,愛斗,柘植 世那
西武,9月29日(金),外崎 修汰,源田 壮亮,佐藤 龍世,栗山 巧,マキノン,鈴木 将平,岸 潤一郎,古賀 悠斗,愛斗
西武,9月30日(土),岸 潤一郎,源田 壮亮,佐藤 龍世,中村 剛也,マキノン,鈴木 将平,外崎 修汰,西川 愛也,柘植 世那
西武,10月1日(日),岸 潤一郎,源田 壮亮,佐藤 龍世,渡部 健人,陽川 尚将,外崎 修汰,長谷川 信哉,古賀 悠斗,西川 愛也
西武,10月2日(月),長谷川 信哉,源田 壮亮,佐藤 龍世,渡部 健人,外崎 修汰,岸 潤一郎,山村 崇嘉,西川 愛也,古賀 悠斗
西武,10月3日(火),長谷川 信哉,源田 壮亮,佐藤 龍世,渡部 健人,陽川 尚将,山村 崇嘉,鈴木 将平,古賀 悠斗,西川 愛也
ロッテ,3月31日(金),荻野 貴司,中村 奨吾,山口 航輝,井上 晴哉,ポランコ,安田 尚憲,田村 龍弘,藤岡 裕大,藤原 恭大
ロッテ,4月1日(土),荻野 貴司,中村 奨吾,山口 航輝,ポランコ,安田 尚憲,井上 晴哉,田村 龍弘,藤岡 裕大,藤原 恭大
ロッテ,4月2日(日),岡 大海,友杉 篤輝,荻野 貴司,中村 奨吾,角中 勝也,山口 航輝,安田 尚憲,松川 虎生,藤原 恭大
ロッテ,4月4日(火),荻野 貴司,角中 勝也,中村 奨吾,山口 航輝,ポランコ,安田 尚憲,藤岡 裕大,佐藤 都志也,藤原 恭大
ロッテ,4月5日(水),荻野 貴司,角中 勝也,中村 奨吾,山口 航輝,ポランコ,茶谷 健太,藤岡 裕大,田村 龍弘,藤原 恭大
ロッテ,4月6日(木),荻野 貴司,友杉 篤輝,中村 奨吾,山口 航輝,ポランコ,茶谷 健太,岡 大海,松川 虎生,藤原 恭大
ロッテ,4月8日(土),藤原 恭大,友杉 篤輝,中村 奨吾,山口 航輝,ポランコ,岡 大海,安田 尚憲,田村 龍弘,平沢 大河
ロッテ,4月9日(日),藤原 恭大,藤岡 裕大,中村 奨吾,山口 航輝,ポランコ,安田 尚憲,岡 大海,佐藤 都志也,平沢 大河
ロッテ,4月11日(火),藤原 恭大,藤岡 裕大,中村 奨吾,山口 航輝,安田 尚憲,井上 晴哉,岡 大海,平沢 大河,松川 虎生
ロッテ,4月12日(水),藤原 恭大,友杉 篤輝,中村 奨吾,山口 航輝,ポランコ,安田 尚憲,井上 晴哉,田村 龍弘,平沢 大河
ロッテ,4月13日(木),藤原 恭大,藤岡 裕大,中村 奨吾,山口 航輝,ポランコ,佐藤 都志也,安田 尚憲,田村 龍弘,平沢 大河
ロッテ,4月14日(金),藤原 恭大,藤岡 裕大,中村 奨吾,山口 航輝,安田 尚憲,ポランコ,茶谷 健太,佐藤 都志也,平沢 大河
ロッテ,4月16日(日),藤原 恭大,友杉 篤輝,中村 奨吾,山口 航輝,安田 尚憲,茶谷 健太,井上 晴哉,佐藤 都志也,岡 大海
ロッテ,4月18日(火),藤原 恭大,友杉 篤輝,中村 奨吾,山口 航輝,安田 尚憲,茶谷 健太,ポランコ,田村 龍弘,平沢 大河
ロッテ,4月19日(水),藤原 恭大,友杉 篤輝,中村 奨吾,山口 航輝,安田 尚憲,茶谷 健太,井上 晴哉,江村 直也,平沢 大河
ロッテ,4月20日(木),藤原 恭大,藤岡 裕大,中村 奨吾,山口 航輝,安田 尚憲,井上 晴哉,ポランコ,田村 龍弘,平沢 大河
ロッテ,4月21日(金),藤原 恭大,藤岡 裕大,中村 奨吾,山口 航輝,安田 尚憲,角中 勝也,小川 龍成,佐藤 都志也,平沢 大河
ロッテ,4月22日(土),藤原 恭大,友杉 篤輝,中村 奨吾,山口 航輝,安田 尚憲,井上 晴哉,ポランコ,田村 龍弘,平沢 大河
ロッテ,4月23日(日),平沢 大河,藤岡 裕大,中村 奨吾,山口 航輝,安田 尚憲,井上 晴哉,佐藤 都志也,大下 誠一郎,岡 大海
ロッテ,4月25日(火),平沢 大河,藤岡 裕大,中村 奨吾,山口 航輝,安田 尚憲,井上 晴哉,ポランコ,江村 直也,藤原 恭大
ロッテ,4月26日(水),平沢 大河,友杉 篤輝,中村 奨吾,山口 航輝,安田 尚憲,佐藤 都志也,井上 晴哉,田村 龍弘,藤原 恭大
ロッテ,4月28日(金),平沢 大河,藤岡 裕大,角中 勝也,山口 航輝,安田 尚憲,中村 奨吾,ポランコ,佐藤 都志也,藤原 恭大
ロッテ,4月29日(土),平沢 大河,藤岡 裕大,井上 晴哉,安田 尚憲,角中 勝也,中村 奨吾,茶谷 健太,田村 龍弘,藤原 恭大
ロッテ,4月30日(日),平沢 大河,友杉 篤輝,角中 勝也,井上 晴哉,安田 尚憲,中村 奨吾,ポランコ,佐藤 都志也,藤原 恭大
ロッテ,5月2日(火),平沢 大河,藤岡 裕大,藤原 恭大,井上 晴哉,安田 尚憲,中村 奨吾,ポランコ,田村 龍弘,和田 康士朗
ロッテ,5月3日(水),平沢 大河,藤岡 裕大,藤原 恭大,安田 尚憲,井上 晴哉,ポランコ,中村 奨吾,田村 龍弘,和田 康士朗
ロッテ,5月4日(木),藤原 恭大,友杉 篤輝,佐藤 都志也,安田 尚憲,ポランコ,中村 奨吾,平沢 大河,江村 直也,和田 康士朗
ロッテ,5月5日(金),藤原 恭大,藤岡 裕大,安田 尚憲,井上 晴哉,ポランコ,中村 奨吾,佐藤 都志也,和田 康士朗,岡 大海
ロッテ,5月6日(土),藤原 恭大,池田 来翔,中村 奨吾,井上 晴哉,ポランコ,茶谷 健太,平沢 大河,田村 龍弘,岡 大海
ロッテ,5月9日(火),池田 来翔,角中 勝也,中村 奨吾,井上 晴哉,ポランコ,茶谷 健太,佐藤 都志也,和田 康士朗,藤原 恭大
ロッテ,5月10日(水),池田 来翔,藤岡 裕大,中村 奨吾,井上 晴哉,ポランコ,岡 大海,平沢 大河,田村 龍弘,藤原 恭大
ロッテ,5月11日(木),池田 来翔,藤岡 裕大,中村 奨吾,ポランコ,茶谷 健太,安田 尚憲,岡 大海,田村 龍弘,藤原 恭大
ロッテ,5月13日(土),池田 来翔,藤岡 裕大,藤原 恭大,中村 奨吾,茶谷 健太,安田 尚憲,平沢 大河,江村 直也,和田 康士朗
ロッテ,5月14日(日),友杉 篤輝,藤原 恭大,中村 奨吾,井上 晴哉,茶谷 健太,安田 尚憲,岡 大海,田村 龍弘,和田 康士朗
ロッテ,5月16日(火),友杉 篤輝,藤原 恭大,中村 奨吾,井上 晴哉,茶谷 健太,安田 尚憲,岡 大海,佐藤 都志也,和田 康士朗
ロッテ,5月17日(水),平沢 大河,藤岡 裕大,中村 奨吾,茶谷 健太,安田 尚憲,岡 大海,大下 誠一郎,田村 龍弘,和田 康士朗
ロッテ,5月18日(木),平沢 大河,藤岡 裕大,中村 奨吾,茶谷 健太,安田 尚憲,ポランコ,角中 勝也,田村 龍弘,岡 大海
ロッテ,5月20日(土),池田 来翔,友杉 篤輝,中村 奨吾,ポランコ,安田 尚憲,岡 大海,角中 勝也,田村 龍弘,平沢 大河
ロッテ,5月21日(日),池田 来翔,藤岡 裕大,中村 奨吾,ポランコ,安田 尚憲,角中 勝也,岡 大海,佐藤 都志也,平沢 大河
ロッテ,5月24日(水),池田 来翔,藤岡 裕大,中村 奨吾,ポランコ,安田 尚憲,岡 大海,山本 大斗,田村 龍弘,和田 康士朗
ロッテ,5月27日(土),池田 来翔,友杉 篤輝,中村 奨吾,ポランコ,安田 尚憲,茶谷 健太,山本 大斗,佐藤 都志也,岡 大海
ロッテ,5月28日(日),池田 来翔,藤岡 裕大,中村 奨吾,ポランコ,安田 尚憲,山口 航輝,岡 大海,佐藤 都志也,平沢 大河
ロッテ,5月30日(火),池田 来翔,友杉 篤輝,中村 奨吾,ポランコ,安田 尚憲,山口 航輝,平沢 大河,田村 龍弘,和田 康士朗
ロッテ,5月31日(水),岡 大海,藤岡 裕大,中村 奨吾,ポランコ,山口 航輝,安田 尚憲,佐藤 都志也,田村 龍弘,小川 龍成
ロッテ,6月1日(木),岡 大海,藤岡 裕大,中村 奨吾,ポランコ,山口 航輝,安田 尚憲,角中 勝也,佐藤 都志也,植田 将太
ロッテ,6月3日(土),岡 大海,藤岡 裕大,中村 奨吾,ポランコ,茶谷 健太,安田 尚憲,山口 航輝,佐藤 都志也,種市 篤暉
ロッテ,6月4日(日),友杉 篤輝,岡 大海,中村 奨吾,ポランコ,安田 尚憲,山口 航輝,平沢 大河,佐藤 都志也,佐々木 朗希
ロッテ,6月5日(月),岡 大海,友杉 篤輝,中村 奨吾,ポランコ,山口 航輝,安田 尚憲,茶谷 健太,田村 龍弘,小島 和哉
ロッテ,6月6日(火),池田 来翔,藤岡 裕大,中村 奨吾,ポランコ,山口 航輝,安田 尚憲,岡 大海,田村 龍弘,和田 康士朗
ロッテ,6月7日(水),池田 来翔,藤岡 裕大,中村 奨吾,山口 航輝,ポランコ,茶谷 健太,安田 尚憲,田村 龍弘,岡 大海
ロッテ,6月8日(木),池田 来翔,友杉 篤輝,中村 奨吾,ポランコ,山口 航輝,安田 尚憲,角中 勝也,佐藤 都志也,和田 康士朗
ロッテ,6月9日(金),池田 来翔,藤岡 裕大,中村 奨吾,山口 航輝,ポランコ,岡 大海,安田 尚憲,田村 龍弘,和田 康士朗
ロッテ,6月10日(土),池田 来翔,藤岡 裕大,中村 奨吾,ポランコ,山口 航輝,角中 勝也,安田 尚憲,植田 将太,岡 大海
ロッテ,6月11日(日),岡 大海,藤岡 裕大,中村 奨吾,山口 航輝,茶谷 健太,角中 勝也,大下 誠一郎,佐藤 都志也,藤原 恭大
ロッテ,6月13日(火),岡 大海,藤岡 裕大,中村 奨吾,山口 航輝,藤原 恭大,茶谷 健太,安田 尚憲,田村 龍弘,小島 和哉
ロッテ,6月14日(水),藤原 恭大,藤岡 裕大,中村 奨吾,山口 航輝,安田 尚憲,岡 大海,菅野 剛士,佐藤 都志也,種市 篤暉
ロッテ,6月15日(木),藤原 恭大,友杉 篤輝,中村 奨吾,山口 航輝,安田 尚憲,角中 勝也,池田 来翔,田村 龍弘,美馬 学
ロッテ,6月16日(金),岡 大海,藤岡 裕大,中村 奨吾,山口 航輝,角中 勝也,安田 尚憲,田村 龍弘,菅野 剛士,メルセデス
ロッテ,6月17日(土),藤原 恭大,友杉 篤輝,中村 奨吾,山口 航輝,角中 勝也,安田 尚憲,岡 大海,佐藤 都志也,カスティーヨ
ロッテ,6月18日(日),岡 大海,藤岡 裕大,中村 奨吾,山口 航輝,藤原 恭大,茶谷 健太,安田 尚憲,佐藤 都志也,佐々木 朗希
ロッテ,6月23日(金),藤原 恭大,友杉 篤輝,中村 奨吾,ポランコ,山口 航輝,角中 勝也,安田 尚憲,佐藤 都志也,茶谷 健太
ロッテ,6月24日(土),藤原 恭大,友杉 篤輝,中村 奨吾,ポランコ,山口 航輝,角中 勝也,田村 龍弘,安田 尚憲,岡 大海
ロッテ,6月25日(日),藤原 恭大,福田 秀平,中村 奨吾,ポランコ,山口 航輝,角中 勝也,田村 龍弘,安田 尚憲,茶谷 健太
ロッテ,6月27日(火),友杉 篤輝,角中 勝也,中村 奨吾,ポランコ,山口 航輝,安田 尚憲,岡 大海,佐藤 都志也,藤原 恭大
ロッテ,6月28日(水),池田 来翔,友杉 篤輝,中村 奨吾,山口 航輝,福田 秀平,岡 大海,安田 尚憲,田村 龍弘,藤原 恭大
ロッテ,6月30日(金),池田 来翔,友杉 篤輝,中村 奨吾,ポランコ,山口 航輝,井上 晴哉,角中 勝也,田村 龍弘,藤原 恭大
ロッテ,7月1日(土),岡 大海,藤岡 裕大,中村 奨吾,ポランコ,山口 航輝,安田 尚憲,井上 晴哉,柿沼 友哉,和田 康士朗
ロッテ,7月2日(日),岡 大海,藤岡 裕大,中村 奨吾,ポランコ,山口 航輝,安田 尚憲,井上 晴哉,田村 龍弘,藤原 恭大
ロッテ,7月4日(火),池田 来翔,藤岡 裕大,中村 奨吾,ポランコ,山口 航輝,安田 尚憲,佐藤 都志也,田村 龍弘,藤原 恭大
ロッテ,7月5日(水),池田 来翔,角中 勝也,中村 奨吾,ポランコ,山口 航輝,安田 尚憲,佐藤 都志也,友杉 篤輝,藤原 恭大
ロッテ,7月6日(木),友杉 篤輝,角中 勝也,中村 奨吾,ポランコ,山口 航輝,安田 尚憲,茶谷 健太,田村 龍弘,藤原 恭大
ロッテ,7月8日(土),藤岡 裕大,角中 勝也,中村 奨吾,ポランコ,山口 航輝,安田 尚憲,井上 晴哉,田村 龍弘,藤原 恭大
ロッテ,7月9日(日),藤岡 裕大,角中 勝也,中村 奨吾,ポランコ,山口 航輝,安田 尚憲,石川 慎吾,柿沼 友哉,藤原 恭大
ロッテ,7月11日(火),藤岡 裕大,中村 奨吾,石川 慎吾,ポランコ,山口 航輝,安田 尚憲,茶谷 健太,田村 龍弘,藤原 恭大
ロッテ,7月12日(水),藤岡 裕大,ポランコ,安田 尚憲,中村 奨吾,山口 航輝,角中 勝也,井上 晴哉,佐藤 都志也,藤原 恭大
ロッテ,7月15日(土),岡 大海,藤岡 裕大,中村 奨吾,山口 航輝,ポランコ,安田 尚憲,石川 慎吾,佐藤 都志也,藤原 恭大
ロッテ,7月16日(日),岡 大海,ポランコ,中村 奨吾,山口 航輝,角中 勝也,友杉 篤輝,安田 尚憲,田村 龍弘,藤原 恭大
ロッテ,7月17日(月),岡 大海,ポランコ,石川 慎吾,中村 奨吾,山口 航輝,安田 尚憲,藤岡 裕大,柿沼 友哉,藤原 恭大
ロッテ,7月22日(土),藤岡 裕大,中村 奨吾,山口 航輝,ポランコ,石川 慎吾,安田 尚憲,岡 大海,田村 龍弘,平沢 大河
ロッテ,7月23日(日),藤岡 裕大,中村 奨吾,安田 尚憲,ポランコ,角中 勝也,山口 航輝,岡 大海,佐藤 都志也,平沢 大河
ロッテ,7月24日(月),友杉 篤輝,中村 奨吾,安田 尚憲,ポランコ,山口 航輝,岡 大海,茶谷 健太,佐藤 都志也,平沢 大河
ロッテ,7月25日(火),藤岡 裕大,中村 奨吾,荻野 貴司,ポランコ,山口 航輝,角中 勝也,安田 尚憲,田村 龍弘,岡 大海
ロッテ,7月26日(水),荻野 貴司,友杉 篤輝,山口 航輝,ポランコ,中村 奨吾,安田 尚憲,平沢 大河,田村 龍弘,和田 康士朗
ロッテ,7月28日(金),岡 大海,友杉 篤輝,角中 勝也,ポランコ,山口 航輝,中村 奨吾,安田 尚憲,荻野 貴司,柿沼 友哉
ロッテ,7月29日(土),荻野 貴司,藤岡 裕大,石川 慎吾,ポランコ,山口 航輝,中村 奨吾,安田 尚憲,佐藤 都志也,和田 康士朗
ロッテ,7月30日(日),岡 大海,藤岡 裕大,石川 慎吾,中村 奨吾,山口 航輝,安田 尚憲,平沢 大河,佐藤 都志也,荻野 貴司
ロッテ,8月1日(火),荻野 貴司,藤岡 裕大,石川 慎吾,ポランコ,山口 航輝,中村 奨吾,ブロッソー,田村 龍弘,岡 大海
ロッテ,8月2日(水),岡 大海,友杉 篤輝,石川 慎吾,山口 航輝,中村 奨吾,ブロッソー,安田 尚憲,田村 龍弘,荻野 貴司
ロッテ,8月3日(木),平沢 大河,藤岡 裕大,角中 勝也,ポランコ,山口 航輝,中村 奨吾,ブロッソー,佐藤 都志也,和田 康士朗
ロッテ,8月4日(金),平沢 大河,中村 奨吾,山口 航輝,ポランコ,岡 大海,ブロッソー,友杉 篤輝,柿沼 友哉,荻野 貴司
ロッテ,8月5日(土),平沢 大河,藤岡 裕大,山口 航輝,ポランコ,中村 奨吾,岡 大海,ブロッソー,田村 龍弘,荻野 貴司
ロッテ,8月6日(日),荻野 貴司,友杉 篤輝,角中 勝也,ポランコ,山口 航輝,安田 尚憲,ブロッソー,佐藤 都志也,和田 康士朗
ロッテ,8月8日(火),荻野 貴司,藤岡 裕大,山口 航輝,ポランコ,中村 奨吾,安田 尚憲,ブロッソー,佐藤 都志也,藤原 恭大
ロッテ,8月9日(水),荻野 貴司,友杉 篤輝,石川 慎吾,ポランコ,山口 航輝,中村 奨吾,ブロッソー,田村 龍弘,藤原 恭大
ロッテ,8月10日(木),荻野 貴司,藤岡 裕大,ブロッソー,ポランコ,山口 航輝,中村 奨吾,岡 大海,安田 尚憲,柿沼 友哉
ロッテ,8月11日(金),友杉 篤輝,角中 勝也,ブロッソー,ポランコ,岡 大海,茶谷 健太,安田 尚憲,田村 龍弘,藤原 恭大
ロッテ,8月12日(土),荻野 貴司,藤岡 裕大,ブロッソー,ポランコ,山口 航輝,中村 奨吾,安田 尚憲,田村 龍弘,藤原 恭大
ロッテ,8月13日(日),荻野 貴司,藤岡 裕大,ブロッソー,ポランコ,山口 航輝,中村 奨吾,安田 尚憲,佐藤 都志也,藤原 恭大
ロッテ,8月15日(火),荻野 貴司,中村 奨吾,ブロッソー,ポランコ,山口 航輝,石川 慎吾,茶谷 健太,田村 龍弘,藤原 恭大
ロッテ,8月16日(水),荻野 貴司,藤岡 裕大,角中 勝也,ポランコ,中村 奨吾,ブロッソー,安田 尚憲,佐藤 都志也,藤原 恭大
ロッテ,8月17日(木),友杉 篤輝,中村 奨吾,石川 慎吾,山口 航輝,岡 大海,安田 尚憲,茶谷 健太,田村 龍弘,藤原 恭大
ロッテ,8月18日(金),荻野 貴司,藤岡 裕大,中村 奨吾,ポランコ,ブロッソー,安田 尚憲,山口 航輝,藤原 恭大,柿沼 友哉
ロッテ,8月19日(土),荻野 貴司,藤岡 裕大,中村 奨吾,ポランコ,安田 尚憲,ブロッソー,山口 航輝,佐藤 都志也,藤原 恭大
ロッテ,8月20日(日),荻野 貴司,藤原 恭大,中村 奨吾,ポランコ,山口 航輝,安田 尚憲,ブロッソー,佐藤 都志也,友杉 篤輝
ロッテ,8月22日(火),荻野 貴司,藤原 恭大,中村 奨吾,ポランコ,山口 航輝,ブロッソー,安田 尚憲,田村 龍弘,茶谷 健太
ロッテ,8月23日(水),荻野 貴司,藤岡 裕大,中村 奨吾,ポランコ,山口 航輝,岡 大海,安田 尚憲,ブロッソー,佐藤 都志也
ロッテ,8月24日(木),藤原 恭大,藤岡 裕大,中村 奨吾,ポランコ,石川 慎吾,安田 尚憲,ブロッソー,田村 龍弘,岡 大海
ロッテ,8月25日(金),藤原 恭大,山口 航輝,中村 奨吾,ポランコ,石川 慎吾,岡 大海,ブロッソー,茶谷 健太,柿沼 友哉
ロッテ,8月26日(土),藤原 恭大,山口 航輝,中村 奨吾,ポランコ,石川 慎吾,岡 大海,安田 尚憲,田村 龍弘,友杉 篤輝
ロッテ,8月27日(日),藤原 恭大,藤岡 裕大,角中 勝也,ポランコ,安田 尚憲,岡 大海,ブロッソー,佐藤 都志也,小川 龍成
ロッテ,8月29日(火),藤原 恭大,藤岡 裕大,中村 奨吾,ポランコ,安田 尚憲,岡 大海,佐藤 都志也,山口 航輝,和田 康士朗
ロッテ,8月30日(水),藤原 恭大,藤岡 裕大,中村 奨吾,ポランコ,角中 勝也,山口 航輝,佐藤 都志也,安田 尚憲,和田 康士朗
ロッテ,8月31日(木),友杉 篤輝,角中 勝也,中村 奨吾,ポランコ,山口 航輝,岡 大海,安田 尚憲,田村 龍弘,小川 龍成
ロッテ,9月1日(金),岡 大海,藤岡 裕大,中村 奨吾,ポランコ,山口 航輝,石川 慎吾,安田 尚憲,田村 龍弘,藤原 恭大
ロッテ,9月2日(土),岡 大海,角中 勝也,中村 奨吾,ポランコ,山口 航輝,安田 尚憲,茶谷 健太,柿沼 友哉,藤原 恭大
ロッテ,9月3日(日),岡 大海,藤岡 裕大,中村 奨吾,ポランコ,山口 航輝,石川 慎吾,安田 尚憲,田村 龍弘,藤原 恭大
ロッテ,9月5日(火),荻野 貴司,藤岡 裕大,中村 奨吾,ポランコ,角中 勝也,山口 航輝,佐藤 都志也,安田 尚憲,岡 大海
ロッテ,9月6日(水),荻野 貴司,藤岡 裕大,中村 奨吾,ポランコ,山口 航輝,佐藤 都志也,田村 龍弘,安田 尚憲,藤原 恭大
ロッテ,9月7日(木),荻野 貴司,角中 勝也,中村 奨吾,ポランコ,山口 航輝,安田 尚憲,茶谷 健太,田村 龍弘,藤原 恭大
ロッテ,9月9日(土),荻野 貴司,藤岡 裕大,中村 奨吾,ポランコ,山口 航輝,角中 勝也,安田 尚憲,田村 龍弘,藤原 恭大
ロッテ,9月10日(日),荻野 貴司,友杉 篤輝,中村 奨吾,ポランコ,石川 慎吾,山口 航輝,安田 尚憲,佐藤 都志也,岡 大海
ロッテ,9月12日(火),荻野 貴司,藤岡 裕大,中村 奨吾,ポランコ,角中 勝也,山口 航輝,佐藤 都志也,安田 尚憲,藤原 恭大
ロッテ,9月13日(水),荻野 貴司,藤岡 裕大,中村 奨吾,ポランコ,山口 航輝,石川 慎吾,ブロッソー,岡 大海,柿沼 友哉
ロッテ,9月16日(土),荻野 貴司,藤岡 裕大,中村 奨吾,ポランコ,角中 勝也,ブロッソー,岡 大海,山口 航輝,田村 龍弘
ロッテ,9月17日(日),荻野 貴司,中村 奨吾,石川 慎吾,ポランコ,ブロッソー,岡 大海,山口 航輝,佐藤 都志也,友杉 篤輝
ロッテ,9月18日(月),岡 大海,藤岡 裕大,中村 奨吾,ポランコ,角中 勝也,山口 航輝,安田 尚憲,田村 龍弘,藤原 恭大
ロッテ,9月19日(火),荻野 貴司,藤岡 裕大,山口 航輝,ポランコ,角中 勝也,安田 尚憲,茶谷 健太,佐藤 都志也,藤原 恭大
ロッテ,9月20日(水),荻野 貴司,岡 大海,ブロッソー,山口 航輝,中村 奨吾,石川 慎吾,安田 尚憲,田村 龍弘,友杉 篤輝
ロッテ,9月21日(木),荻野 貴司,藤岡 裕大,ポランコ,山口 航輝,安田 尚憲,岡 大海,中村 奨吾,柿沼 友哉,藤原 恭大
ロッテ,9月23日(土),荻野 貴司,友杉 篤輝,角中 勝也,ポランコ,井上 晴哉,藤原 恭大,中村 奨吾,安田 尚憲,田村 龍弘
ロッテ,9月24日(日),荻野 貴司,友杉 篤輝,ポランコ,角中 勝也,佐藤 都志也,ブロッソー,中村 奨吾,茶谷 健太,和田 康士朗
ロッテ,9月25日(月),平沢 大河,石川 慎吾,ブロッソー,ポランコ,井上 晴哉,佐藤 都志也,中村 奨吾,茶谷 健太,和田 康士朗
ロッテ,9月26日(火),藤原 恭大,角中 勝也,ブロッソー,ポランコ,中村 奨吾,茶谷 健太,田村 龍弘,池田 来翔,和田 康士朗
ロッテ,9月27日(水),ブロッソー,石川 慎吾,角中 勝也,ポランコ,中村 奨吾,茶谷 健太,佐藤 都志也,田村 龍弘,和田 康士朗
ロッテ,9月28日(木),荻野 貴司,ブロッソー,石川 慎吾,ポランコ,茶谷 健太,佐藤 都志也,岡 大海,中村 奨吾,柿沼 友哉
ロッテ,9月30日(土),荻野 貴司,藤岡 裕大,角中 勝也,ポランコ,山口 航輝,岡 大海,ブロッソー,佐藤 都志也,茶谷 健太
ロッテ,10月1日(日),荻野 貴司,友杉 篤輝,石川 慎吾,ポランコ,山口 航輝,ブロッソー,佐藤 都志也,茶谷 健太,和田 康士朗
ロッテ,10月2日(月),荻野 貴司,藤岡 裕大,石川 慎吾,ポランコ,山口 航輝,岡 大海,中村 奨吾,松川 虎生,ブロッソー
ロッテ,10月3日(火),岡 大海,藤岡 裕大,角中 勝也,ポランコ,山口 航輝,安田 尚憲,中村 奨吾,松川 虎生,和田 康士朗
ロッテ,10月4日(水),荻野 貴司,藤岡 裕大,石川 慎吾,ポランコ,山口 航輝,岡 大海,ブロッソー,松川 虎生,中村 奨吾
ロッテ,10月6日(金),藤原 恭大,藤岡 裕大,角中 勝也,ポランコ,山口 航輝,岡 大海,安田 尚憲,佐藤 都志也,中村 奨吾
ロッテ,10月7日(土),荻野 貴司,藤岡 裕大,石川 慎吾,ポランコ,山口 航輝,岡 大海,ブロッソー,田村 龍弘,中村 奨吾
ロッテ,10月10日(火),荻野 貴司,藤岡 裕大,角中 勝也,ポランコ,山口 航輝,岡 大海,安田 尚憲,佐藤 都志也,中村 奨吾
